{
    "3000.0": {
        "exp-2": 0.2661988287093878, 
        "exp-1": 0.30466637171335226, 
        "exp0": 0.3549317716125171, 
        "exp+1": 0.41311951989998835, 
        "exp+2": 0.4704048509637161, 
        "obs": 0.36443757197941473
    }, 
    "2500.0": {
        "exp-2": 0.22419288831690223, 
        "exp-1": 0.2571847381999723, 
        "exp0": 0.298923851089203, 
        "exp+1": 0.34895181887035503, 
        "exp+2": 0.3975968749380682, 
        "obs": 0.3073915848766567
    }, 
    "3500.0": {
        "exp-2": 0.30782637976321164, 
        "exp-1": 0.3523093872907291, 
        "exp0": 0.41043517301761556, 
        "exp+1": 0.47842445283487617, 
        "exp+2": 0.5444355917581751, 
        "obs": 0.42174148679989887
    }, 
    "1000.0": {
        "exp-2": 0.10492481264502572, 
        "exp-1": 0.11946936108440122, 
        "exp0": 0.13799626353637262, 
        "exp+1": 0.1613267771500633, 
        "exp+2": 0.18302550540758414, 
        "obs": 0.14323342204955775
    }, 
    "2000.0": {
        "exp-2": 0.1838014118127905, 
        "exp-1": 0.20987348287646362, 
        "exp0": 0.24506854908372067, 
        "exp+1": 0.28566456259891443, 
        "exp+2": 0.32507944190673754, 
        "obs": 0.25162494609444497
    }, 
    "4000.0": {
        "exp-2": 0.3499965122594081, 
        "exp-1": 0.40057339102274253, 
        "exp0": 0.46666201634587745, 
        "exp+1": 0.5431668859996198, 
        "exp+2": 0.6184852814106488, 
        "obs": 0.47937191974553295
    }, 
    "1500.0": {
        "exp-2": 0.14252460468092212, 
        "exp-1": 0.16412897125808654, 
        "exp0": 0.19136638615493579, 
        "exp+1": 0.22306655422854094, 
        "exp+2": 0.2543179328977517, 
        "obs": 0.19671972809066612
    }
}