{
    "5000.0": {
        "exp-2": 2.768536602950194, 
        "exp-1": 2.9925243696018806, 
        "exp0": 3.2834813841409245, 
        "exp+1": 3.6374163588513153, 
        "exp+2": 4.007103334858045, 
        "obs": 3.3163643526407043
    }, 
    "3000.0": {
        "exp-2": 1.745398875996007, 
        "exp-1": 1.8853158098365972, 
        "exp0": 2.072890493972125, 
        "exp+1": 2.292600429918438, 
        "exp+2": 2.526821642663084, 
        "obs": 2.0869610425459295
    }, 
    "2500.0": {
        "exp-2": 1.4975362253026636, 
        "exp-1": 1.6186805503999744, 
        "exp0": 1.7809758560968758, 
        "exp+1": 1.9665331393780514, 
        "exp+2": 2.168489740679473, 
        "obs": 1.7883361904316217
    }, 
    "4500.0": {
        "exp-2": 2.5074595740759213, 
        "exp-1": 2.7103249685114372, 
        "exp0": 2.9738443133425796, 
        "exp+1": 3.294402727746043, 
        "exp+2": 3.637849199765149, 
        "obs": 3.0048354316989263
    }, 
    "3500.0": {
        "exp-2": 1.996976474338769, 
        "exp-1": 2.1585413603028742, 
        "exp0": 2.368411915187052, 
        "exp+1": 2.623709225058343, 
        "exp+2": 2.8903684760014574, 
        "obs": 2.388778992907894
    }, 
    "1000.0": {
        "exp-2": 0.8095650114799305, 
        "exp-1": 0.8750626677823633, 
        "exp0": 0.960143218483576, 
        "exp+1": 1.0619107463673334, 
        "exp+2": 1.1703998181678645, 
        "obs": 0.9492991403128975
    }, 
    "2000.0": {
        "exp-2": 1.2581521280607326, 
        "exp-1": 1.3599426136812183, 
        "exp0": 1.4921670482891654, 
        "exp+1": 1.6530116109053692, 
        "exp+2": 1.8210145963390727, 
        "obs": 1.4976800132676107
    }, 
    "4000.0": {
        "exp-2": 2.2493759985410398, 
        "exp-1": 2.434707019577345, 
        "exp0": 2.675116819879087, 
        "exp+1": 2.9586578692591514, 
        "exp+2": 3.2609262931422784, 
        "obs": 2.698080712510562
    }, 
    "1500.0": {
        "exp-2": 1.0272769108485307, 
        "exp-1": 1.1103884943286302, 
        "exp0": 1.2183492931011204, 
        "exp+1": 1.3496783138173627, 
        "exp+2": 1.4868521650051307, 
        "obs": 1.2157967093368307
    }
}