{
    "5000.0": {
        "exp-2": 2.577367312903809, 
        "exp-1": 2.785888575596599, 
        "exp0": 3.056754815159371, 
        "exp+1": 3.3862504294315263, 
        "exp+2": 3.730410206919562, 
        "obs": 3.1173841412284427
    }, 
    "3000.0": {
        "exp-2": 1.6247840150934292, 
        "exp-1": 1.7550370748793456, 
        "exp0": 1.9243505397925815, 
        "exp+1": 2.1317812484038186, 
        "exp+2": 2.348443684725254, 
        "obs": 1.9548009527888597
    }, 
    "2500.0": {
        "exp-2": 1.394263148248027, 
        "exp-1": 1.5070656621710996, 
        "exp0": 1.653594569415369, 
        "exp+1": 1.825880188519934, 
        "exp+2": 2.0133921949780027, 
        "obs": 1.6728970276963449
    }, 
    "4500.0": {
        "exp-2": 2.3394491789601886, 
        "exp-1": 2.5252752550624193, 
        "exp0": 2.766992952647332, 
        "exp+1": 3.065254374118363, 
        "exp+2": 3.376789889960212, 
        "obs": 2.823607386740717
    }, 
    "3500.0": {
        "exp-2": 1.858685533935878, 
        "exp-1": 2.009062025693457, 
        "exp0": 2.2043990110685496, 
        "exp+1": 2.438047787661902, 
        "exp+2": 2.6871285292703444, 
        "obs": 2.2399169277273794
    }, 
    "1000.0": {
        "exp-2": 0.7528935880207857, 
        "exp-1": 0.8126970932401708, 
        "exp0": 0.8904879280484379, 
        "exp+1": 0.9832665696890257, 
        "exp+2": 1.0790282073483612, 
        "obs": 0.8760171688406888
    }, 
    "2000.0": {
        "exp-2": 1.1712758885212526, 
        "exp-1": 1.2643154574906552, 
        "exp0": 1.3891319231808044, 
        "exp+1": 1.533863561976036, 
        "exp+2": 1.6913863746937765, 
        "obs": 1.3977552870190242
    }, 
    "4000.0": {
        "exp-2": 2.094711766046226, 
        "exp-1": 2.267259731496036, 
        "exp0": 2.484325864293974, 
        "exp+1": 2.7521178153623818, 
        "exp+2": 3.0318278912132324, 
        "obs": 2.5315651517248674
    }, 
    "1500.0": {
        "exp-2": 0.9544048783797158, 
        "exp-1": 1.0316207681613228, 
        "exp0": 1.1319231422671772, 
        "exp+1": 1.2498565591527018, 
        "exp+2": 1.3782128165502043, 
        "obs": 1.131401561118191
    }
}