{
    "4000.0": {
        "exp-2": 0.98402153208481, 
        "exp-1": 1.1271913167636638, 
        "exp0": 1.3451301229560342, 
        "exp+1": 1.6704013069317627, 
        "exp+2": 2.1077823984585575, 
        "obs": 1.1481002163986573
    }
}