{
    "1000.0": {
        "exp-2": 0.36548599714573404, 
        "exp-1": 0.41757823847741493, 
        "exp0": 0.4996092282579101, 
        "exp+1": 0.6212230044050907, 
        "exp+2": 0.7556549505540707, 
        "obs": 0.426449757326376
    }
}