{
    "5000.0": {
        "exp-2": 0.5580881671776871, 
        "exp-1": 0.6744882418538697, 
        "exp0": 0.8714212392167993, 
        "exp+1": 1.2362070611915925, 
        "exp+2": 1.5175793818366738, 
        "obs": 0.8814965137179462
    }
}