{
    "4000.0": {
        "exp-2": 1.1240230132764186, 
        "exp-1": 1.2851725754092267, 
        "exp0": 1.5309310892394863, 
        "exp+1": 1.898672897752349, 
        "exp+2": 2.3924229661105483, 
        "obs": 1.3825670870078142
    }
}