{
    "5500.0": {
        "exp-2": 1.179144121545369, 
        "exp-1": 1.3496962876772414, 
        "exp0": 1.617772388193098, 
        "exp+1": 2.014158439866693, 
        "exp+2": 2.54261367123644, 
        "obs": 1.6038019241764208
    }
}