{
    "1000.0": {
        "exp-2": 0.2262507958161073, 
        "exp-1": 0.3433363766828545, 
        "exp0": 0.42961647140211, 
        "exp+1": 0.5244635872924599, 
        "exp+2": 0.6431834839159934, 
        "obs": 0.38990420401941867
    }
}