{
    "1500.0": {
        "exp-2": 0.5864581020573848, 
        "exp-1": 0.6263375275562634, 
        "exp0": 0.691748238161833, 
        "exp+1": 0.794422001862552, 
        "exp+2": 0.9340822226827757, 
        "obs": 0.329257690448377
    }
}