{
    "1500.0": {
        "exp-2": 0.45492302211988295, 
        "exp-1": 0.5211118589168588, 
        "exp0": 0.6218671481916375, 
        "exp+1": 0.7732406905261661, 
        "exp+2": 0.9770716141172134, 
        "obs": 0.5280573584167996
    }
}