{
    "5000.0": {
        "exp-2": 1.2082935140340794, 
        "exp-1": 1.3840936878692935, 
        "exp0": 1.651703694785306, 
        "exp+1": 2.053757837968986, 
        "exp+2": 2.588995378875439, 
        "obs": 1.4122482094226407
    }
}