{
    "1000.0": {
        "exp-2": 0.3284968131504475, 
        "exp-1": 0.3769986614335073, 
        "exp0": 0.45069390943299864, 
        "exp+1": 0.5611227712453122, 
        "exp+2": 0.7083446885115058, 
        "obs": 0.4460717054683381
    }
}