{
    "2000.0": {
        "exp-2": 0.5915821806489868, 
        "exp-1": 0.674666063393102, 
        "exp0": 0.8057411110766727, 
        "exp+1": 0.9992865461147169, 
        "exp+2": 1.2591510545194862, 
        "obs": 0.7308459079965236
    }
}