{
    "3500.0": {
        "exp-2": 0.4999389611180049, 
        "exp-1": 0.6316602601235575, 
        "exp0": 1.1858541225631423, 
        "exp+1": 1.5139019009947676, 
        "exp+2": 1.8586489117242753, 
        "obs": 0.997990475802711
    }
}