{
    "4000.0": {
        "exp-2": 0.6200979635307634, 
        "exp-1": 0.8027664512295756, 
        "exp0": 1.403121520040228, 
        "exp+1": 1.7625664745808267, 
        "exp+2": 2.1689082678835008, 
        "obs": 1.1806721236009545
    }
}