{
    "6500.0": {
        "exp-2": 0.7512197113278511, 
        "exp-1": 0.9247283742933081, 
        "exp0": 1.2531211034852139, 
        "exp+1": 1.7776903422364816, 
        "exp+2": 2.182309450306201, 
        "obs": 1.2715245811759337
    }
}