{
    "2500.0": {
        "exp-2": 0.5869262490935296, 
        "exp-1": 0.6718196402519953, 
        "exp0": 0.8052561704203204, 
        "exp+1": 1.0025597236328037, 
        "exp+2": 1.2656015935546594, 
        "obs": 0.7966136266671141
    }
}