{
    "3500.0": {
        "exp-2": 0.8732683553680467, 
        "exp-1": 1.000324196715823, 
        "exp0": 1.1937336186588212, 
        "exp+1": 1.484309626695728, 
        "exp+2": 1.8711411503977764, 
        "obs": 1.0178352959914474
    }
}