{
    "8500.0": {
        "exp-2": 0.9799005450171971, 
        "exp-1": 1.2062274515683151, 
        "exp0": 1.6345871038277526, 
        "exp+1": 2.318841949860714, 
        "exp+2": 2.8466321152757406, 
        "obs": 1.661620673072787
    }
}