{
    "7000.0": {
        "exp-2": 0.8070732231340598, 
        "exp-1": 0.9934823305491051, 
        "exp0": 1.346291201783626, 
        "exp+1": 1.9098624098985906, 
        "exp+2": 2.3445650845062587, 
        "obs": 1.3700090258792905
    }
}