{
    "1000.0": {
        "exp-2": 0.13953844153356462, 
        "exp-1": 0.1707947988972856, 
        "exp0": 0.2302766662190113, 
        "exp+1": 0.3266728260451389, 
        "exp+2": 0.40102663466119975, 
        "obs": 0.30419382974749604
    }
}