{
    "1000.0": {
        "exp-2": 0.3271119965711763, 
        "exp-1": 0.37540937966328486, 
        "exp0": 0.4487939567607835, 
        "exp+1": 0.5594752632089698, 
        "exp+2": 0.7055764167893878, 
        "obs": 0.44441581921658013
    }
}