{
    "5000.0": {
        "exp-2": 0.9658980381685154, 
        "exp-1": 1.6095327651832647, 
        "exp0": 1.9023012630410125, 
        "exp+1": 2.2815442875248992, 
        "exp+2": 2.7702705461882906, 
        "obs": 1.657831776442564
    }, 
    "3000.0": {
        "exp-2": 0.5854685623498498, 
        "exp-1": 0.978034839801372, 
        "exp0": 1.1618950141221271, 
        "exp+1": 1.395459974468719, 
        "exp+2": 1.6979212224544262, 
        "obs": 1.0149605344669053
    }, 
    "2500.0": {
        "exp-2": 0.49013709816744133, 
        "exp-1": 0.8208424627374077, 
        "exp0": 0.9802741963348827, 
        "exp+1": 1.177329631232219, 
        "exp+2": 1.4325118386942803, 
        "obs": 0.8561655004115417
    }, 
    "4500.0": {
        "exp-2": 0.8659196813395859, 
        "exp-1": 1.4495048960207955, 
        "exp0": 1.71846588560844, 
        "exp+1": 2.058201790543314, 
        "exp+2": 2.5012051538567737, 
        "obs": 1.4963217660138468
    }, 
    "3500.0": {
        "exp-2": 0.6786765110423558, 
        "exp-1": 1.1337402228088391, 
        "exp0": 1.3468713658542681, 
        "exp+1": 1.6176204378314132, 
        "exp+2": 1.9653547164839824, 
        "obs": 1.1747286940194053
    }, 
    "1000.0": {
        "exp-2": 0.22589137714559196, 
        "exp-1": 0.34127248592142306, 
        "exp0": 0.4289339914713399, 
        "exp+1": 0.5243302319118269, 
        "exp+2": 0.6433205764828337, 
        "obs": 0.3891043670796405
    }, 
    "2000.0": {
        "exp-2": 0.4008429228864157, 
        "exp-1": 0.6613002998820925, 
        "exp0": 0.795495128834866, 
        "exp+1": 0.959358189090724, 
        "exp+2": 1.1676924771069754, 
        "obs": 0.699259086454256
    }, 
    "4000.0": {
        "exp-2": 0.7714225647707617, 
        "exp-1": 1.2939637380763584, 
        "exp0": 1.5309310892394863, 
        "exp+1": 1.8386799559487548, 
        "exp+2": 2.230656871445046, 
        "obs": 1.3352445749208173
    }, 
    "1500.0": {
        "exp-2": 0.31141903601704546, 
        "exp-1": 0.5018416700305209, 
        "exp0": 0.6133285309855795, 
        "exp+1": 0.7427018641920874, 
        "exp+2": 0.9055285048166242, 
        "obs": 0.5432022787397868
    }
}