{
    "4500.0": {
        "exp-2": 1.1724373548971143, 
        "exp-1": 1.3405279964751953, 
        "exp0": 1.5968719273367806, 
        "exp+1": 1.9804532804769046, 
        "exp+2": 2.4954703303174393, 
        "obs": 1.441667067358484
    }
}