{
    "9000.0": {
        "exp-2": 1.8936571759428895, 
        "exp-1": 2.1732515871241187, 
        "exp0": 2.598076211353316, 
        "exp+1": 3.2388121902460667, 
        "exp+2": 4.084594505850205, 
        "obs": 2.5790450024820375
    }
}