{
    "4500.0": {
        "exp-2": 1.2516590552642521, 
        "exp-1": 1.4311076130899942, 
        "exp0": 1.704772712123232, 
        "exp+1": 2.1142726976958692, 
        "exp+2": 2.664089437667375, 
        "obs": 1.5401739793627276
    }
}