{
    "4500.0": {
        "exp-2": 0.9418842795660993, 
        "exp-1": 1.0616672843041013, 
        "exp0": 1.230472479920562, 
        "exp+1": 1.4634598769098772, 
        "exp+2": 1.7479901352523284, 
        "obs": 1.2202475876756438
    }
}