{
    "5000.0": {
        "exp-2": 0.5774779952179455, 
        "exp-1": 0.7088260526405026, 
        "exp0": 0.9581068572972432, 
        "exp+1": 1.3591801733955384, 
        "exp+2": 1.668542338962668, 
        "obs": 0.9720537576420211
    }, 
    "3000.0": {
        "exp-2": 0.35237536235681083, 
        "exp-1": 0.4335051781170202, 
        "exp0": 0.5846339666834284, 
        "exp+1": 0.8293676948944317, 
        "exp+2": 1.0181395872603758, 
        "obs": 0.5916962573748477
    }, 
    "2500.0": {
        "exp-2": 0.29661789854015047, 
        "exp-1": 0.3657347164024526, 
        "exp0": 0.4921254921257382, 
        "exp+1": 0.6981342365606691, 
        "exp+2": 0.8570361823163463, 
        "obs": 0.49797917965995464
    }, 
    "4500.0": {
        "exp-2": 0.5206168169750066, 
        "exp-1": 0.6404820259395303, 
        "exp0": 0.8637671850678283, 
        "exp+1": 1.2253489230948762, 
        "exp+2": 1.504249910004334, 
        "obs": 0.8765041902194372
    }, 
    "3500.0": {
        "exp-2": 0.4074688746261026, 
        "exp-1": 0.5024157815076419, 
        "exp0": 0.676040864149498, 
        "exp+1": 0.9590384473919957, 
        "exp+2": 1.1773246191504394, 
        "obs": 0.6862824521034119
    }, 
    "1000.0": {
        "exp-2": 0.13785797683610387, 
        "exp-1": 0.16949444208625936, 
        "exp0": 0.2275034340400162, 
        "exp+1": 0.32273869327120824, 
        "exp+2": 0.3961970598975387, 
        "obs": 0.22924491143702352
    }, 
    "2000.0": {
        "exp-2": 0.24287170238288233, 
        "exp-1": 0.2986073395148346, 
        "exp0": 0.4008048543243956, 
        "exp+1": 0.568585852106628, 
        "exp+2": 0.6980013345252016, 
        "obs": 0.8905703961661257
    }, 
    "4000.0": {
        "exp-2": 0.4644332483656828, 
        "exp-1": 0.5713629259141083, 
        "exp0": 0.770551750371122, 
        "exp+1": 1.0931125418125953, 
        "exp+2": 1.3419152975228013, 
        "obs": 0.7820637114550615
    }, 
    "1500.0": {
        "exp-2": 0.18936249443032535, 
        "exp-1": 0.23281852151136995, 
        "exp0": 0.3125, 
        "exp+1": 0.443315680279061, 
        "exp+2": 0.5442185049743714, 
        "obs": 0.6912104862435736
    }
}