{
    "2000.0": {
        "exp-2": 0.5532110470583144, 
        "exp-1": 0.633700254357666, 
        "exp0": 0.7562241573489583, 
        "exp+1": 0.9403026015628152, 
        "exp+2": 1.1881720498374608, 
        "obs": 0.642783194903605
    }
}