{
    "1000.0": {
        "exp-2": 0.4213212582343217, 
        "exp-1": 0.481725475822363, 
        "exp0": 0.5738439569438097, 
        "exp+1": 0.711685834808157, 
        "exp+2": 0.8967597887426428, 
        "obs": 0.5174767467542719
    }
}