{
    "5000.0": {
        "exp-2": 1.2933593344450782, 
        "exp-1": 1.4787864285880983, 
        "exp0": 1.761568930064172, 
        "exp+1": 2.1847118592735604, 
        "exp+2": 2.75284628523561, 
        "obs": 1.5898747638430928
    }, 
    "3000.0": {
        "exp-2": 0.8167556672029537, 
        "exp-1": 0.9338527623407316, 
        "exp0": 1.1124297516321129, 
        "exp+1": 1.38143075994385, 
        "exp+2": 1.7389860288904415, 
        "obs": 1.0062410174621428
    }, 
    "2500.0": {
        "exp-2": 0.7019521468064971, 
        "exp-1": 0.8025900161027135, 
        "exp0": 0.9560661587986472, 
        "exp+1": 1.187256286106429, 
        "exp+2": 1.4945533730863083, 
        "obs": 0.8660719466651418
    }, 
    "4500.0": {
        "exp-2": 1.1724373548971143, 
        "exp-1": 1.3405279964751953, 
        "exp0": 1.5968719273367806, 
        "exp+1": 1.9804532804769046, 
        "exp+2": 2.4954703303174393, 
        "obs": 1.4416563055877367
    }, 
    "3500.0": {
        "exp-2": 0.9336836384550979, 
        "exp-1": 1.0675445182862162, 
        "exp0": 1.2716868718359877, 
        "exp+1": 1.5791984910534547, 
        "exp+2": 1.9879418703633784, 
        "obs": 1.1493678252087278
    }, 
    "1000.0": {
        "exp-2": 0.3869317556665584, 
        "exp-1": 0.44240559904515836, 
        "exp0": 0.5270050939407849, 
        "exp+1": 0.6552875136385741, 
        "exp+2": 0.8280252720505138, 
        "obs": 0.49422053817878214
    }, 
    "2000.0": {
        "exp-2": 0.5905133924039564, 
        "exp-1": 0.6751744406963612, 
        "exp0": 0.8042854119290352, 
        "exp+1": 0.9987728218459907, 
        "exp+2": 1.257284871198636, 
        "obs": 0.7308340024900417
    }, 
    "4000.0": {
        "exp-2": 1.0520278739790045, 
        "exp-1": 1.2028556125810415, 
        "exp0": 1.432872954812313, 
        "exp+1": 1.7793615938679181, 
        "exp+2": 2.239913159117599, 
        "obs": 1.2946790332421778
    }, 
    "1500.0": {
        "exp-2": 0.4847654645429249, 
        "exp-1": 0.5528476181218396, 
        "exp0": 0.6602556277984577, 
        "exp+1": 0.8199146214092076, 
        "exp+2": 1.0321328401197325, 
        "obs": 0.6045506324145072
    }
}