{
    "5000.0": {
        "exp-2": 1.0780117694162712, 
        "exp-1": 1.2339360869192384, 
        "exp0": 1.479019945774904, 
        "exp+1": 1.841408875778715, 
        "exp+2": 2.3245398035217075, 
        "obs": 1.466209894475039
    }, 
    "3000.0": {
        "exp-2": 0.6817945071647321, 
        "exp-1": 0.78143552484654, 
        "exp0": 0.9354143466934853, 
        "exp+1": 1.16460923022216, 
        "exp+2": 1.4701680581697778, 
        "obs": 0.927316599973484
    }, 
    "2500.0": {
        "exp-2": 0.5869262490935296, 
        "exp-1": 0.6718196402519953, 
        "exp0": 0.8052561704203204, 
        "exp+1": 1.0025597236328037, 
        "exp+2": 1.2656015935546594, 
        "obs": 0.7966136266671141
    }, 
    "8000.0": {
        "exp-2": 1.6898132293244719, 
        "exp-1": 1.9342289045193501, 
        "exp0": 2.318404623873926, 
        "exp+1": 2.8864592356814063, 
        "exp+2": 3.6437803028345037, 
        "obs": 2.2990006722800658
    }, 
    "4500.0": {
        "exp-2": 0.9770311375539676, 
        "exp-1": 1.1212876846631927, 
        "exp0": 1.340475661845451, 
        "exp+1": 1.668918526815662, 
        "exp+2": 2.1067931021199926, 
        "obs": 1.3291101312629756
    }, 
    "3500.0": {
        "exp-2": 0.7784324191925719, 
        "exp-1": 0.8933662924688458, 
        "exp0": 1.0680004681646913, 
        "exp+1": 1.3313900923109454, 
        "exp+2": 1.6790688018424977, 
        "obs": 1.0597346865957562
    }, 
    "1000.0": {
        "exp-2": 0.3284968131504475, 
        "exp-1": 0.3769986614335073, 
        "exp0": 0.45069390943299864, 
        "exp+1": 0.5611227712453122, 
        "exp+2": 0.7083446885115058, 
        "obs": 0.4460717054683381
    }, 
    "7500.0": {
        "exp-2": 1.5859182572724233, 
        "exp-1": 1.8200756786667467, 
        "exp0": 2.1758618981911515, 
        "exp+1": 2.708990799745671, 
        "exp+2": 3.419749396662586, 
        "obs": 2.159273970184824
    }, 
    "2000.0": {
        "exp-2": 0.4948464881910349, 
        "exp-1": 0.5664214033533318, 
        "exp0": 0.6789237807000135, 
        "exp+1": 0.8452734439309882, 
        "exp+2": 1.067048043875646, 
        "obs": 0.6713825646568348
    }, 
    "6000.0": {
        "exp-2": 1.2803922433672426, 
        "exp-1": 1.4675154671836819, 
        "exp0": 1.7566836653193996, 
        "exp+1": 2.1871056337455723, 
        "exp+2": 2.7609370958622637, 
        "obs": 1.7420203793607008
    }, 
    "4000.0": {
        "exp-2": 0.8774380097405742, 
        "exp-1": 1.0069898456262287, 
        "exp0": 1.203835017766139, 
        "exp+1": 1.4987982068171488, 
        "exp+2": 1.8920383057496997, 
        "obs": 1.1928013749120518
    }, 
    "1500.0": {
        "exp-2": 0.40745015032516557, 
        "exp-1": 0.466384002819498, 
        "exp0": 0.5590169943749475, 
        "exp+1": 0.6968814421899101, 
        "exp+2": 0.8788647790237712, 
        "obs": 0.5532446348032698
    }, 
    "9000.0": {
        "exp-2": 1.8936571759428895, 
        "exp-1": 2.1732515871241187, 
        "exp0": 2.598076211353316, 
        "exp+1": 3.2388121902460667, 
        "exp+2": 4.084594505850205, 
        "obs": 2.5790450024820375
    }, 
    "8500.0": {
        "exp-2": 1.7923175900911088, 
        "exp-1": 2.0542562634141746, 
        "exp0": 2.45903944661325, 
        "exp+1": 3.061552407159588, 
        "exp+2": 3.864812688199541, 
        "obs": 2.4389338159230465
    }, 
    "5500.0": {
        "exp-2": 1.179144121545369, 
        "exp-1": 1.3496962876772414, 
        "exp0": 1.617772388193098, 
        "exp+1": 2.014158439866693, 
        "exp+2": 2.54261367123644, 
        "obs": 1.6038019241764208
    }, 
    "7000.0": {
        "exp-2": 1.4831409343855357, 
        "exp-1": 1.7021235049988386, 
        "exp0": 2.0348525745124633, 
        "exp+1": 2.5366867453456785, 
        "exp+2": 3.1991160542793002, 
        "obs": 2.019836216198656
    }, 
    "6500.0": {
        "exp-2": 1.381730685589634, 
        "exp-1": 1.5857402509726135, 
        "exp0": 1.8957188610128877, 
        "exp+1": 2.360207215118435, 
        "exp+2": 2.979455378132178, 
        "obs": 1.880728637453619
    }
}