{
    "1000.0": {
        "exp-2": 0.3869317556665584, 
        "exp-1": 0.44240559904515836, 
        "exp0": 0.5270050939407849, 
        "exp+1": 0.6552875136385741, 
        "exp+2": 0.8280252720505138, 
        "obs": 0.49484203721858083
    }
}