{
    "1000.0": {
        "exp-2": 0.13802044946389228, 
        "exp-1": 0.16893677882874306, 
        "exp0": 0.22777155839239455, 
        "exp+1": 0.3231190565068065, 
        "exp+2": 0.39666400091426873, 
        "obs": 0.5780217165118147
    }
}