{
    "2500.0": {
        "exp-2": 0.5840464275142752, 
        "exp-1": 0.6702796269961432, 
        "exp0": 0.8013050878098803, 
        "exp+1": 0.9989224827564932, 
        "exp+2": 1.2627373708283376, 
        "obs": 0.7944544679384496
    }
}