{
    "6000.0": {
        "exp-2": 0.694917373685534, 
        "exp-1": 0.8554219272288877, 
        "exp0": 1.159202311936963, 
        "exp+1": 1.6444562228886461, 
        "exp+2": 2.0187499196905825, 
        "obs": 1.1747220198809554
    }
}