{
    "2500.0": {
        "exp-2": 0.39726389281608865, 
        "exp-1": 0.5093297154242324, 
        "exp0": 0.8900491626426761, 
        "exp+1": 1.1250962110281166, 
        "exp+2": 1.391264864695638, 
        "obs": 0.7488463178384309
    }
}