{
    "4000.0": {
        "exp-2": 0.4664657887040056, 
        "exp-1": 0.5742050480667528, 
        "exp0": 0.7781187248742958, 
        "exp+1": 1.1038471635365528, 
        "exp+2": 1.3550931646546664, 
        "obs": 0.7893315796784001
    }
}