{
    "3000.0": {
        "exp-2": 0.5864841200295836, 
        "exp-1": 0.9797313090237904, 
        "exp0": 1.1639104142142058, 
        "exp+1": 1.397880528528196, 
        "exp+2": 1.6983780809271902, 
        "obs": 1.016218524337683
    }
}