{
    "4000.0": {
        "exp-2": 0.4661647554815751, 
        "exp-1": 0.576465441383441, 
        "exp0": 0.7776165584148327, 
        "exp+1": 1.1031347647172614, 
        "exp+2": 1.3542186238029248, 
        "obs": 1.0402671453250918
    }
}