{
    "5000.0": {
        "exp-2": 1.2933593344450782, 
        "exp-1": 1.4787864285880983, 
        "exp0": 1.761568930064172, 
        "exp+1": 2.1847118592735604, 
        "exp+2": 2.75284628523561, 
        "obs": 1.5898999295677172
    }
}