{
    "5000.0": {
        "exp-2": 0.5774779952179455, 
        "exp-1": 0.7088260526405026, 
        "exp0": 0.9581068572972432, 
        "exp+1": 1.3591801733955384, 
        "exp+2": 1.668542338962668, 
        "obs": 0.9720537576420211
    }
}