{
    "1000.0": {
        "exp-2": 0.13785797683610387, 
        "exp-1": 0.16949444208625936, 
        "exp0": 0.2275034340400162, 
        "exp+1": 0.32273869327120824, 
        "exp+2": 0.3961970598975387, 
        "obs": 0.22924491143702352
    }
}