{
    "4500.0": {
        "exp-2": 1.0950271234680338, 
        "exp-1": 1.2543476314248456, 
        "exp0": 1.496871706136691, 
        "exp+1": 1.8612369222802816, 
        "exp+2": 2.3518701903339387, 
        "obs": 1.2796839516296201
    }
}