{
    "3000.0": {
        "exp-2": 0.681490075392466, 
        "exp-1": 0.7821106175896827, 
        "exp0": 0.9349966641228882, 
        "exp+1": 1.164089228176, 
        "exp+2": 1.4695116056987938, 
        "obs": 0.7627103799565303
    }
}