{
    "5000.0": {
        "exp-2": 1.037902455889888, 
        "exp-1": 1.1118875368935326, 
        "exp+2": 1.524334678019596, 
        "exp+1": 1.3573715513523252, 
        "exp0": 1.2157150741507279, 
        "obs": 1.1002111574924585
    }, 
    "3000.0": {
        "exp-2": 0.8255241216296868, 
        "exp-1": 0.884370181309661, 
        "exp+2": 1.2122341381510395, 
        "exp+1": 1.078929667854212, 
        "exp0": 0.9669522553481574, 
        "obs": 0.8733329147332822
    }, 
    "2500.0": {
        "exp-2": 0.7656492035310125, 
        "exp-1": 0.8202271810401196, 
        "exp+2": 1.1244848871984365, 
        "exp+1": 1.0013180222475984, 
        "exp0": 0.8968196094695049, 
        "obs": 0.809917916822855
    }, 
    "4500.0": {
        "exp-2": 0.9885562892130463, 
        "exp-1": 1.0590238135302337, 
        "exp+2": 1.4516374033000587, 
        "exp+1": 1.2920067132280841, 
        "exp0": 1.1579149604838892, 
        "obs": 1.0473796376122138
    }, 
    "3500.0": {
        "exp-2": 0.8828918421930851, 
        "exp-1": 0.9445872682911282, 
        "exp+2": 1.296275058509103, 
        "exp+1": 1.1531646421326132, 
        "exp0": 1.0341481806380854, 
        "obs": 0.934092062799238
    }, 
    "1000.0": {
        "exp-2": 0.5720410087234167, 
        "exp-1": 0.6128179659717988, 
        "exp+2": 0.8400089413249318, 
        "exp+1": 0.7476365610810066, 
        "exp0": 0.6700426242139951, 
        "obs": 0.6078522395943297
    }, 
    "2000.0": {
        "exp-2": 0.7028563489843154, 
        "exp-1": 0.7529582508538504, 
        "exp+2": 1.0322630042108254, 
        "exp+1": 0.9191973823239807, 
        "exp0": 0.8232691426193485, 
        "obs": 0.742850287564189
    }, 
    "4000.0": {
        "exp-2": 0.936590329053363, 
        "exp-1": 1.0033535565885614, 
        "exp+2": 1.375540766047706, 
        "exp+1": 1.2248753105261352, 
        "exp0": 1.097046248059228, 
        "obs": 0.9921730456053734
    }, 
    "1500.0": {
        "exp-2": 0.6379189082989483, 
        "exp-1": 0.6824959126569736, 
        "exp+2": 0.9367467960498513, 
        "exp+1": 0.8337365384599239, 
        "exp0": 0.7472066625298106, 
        "obs": 0.6743514935326367
    }
}