{
    "5000.0": {
        "exp-2": 1.3834611912127706, 
        "exp-1": 1.5789017229425837, 
        "exp0": 1.877498360949333, 
        "exp+1": 2.328488417557507, 
        "exp+2": 2.9340119451111946, 
        "obs": 1.698992983378029
    }, 
    "3000.0": {
        "exp-2": 0.8735618693839441, 
        "exp-1": 0.9988031675870576, 
        "exp0": 1.1898003934098114, 
        "exp+1": 1.4755999137171087, 
        "exp+2": 1.8593298000964578, 
        "obs": 1.0728896601412428
    }, 
    "2500.0": {
        "exp-2": 0.7542178839122793, 
        "exp-1": 0.8585900276249177, 
        "exp0": 1.0235508280899956, 
        "exp+1": 1.2694158883132574, 
        "exp+2": 1.5995275455546356, 
        "obs": 0.9223632036492834
    }, 
    "4500.0": {
        "exp-2": 1.2516590552642521, 
        "exp-1": 1.4311076130899942, 
        "exp0": 1.704772712123232, 
        "exp+1": 2.1142726976958692, 
        "exp+2": 2.664089437667375, 
        "obs": 1.5401739793627276
    }, 
    "3500.0": {
        "exp-2": 0.997788069103676, 
        "exp-1": 1.1408394912338045, 
        "exp0": 1.358997774948982, 
        "exp+1": 1.6854398655876408, 
        "exp+2": 2.1237386438022345, 
        "obs": 1.2265889627811615
    }, 
    "1000.0": {
        "exp-2": 0.4213212582343217, 
        "exp-1": 0.481725475822363, 
        "exp0": 0.5738439569438097, 
        "exp+1": 0.711685834808157, 
        "exp+2": 0.8967597887426428, 
        "obs": 0.5174767467542719
    }, 
    "2000.0": {
        "exp-2": 0.6361457493104614, 
        "exp-1": 0.7241785048544026, 
        "exp0": 0.8633148393957611, 
        "exp+1": 1.0706899492524036, 
        "exp+2": 1.3491229493235068, 
        "obs": 0.7767042406897889
    }, 
    "4000.0": {
        "exp-2": 1.1240230132764186, 
        "exp-1": 1.2851725754092267, 
        "exp0": 1.5309310892394863, 
        "exp+1": 1.898672897752349, 
        "exp+2": 2.3924229661105483, 
        "obs": 1.3825670870078142
    }, 
    "1500.0": {
        "exp-2": 0.5223987007506135, 
        "exp-1": 0.5972942427770462, 
        "exp0": 0.7115124902922351, 
        "exp+1": 0.8824234501865575, 
        "exp+2": 1.1118977298739816, 
        "obs": 0.6394704592686316
    }
}