{
    "2500.0": {
        "exp-2": 0.577279787559724, 
        "exp-1": 0.6592729968680759, 
        "exp0": 0.7806247497997998, 
        "exp+1": 0.9580487194912974, 
        "exp+2": 1.1909305811140265, 
        "obs": 0.7730991443606606
    }
}