{
    "5000.0": {
        "exp-2": 0.5804429881564597, 
        "exp-1": 0.7145074772587015, 
        "exp0": 0.9682458365518543, 
        "exp+1": 1.3735634061455662, 
        "exp+2": 1.6861993934497232, 
        "obs": 1.2920437437114833
    }, 
    "3000.0": {
        "exp-2": 0.3549833651795736, 
        "exp-1": 0.4367136359555115, 
        "exp0": 0.5889609595897923, 
        "exp+1": 0.8355060069828749, 
        "exp+2": 1.0256750675047883, 
        "obs": 0.790312077181481
    }, 
    "2500.0": {
        "exp-2": 0.2990004098946814, 
        "exp-1": 0.3686723918389774, 
        "exp0": 0.49607837082461076, 
        "exp+1": 0.703741841480672, 
        "exp+2": 0.8639200876155413, 
        "obs": 0.6665576339348798
    }, 
    "4500.0": {
        "exp-2": 0.5223986722261137, 
        "exp-1": 0.6460050436655624, 
        "exp0": 0.8714212392167993, 
        "exp+1": 1.2362070611915925, 
        "exp+2": 1.5175793818366738, 
        "obs": 1.165979843791619
    }, 
    "3500.0": {
        "exp-2": 0.40940779561888874, 
        "exp-1": 0.5062790532664594, 
        "exp0": 0.6829394233462178, 
        "exp+1": 0.9688248143994319, 
        "exp+2": 1.1893384655840293, 
        "obs": 0.9149741971091809
    }, 
    "1000.0": {
        "exp-2": 0.13953844153356462, 
        "exp-1": 0.1707947988972856, 
        "exp0": 0.2302766662190113, 
        "exp+1": 0.3266728260451389, 
        "exp+2": 0.40102663466119975, 
        "obs": 0.30419382974749604
    }, 
    "2000.0": {
        "exp-2": 0.244132812374996, 
        "exp-1": 0.3010197474189719, 
        "exp0": 0.4050462936504913, 
        "exp+1": 0.574602790136099, 
        "exp+2": 0.705387797732871, 
        "obs": 0.543932599187578
    }, 
    "4000.0": {
        "exp-2": 0.4661647554815751, 
        "exp-1": 0.576465441383441, 
        "exp0": 0.7776165584148327, 
        "exp+1": 1.1031347647172614, 
        "exp+2": 1.3542186238029248, 
        "obs": 1.0402671453250918
    }, 
    "1500.0": {
        "exp-2": 0.18994679970426376, 
        "exp-1": 0.23420750673065968, 
        "exp0": 0.3151450511586177, 
        "exp+1": 0.4470679833454407, 
        "exp+2": 0.5488248668859029, 
        "obs": 0.4231049454663833
    }
}