{
    "5000.0": {
        "exp-2": 1.2082935140340794, 
        "exp-1": 1.3840936878692935, 
        "exp0": 1.651703694785306, 
        "exp+1": 2.053757837968986, 
        "exp+2": 2.588995378875439, 
        "obs": 1.4122551333788025
    }, 
    "3000.0": {
        "exp-2": 0.7645200814079026, 
        "exp-1": 0.8734861288710712, 
        "exp0": 1.0450777597106629, 
        "exp+1": 1.2977921333800004, 
        "exp+2": 1.6376084706728908, 
        "obs": 0.8894031158843527
    }, 
    "2500.0": {
        "exp-2": 0.656863538858039, 
        "exp-1": 0.7524336431401121, 
        "exp0": 0.8979142365271541, 
        "exp+1": 1.1164825456094571, 
        "exp+2": 1.4107941006506024, 
        "obs": 0.7636365519443252
    }, 
    "4500.0": {
        "exp-2": 1.0950271234680338, 
        "exp-1": 1.2543476314248456, 
        "exp0": 1.496871706136691, 
        "exp+1": 1.8612369222802816, 
        "exp+2": 2.3518701903339387, 
        "obs": 1.2796902965071582
    }, 
    "3500.0": {
        "exp-2": 0.8732683553680467, 
        "exp-1": 1.000324196715823, 
        "exp0": 1.1937336186588212, 
        "exp+1": 1.484309626695728, 
        "exp+2": 1.8711411503977764, 
        "obs": 1.0178406556906499
    }, 
    "1000.0": {
        "exp-2": 0.36548599714573404, 
        "exp-1": 0.41757823847741493, 
        "exp0": 0.4996092282579101, 
        "exp+1": 0.6212230044050907, 
        "exp+2": 0.7556549505540707, 
        "obs": 0.4264503942977241
    }, 
    "2000.0": {
        "exp-2": 0.5532110470583144, 
        "exp-1": 0.633700254357666, 
        "exp0": 0.7562241573489583, 
        "exp+1": 0.9403026015628152, 
        "exp+2": 1.1881720498374608, 
        "obs": 0.6427814539904052
    }, 
    "4000.0": {
        "exp-2": 0.98402153208481, 
        "exp-1": 1.1271913167636638, 
        "exp0": 1.3451301229560342, 
        "exp+1": 1.6704013069317627, 
        "exp+2": 2.1077823984585575, 
        "obs": 1.148107599464918
    }, 
    "1500.0": {
        "exp-2": 0.45492302211988295, 
        "exp-1": 0.5211118589168588, 
        "exp0": 0.6218671481916375, 
        "exp+1": 0.7732406905261661, 
        "exp+2": 0.9770716141172134, 
        "obs": 0.5280557686211972
    }
}