{
    "5000.0": {
        "exp-2": 0.5804429881564597, 
        "exp-1": 0.7145074772587015, 
        "exp0": 0.9682458365518543, 
        "exp+1": 1.3735634061455662, 
        "exp+2": 1.6861993934497232, 
        "obs": 1.2920437437114833
    }
}