{
    "5000.0": {
        "exp-2": 0.9658980381685154, 
        "exp-1": 1.6095327651832647, 
        "exp0": 1.9023012630410125, 
        "exp+1": 2.28470318859434, 
        "exp+2": 2.771765148304148, 
        "obs": 1.6598064495150409
    }, 
    "3000.0": {
        "exp-2": 0.5864841200295836, 
        "exp-1": 0.9797313090237904, 
        "exp0": 1.1639104142142058, 
        "exp+1": 1.397880528528196, 
        "exp+2": 1.6983780809271902, 
        "obs": 1.016218524337683
    }, 
    "2500.0": {
        "exp-2": 0.49395145217862757, 
        "exp-1": 0.8217529728449521, 
        "exp0": 0.9802741963348827, 
        "exp+1": 1.177329631232219, 
        "exp+2": 1.4325118386942803, 
        "obs": 0.8579324628028322
    }, 
    "4500.0": {
        "exp-2": 0.8725551782337321, 
        "exp-1": 1.4539900635139715, 
        "exp0": 1.71846588560844, 
        "exp+1": 2.0610595065451807, 
        "exp+2": 2.502556066351836, 
        "obs": 1.4981121494624994
    }, 
    "3500.0": {
        "exp-2": 0.6838771777459126, 
        "exp-1": 1.1349603220016131, 
        "exp0": 1.3468713658542681, 
        "exp+1": 1.6176204378314132, 
        "exp+2": 1.9653547164839824, 
        "obs": 1.1761594753371447
    }, 
    "1000.0": {
        "exp-2": 0.2262507958161073, 
        "exp-1": 0.3433363766828545, 
        "exp0": 0.42961647140211, 
        "exp+1": 0.5244635872924599, 
        "exp+2": 0.6431834839159934, 
        "obs": 0.38990420401941867
    }, 
    "2000.0": {
        "exp-2": 0.4015845385489368, 
        "exp-1": 0.6625237982452192, 
        "exp0": 0.7969669214226258, 
        "exp+1": 0.9598151685187406, 
        "exp+2": 1.1692482564512265, 
        "obs": 0.6995105634090256
    }, 
    "4000.0": {
        "exp-2": 0.7788870745013599, 
        "exp-1": 1.2926384541418459, 
        "exp0": 1.5339899267490096, 
        "exp+1": 1.837255516136361, 
        "exp+2": 2.2327028433138496, 
        "obs": 1.336853602006283
    }, 
    "1500.0": {
        "exp-2": 0.31141903601704546, 
        "exp-1": 0.504010152824259, 
        "exp0": 0.6133285309855795, 
        "exp+1": 0.7427018641920874, 
        "exp+2": 0.9055285048166242, 
        "obs": 0.5440383133725017
    }
}