{
    "5000.0": {
        "exp-2": 1.0731884263434357, 
        "exp-1": 1.2316423904304663, 
        "exp0": 1.4724023736737184, 
        "exp+1": 1.8355254015140383, 
        "exp+2": 2.3148538105823606, 
        "obs": 1.4597394814387203
    }, 
    "3000.0": {
        "exp-2": 0.6795078785645167, 
        "exp-1": 0.7777923363125364, 
        "exp0": 0.9322771181360187, 
        "exp+1": 1.1607033309838772, 
        "exp+2": 1.4652373331925366, 
        "obs": 0.9230669942963736
    }, 
    "2500.0": {
        "exp-2": 0.5840464275142752, 
        "exp-1": 0.6702796269961432, 
        "exp0": 0.8013050878098803, 
        "exp+1": 0.9989224827564932, 
        "exp+2": 1.2627373708283376, 
        "obs": 0.7944544679384496
    }, 
    "4500.0": {
        "exp-2": 0.9743725444965853, 
        "exp-1": 1.1153064176736163, 
        "exp0": 1.336828102262965, 
        "exp+1": 1.664377245441316, 
        "exp+2": 2.1010603180642016, 
        "obs": 1.3232470555152336
    }, 
    "3500.0": {
        "exp-2": 0.7757619742066506, 
        "exp-1": 0.8903015620214819, 
        "exp0": 1.0643366478704002, 
        "exp+1": 1.3268227419667478, 
        "exp+2": 1.6733087114343865, 
        "obs": 1.0553508711984942
    }, 
    "1000.0": {
        "exp-2": 0.3271119965711763, 
        "exp-1": 0.37540937966328486, 
        "exp0": 0.4487939567607835, 
        "exp+1": 0.5594752632089698, 
        "exp+2": 0.7055764167893878, 
        "obs": 0.44441581921658013
    }, 
    "2000.0": {
        "exp-2": 0.49313988956846083, 
        "exp-1": 0.564467961205459, 
        "exp0": 0.6765823467065927, 
        "exp+1": 0.8423583244940851, 
        "exp+2": 1.0633681060721802, 
        "obs": 0.6690018433826159
    }, 
    "4000.0": {
        "exp-2": 0.8747732686155739, 
        "exp-1": 1.001301038300854, 
        "exp0": 1.20017902310447, 
        "exp+1": 1.4942464953045258, 
        "exp+2": 1.8862922770904846, 
        "obs": 1.1893715104128983
    }, 
    "1500.0": {
        "exp-2": 0.4058554273749305, 
        "exp-1": 0.46577910874830175, 
        "exp0": 0.5568290525376707, 
        "exp+1": 0.6941539026814111, 
        "exp+2": 0.8754249971136543, 
        "obs": 0.551244353621125
    }
}