{
    "7500.0": {
        "exp-2": 1.5859182572724233, 
        "exp-1": 1.8200756786667467, 
        "exp0": 2.1758618981911515, 
        "exp+1": 2.708990799745671, 
        "exp+2": 3.419749396662586, 
        "obs": 2.159273970184824
    }
}