{
    "3000.0": {
        "exp-2": 0.35346706330823807, 
        "exp-1": 0.4361056861351043, 
        "exp0": 0.5896238207535377, 
        "exp+1": 0.8364463754624997, 
        "exp+2": 1.0268294058560916, 
        "obs": 0.5980256201752895
    }
}