{
    "1500.0": {
        "exp-2": 0.406940533565322, 
        "exp-1": 0.46580067079347537, 
        "exp0": 0.5583177965289383, 
        "exp+1": 0.6951166155631362, 
        "exp+2": 0.8774945599096617, 
        "obs": 0.4547499368296978
    }
}