{
    "5000.0": {
        "exp-2": 1.0772415079422608, 
        "exp-1": 1.2362938946991668, 
        "exp0": 1.47796314151731, 
        "exp+1": 1.8424575284206184, 
        "exp+2": 2.323596210613106, 
        "obs": 1.2104645910708953
    }, 
    "3000.0": {
        "exp-2": 0.681490075392466, 
        "exp-1": 0.7821106175896827, 
        "exp0": 0.9349966641228882, 
        "exp+1": 1.164089228176, 
        "exp+2": 1.4695116056987938, 
        "obs": 0.7627103799565303
    }, 
    "2500.0": {
        "exp-2": 0.5862187028676737, 
        "exp-1": 0.6727726285170211, 
        "exp0": 0.8042854119290352, 
        "exp+1": 1.002637781677842, 
        "exp+2": 1.2644662615376805, 
        "obs": 0.655967031990673
    }, 
    "4500.0": {
        "exp-2": 0.9772435369426681, 
        "exp-1": 1.1215314376241192, 
        "exp0": 1.3407670557124067, 
        "exp+1": 1.669281347026437, 
        "exp+2": 2.1072511506597373, 
        "obs": 1.0970041052846924
    }, 
    "3500.0": {
        "exp-2": 0.7794980050110996, 
        "exp-1": 0.8922451074176958, 
        "exp0": 1.0694624595170623, 
        "exp+1": 1.3297886918648378, 
        "exp+2": 1.6803290273127782, 
        "obs": 0.8725279817845355
    }, 
    "1000.0": {
        "exp-2": 0.32723091566130413, 
        "exp-1": 0.3755458594178128, 
        "exp0": 0.44895711826357704, 
        "exp+1": 0.5589604274650338, 
        "exp+2": 0.7056150215058326, 
        "obs": 0.3694843451798423
    }, 
    "2000.0": {
        "exp-2": 0.49400704730756173, 
        "exp-1": 0.5669461275288898, 
        "exp0": 0.6777720811891971, 
        "exp+1": 0.8449238276712584, 
        "exp+2": 1.0655669098623586, 
        "obs": 0.5518265497341983
    }, 
    "4000.0": {
        "exp-2": 0.8772014444762869, 
        "exp-1": 1.0067183595189153, 
        "exp0": 1.203510470380829, 
        "exp+1": 1.500319526336496, 
        "exp+2": 1.8921123990591093, 
        "obs": 0.9844073524258425
    }, 
    "1500.0": {
        "exp-2": 0.406940533565322, 
        "exp-1": 0.46580067079347537, 
        "exp0": 0.5583177965289383, 
        "exp+1": 0.6951166155631362, 
        "exp+2": 0.8774945599096617, 
        "obs": 0.4547499368296978
    }
}