{
    "4000.0": {
        "exp-2": 0.4644332483656828, 
        "exp-1": 0.5713629259141083, 
        "exp0": 0.770551750371122, 
        "exp+1": 1.0931125418125953, 
        "exp+2": 1.3419152975228013, 
        "obs": 0.7820637114550615
    }
}