{
    "4000.0": {
        "exp-2": 0.46424224146952464, 
        "exp-1": 0.5711279487024449, 
        "exp0": 0.7702348464916399, 
        "exp+1": 1.0926629795569291, 
        "exp+2": 1.341363384292869, 
        "obs": 1.6899907965392849
    }
}