{
    "2500.0": {
        "exp-2": 0.2934839169695126, 
        "exp-1": 0.35839072486831813, 
        "exp0": 0.4743416427423756, 
        "exp+1": 0.6729058851395999, 
        "exp+2": 0.8260655977327147, 
        "obs": 0.48047552092889684
    }
}