{
    "2500.0": {
        "exp-2": 0.656863538858039, 
        "exp-1": 0.7524336431401121, 
        "exp0": 0.8979142365271541, 
        "exp+1": 1.1164825456094571, 
        "exp+2": 1.4107941006506024, 
        "obs": 0.7636297392646877
    }
}