{
    "2000.0": {
        "exp-2": 0.6361457493104614, 
        "exp-1": 0.7241785048544026, 
        "exp0": 0.8633148393957611, 
        "exp+1": 1.0706899492524036, 
        "exp+2": 1.3491229493235068, 
        "obs": 0.7767042406897889
    }
}