{
    "3500.0": {
        "exp-2": 0.4074688746261026, 
        "exp-1": 0.5024157815076419, 
        "exp0": 0.676040864149498, 
        "exp+1": 0.9590384473919957, 
        "exp+2": 1.1773246191504394, 
        "obs": 0.6862824521034119
    }
}