{
    "5000.0": {
        "exp-2": 0.7726084571922572, 
        "exp-1": 1.0002035291498506, 
        "exp0": 1.7482134009803927, 
        "exp+1": 2.1905079460705217, 
        "exp+2": 2.693823361559494, 
        "obs": 1.4697682592563275
    }
}