{
    "6000.0": {
        "exp-2": 1.2803922433672426, 
        "exp-1": 1.4675154671836819, 
        "exp0": 1.7566836653193996, 
        "exp+1": 2.1871056337455723, 
        "exp+2": 2.7609370958622637, 
        "obs": 1.7420203793607008
    }
}