{
    "4500.0": {
        "exp-2": 0.5223986722261137, 
        "exp-1": 0.6460050436655624, 
        "exp0": 0.8714212392167993, 
        "exp+1": 1.2362070611915925, 
        "exp+2": 1.5175793818366738, 
        "obs": 1.165990936157135
    }
}