{
    "4000.0": {
        "exp-2": 0.8774380097405742, 
        "exp-1": 1.0069898456262287, 
        "exp0": 1.203835017766139, 
        "exp+1": 1.4987982068171488, 
        "exp+2": 1.8920383057496997, 
        "obs": 1.1928013749120518
    }
}