{
    "5000.0": {
        "exp-2": 1.06548294507702, 
        "exp-1": 1.19098193007437, 
        "exp0": 1.3693063937629153, 
        "exp+1": 1.607797831328479, 
        "exp+2": 1.8897411077284876, 
        "obs": 1.4150742409883341
    }, 
    "3000.0": {
        "exp-2": 0.6725673213573586, 
        "exp-1": 0.7545730725213378, 
        "exp0": 0.8671523078444755, 
        "exp+1": 1.0181837860427454, 
        "exp+2": 1.1967324194380842, 
        "obs": 0.8952816364672519
    }, 
    "2500.0": {
        "exp-2": 0.5786658154553131, 
        "exp-1": 0.6492222093841159, 
        "exp0": 0.7460835241445827, 
        "exp+1": 0.8760285463080145, 
        "exp+2": 1.0296488382725175, 
        "obs": 0.7693629475446543
    }, 
    "8000.0": {
        "exp-2": 1.6705784984643044, 
        "exp-1": 1.8673492744625182, 
        "exp0": 2.1469455046647083, 
        "exp+1": 2.520878016388485, 
        "exp+2": 2.962938905547634, 
        "obs": 2.2178138541268058
    }, 
    "4500.0": {
        "exp-2": 0.9665502368483299, 
        "exp-1": 1.080396332868802, 
        "exp0": 1.242162932146987, 
        "exp+1": 1.4585098250629982, 
        "exp+2": 1.7142740402505383, 
        "obs": 1.2832510457125026
    }, 
    "3500.0": {
        "exp-2": 0.7704824387853123, 
        "exp-1": 0.8612344911504958, 
        "exp0": 0.9901862198596787, 
        "exp+1": 1.1626464628431317, 
        "exp+2": 1.3665280740912946, 
        "obs": 1.0225935689431505
    }, 
    "1000.0": {
        "exp-2": 0.3233705018168981, 
        "exp-1": 0.3620523977873801, 
        "exp0": 0.41692700200394794, 
        "exp+1": 0.4895429865126946, 
        "exp+2": 0.5753892141041288, 
        "obs": 0.4284269311706817
    }, 
    "7500.0": {
        "exp-2": 1.5683484296784946, 
        "exp-1": 1.7530779337557383, 
        "exp0": 2.0155644370746373, 
        "exp+1": 2.3666143447393524, 
        "exp+2": 2.781623643786594, 
        "obs": 2.08310944222063
    }, 
    "2000.0": {
        "exp-2": 0.4883749910017276, 
        "exp-1": 0.54679488548923, 
        "exp0": 0.6296700524878089, 
        "exp+1": 0.73933940321297, 
        "exp+2": 0.8689898756642439, 
        "obs": 0.6484458598123679
    }, 
    "6000.0": {
        "exp-2": 1.2663120241781347, 
        "exp-1": 1.4154658651275158, 
        "exp0": 1.627402070786442, 
        "exp+1": 1.9108459226135612, 
        "exp+2": 2.2459316560056957, 
        "obs": 1.6808206120721592
    }, 
    "4000.0": {
        "exp-2": 0.8657963221707372, 
        "exp-1": 0.9713623755605016, 
        "exp0": 1.1162856937182344, 
        "exp+1": 1.3107086400169938, 
        "exp+2": 1.540554427257965, 
        "obs": 1.1513292682538736
    }, 
    "1500.0": {
        "exp-2": 0.401935852094857, 
        "exp-1": 0.4500158121721798, 
        "exp0": 0.5182226234930313, 
        "exp+1": 0.6084812163100122, 
        "exp+2": 0.7151844484330294, 
        "obs": 0.5335308613621892
    }, 
    "9000.0": {
        "exp-2": 1.8734531379664263, 
        "exp-1": 2.094119708314853, 
        "exp0": 2.407670035532278, 
        "exp+1": 2.827012744341833, 
        "exp+2": 3.3227574580367683, 
        "obs": 2.487849059328966
    }, 
    "8500.0": {
        "exp-2": 1.772249739913932, 
        "exp-1": 1.9809959657908172, 
        "exp0": 2.277608394786075, 
        "exp+1": 2.6742983530663476, 
        "exp+2": 3.1432631310895833, 
        "obs": 2.3527387180209898
    }, 
    "5500.0": {
        "exp-2": 1.1651499744198706, 
        "exp-1": 1.3023883411483141, 
        "exp0": 1.4973935688388673, 
        "exp+1": 1.7581938605412992, 
        "exp+2": 2.066510664784297, 
        "obs": 1.5475784638912313
    }, 
    "7000.0": {
        "exp-2": 1.4639215847339637, 
        "exp-1": 1.642416711376438, 
        "exp0": 1.8874586088176875, 
        "exp+1": 2.212990282984593, 
        "exp+2": 2.6029643729340433, 
        "obs": 1.9486707858035193
    }, 
    "6500.0": {
        "exp-2": 1.3669084536658354, 
        "exp-1": 1.5279111466812165, 
        "exp0": 1.7566836653193996, 
        "exp+1": 2.0626443754585027, 
        "exp+2": 2.424349597346432, 
        "obs": 1.8145510499535618
    }
}