{
    "5500.0": {
        "exp-2": 0.6358434359179939, 
        "exp-1": 0.784500075622905, 
        "exp0": 1.0606601717798212, 
        "exp+1": 1.5046633709550448, 
        "exp+2": 1.847138862672979, 
        "obs": 1.0782025319228528
    }
}