{
    "5000.0": {
        "exp-2": 0.7054648567168318, 
        "exp-1": 0.8935839705541586, 
        "exp0": 1.6826318528769995, 
        "exp+1": 2.137572067562789, 
        "exp+2": 2.621715579909403, 
        "obs": 1.4146876739334473
    }
}