{
    "3500.0": {
        "exp-2": 0.40940779561888874, 
        "exp-1": 0.5062790532664594, 
        "exp0": 0.6829394233462178, 
        "exp+1": 0.9688248143994319, 
        "exp+2": 1.1893384655840293, 
        "obs": 0.914964514574897
    }
}