{
    "5000.0": {
        "exp-2": 1.0780117694162712, 
        "exp-1": 1.2339360869192384, 
        "exp0": 1.479019945774904, 
        "exp+1": 1.841408875778715, 
        "exp+2": 2.3245398035217075, 
        "obs": 1.466209894475039
    }
}