{
    "2500.0": {
        "exp-2": 0.2990004098946814, 
        "exp-1": 0.3686723918389774, 
        "exp0": 0.49607837082461076, 
        "exp+1": 0.703741841480672, 
        "exp+2": 0.8639200876155413, 
        "obs": 0.6665490398192239
    }
}