{
    "4000.0": {
        "exp-2": 0.8544782364932562, 
        "exp-1": 0.969397543787063, 
        "exp0": 1.1353688827865593, 
        "exp+1": 1.3729896153628942, 
        "exp+2": 1.6730656172339184, 
        "obs": 1.1259309938771
    }
}