{
    "4000.0": {
        "exp-2": 0.7788870745013599, 
        "exp-1": 1.2926384541418459, 
        "exp0": 1.5339899267490096, 
        "exp+1": 1.837255516136361, 
        "exp+2": 2.2327028433138496, 
        "obs": 1.336853602006283
    }
}