{
    "1500.0": {
        "exp-2": 0.18994679970426376, 
        "exp-1": 0.23420750673065968, 
        "exp0": 0.3151450511586177, 
        "exp+1": 0.4470679833454407, 
        "exp+2": 0.5488248668859029, 
        "obs": 0.423100733313247
    }
}