{
    "4500.0": {
        "exp-2": 0.638931641553402, 
        "exp-1": 0.8072740040149247, 
        "exp0": 1.5155444566227676, 
        "exp+1": 1.9253085718918206, 
        "exp+2": 2.3721952440790988, 
        "obs": 1.2755903577702234
    }
}