{
    "1500.0": {
        "exp-2": 0.31141903601704546, 
        "exp-1": 0.504010152824259, 
        "exp0": 0.6133285309855795, 
        "exp+1": 0.7427018641920874, 
        "exp+2": 0.9055285048166242, 
        "obs": 0.5440383133725017
    }
}