{
    "2000.0": {
        "exp-2": 0.4948464881910349, 
        "exp-1": 0.5664214033533318, 
        "exp0": 0.6789237807000135, 
        "exp+1": 0.8452734439309882, 
        "exp+2": 1.067048043875646, 
        "obs": 0.6713825646568348
    }
}