{
    "7000.0": {
        "exp-2": 1.4831409343855357, 
        "exp-1": 1.7021235049988386, 
        "exp0": 2.0348525745124633, 
        "exp+1": 2.5366867453456785, 
        "exp+2": 3.1991160542793002, 
        "obs": 2.019836216198656
    }
}