{
    "3500.0": {
        "exp-2": 0.6838771777459126, 
        "exp-1": 1.1349603220016131, 
        "exp0": 1.3468713658542681, 
        "exp+1": 1.6176204378314132, 
        "exp+2": 1.9653547164839824, 
        "obs": 1.1761594753371447
    }
}