{
    "3000.0": {
        "exp-2": 0.8167556672029537, 
        "exp-1": 0.9338527623407316, 
        "exp0": 1.1124297516321129, 
        "exp+1": 1.38143075994385, 
        "exp+2": 1.7389860288904415, 
        "obs": 1.006263062831541
    }
}