{
    "4500.0": {
        "exp-2": 0.5232042390704131, 
        "exp-1": 0.6440483364896671, 
        "exp0": 0.8727650027355588, 
        "exp+1": 1.2381133438016123, 
        "exp+2": 1.519919613042642, 
        "obs": 0.8848861473533415
    }
}