{
    "1500.0": {
        "exp-2": 0.2495846128643228, 
        "exp-1": 0.31848479064845414, 
        "exp0": 0.5434266224979556, 
        "exp+1": 0.7072006781307266, 
        "exp+2": 0.8778152476098315, 
        "obs": 0.46264517439680836
    }
}