{
    "5000.0": {
        "exp-2": 1.0389450121547579, 
        "exp-1": 1.1710716036788669, 
        "exp0": 1.3572720890970453, 
        "exp+1": 1.6142687419283668, 
        "exp+2": 1.9281196557068294, 
        "obs": 1.3457818045884031
    }, 
    "3000.0": {
        "exp-2": 0.67073850099629, 
        "exp-1": 0.7660060245859662, 
        "exp0": 0.9070040098267802, 
        "exp+1": 1.1131520514223905, 
        "exp+2": 1.3837363395257851, 
        "obs": 0.8986322304667207
    }, 
    "2500.0": {
        "exp-2": 0.577279787559724, 
        "exp-1": 0.6592729968680759, 
        "exp0": 0.7806247497997998, 
        "exp+1": 0.9580487194912974, 
        "exp+2": 1.1909305811140265, 
        "obs": 0.7730991443606606
    }, 
    "4500.0": {
        "exp-2": 0.9418842795660993, 
        "exp-1": 1.0616672843041013, 
        "exp0": 1.230472479920562, 
        "exp+1": 1.4634598769098772, 
        "exp+2": 1.7479901352523284, 
        "obs": 1.2202475876756438
    }, 
    "3500.0": {
        "exp-2": 0.7590397601060666, 
        "exp-1": 0.8591204526357136, 
        "exp0": 1.00855712587743, 
        "exp+1": 1.2196374743066956, 
        "exp+2": 1.4861973067071212, 
        "obs": 1.00050557506932
    }, 
    "1000.0": {
        "exp-2": 0.32723091566130413, 
        "exp-1": 0.3755458594178128, 
        "exp0": 0.44895711826357704, 
        "exp+1": 0.5589604274650338, 
        "exp+2": 0.7056150215058326, 
        "obs": 0.4442914405643124
    }, 
    "2000.0": {
        "exp-2": 0.4927452197256712, 
        "exp-1": 0.565497992150261, 
        "exp0": 0.676040864149498, 
        "exp+1": 0.8427656577802134, 
        "exp+2": 1.0628451740342502, 
        "obs": 0.6695404629176899
    }, 
    "4000.0": {
        "exp-2": 0.8544782364932562, 
        "exp-1": 0.969397543787063, 
        "exp0": 1.1353688827865593, 
        "exp+1": 1.3729896153628942, 
        "exp+2": 1.6730656172339184, 
        "obs": 1.1259309938771
    }, 
    "1500.0": {
        "exp-2": 0.4061748728611237, 
        "exp-1": 0.4649242684006723, 
        "exp0": 0.557267328128969, 
        "exp+1": 0.6938087618917579, 
        "exp+2": 0.875843561084335, 
        "obs": 0.5506740129687717
    }
}