{
    "3000.0": {
        "exp-2": 0.7645200814079026, 
        "exp-1": 0.8734861288710712, 
        "exp0": 1.0450777597106629, 
        "exp+1": 1.2977921333800004, 
        "exp+2": 1.6376084706728908, 
        "obs": 0.8893986751145341
    }
}