{
    "4000.0": {
        "exp-2": 0.8747732686155739, 
        "exp-1": 1.001301038300854, 
        "exp0": 1.20017902310447, 
        "exp+1": 1.4942464953045258, 
        "exp+2": 1.8862922770904846, 
        "obs": 1.1893715104128983
    }
}