{
    "3000.0": {
        "exp-2": 0.8735618693839441, 
        "exp-1": 0.9988031675870576, 
        "exp0": 1.1898003934098114, 
        "exp+1": 1.4755999137171087, 
        "exp+2": 1.8593298000964578, 
        "obs": 1.0728896601412428
    }
}