{
    "1500.0": {
        "exp-2": 0.40745015032516557, 
        "exp-1": 0.466384002819498, 
        "exp0": 0.5590169943749475, 
        "exp+1": 0.6968814421899101, 
        "exp+2": 0.8788647790237712, 
        "obs": 0.5532446348032698
    }
}