{
    "5000.0": {
        "exp-2": 1.0731884263434357, 
        "exp-1": 1.2316423904304663, 
        "exp0": 1.4724023736737184, 
        "exp+1": 1.8355254015140383, 
        "exp+2": 2.3148538105823606, 
        "obs": 1.4597394814387203
    }
}