{
    "2000.0": {
        "exp-2": 0.24235440471206482, 
        "exp-1": 0.2979713324208367, 
        "exp0": 0.399951172620149, 
        "exp+1": 0.5673748022357724, 
        "exp+2": 0.6965146548652529, 
        "obs": 0.4047904832395534
    }
}