{
    "4500.0": {
        "exp-2": 0.8725551782337321, 
        "exp-1": 1.4539900635139715, 
        "exp0": 1.71846588560844, 
        "exp+1": 2.0610595065451807, 
        "exp+2": 2.502556066351836, 
        "obs": 1.4981121494624994
    }
}