{
    "3500.0": {
        "exp-2": 0.39960766043346474, 
        "exp-1": 0.48479733974294226, 
        "exp0": 0.633072858397464, 
        "exp+1": 0.8980836254297679, 
        "exp+2": 1.1024959207749103, 
        "obs": 0.6415011381563569
    }
}