{
    "9000.0": {
        "exp-2": 1.0369751119542359, 
        "exp-1": 1.276484489158412, 
        "exp0": 1.729794062887256, 
        "exp+1": 2.4539034634841213, 
        "exp+2": 3.0124350956299955, 
        "obs": 1.7588491584895332
    }
}