{
    "2000.0": {
        "exp-2": 0.49313988956846083, 
        "exp-1": 0.564467961205459, 
        "exp0": 0.6765823467065927, 
        "exp+1": 0.8423583244940851, 
        "exp+2": 1.0633681060721802, 
        "obs": 0.6690018433826159
    }
}