{
    "5000.0": {
        "exp-2": 0.5804429881564597, 
        "exp-1": 0.7145074772587015, 
        "exp0": 0.9682458365518543, 
        "exp+1": 1.3735634061455662, 
        "exp+2": 1.6861993934497232, 
        "obs": 0.9814273598559171
    }, 
    "3000.0": {
        "exp-2": 0.35346706330823807, 
        "exp-1": 0.4361056861351043, 
        "exp0": 0.5896238207535377, 
        "exp+1": 0.8364463754624997, 
        "exp+2": 1.0268294058560916, 
        "obs": 0.5980256201752895
    }, 
    "2500.0": {
        "exp-2": 0.2990004098946814, 
        "exp-1": 0.3670084090451818, 
        "exp0": 0.49607837082461076, 
        "exp+1": 0.703741841480672, 
        "exp+2": 0.8639200876155413, 
        "obs": 0.5030841054996349
    }, 
    "8000.0": {
        "exp-2": 0.9223383369526066, 
        "exp-1": 1.1353701427388996, 
        "exp0": 1.5385667031363963, 
        "exp+1": 2.1826263632357463, 
        "exp+2": 2.6794127387380464, 
        "obs": 1.5643804881816605
    }, 
    "4500.0": {
        "exp-2": 0.5232042390704131, 
        "exp-1": 0.6440483364896671, 
        "exp0": 0.8727650027355588, 
        "exp+1": 1.2381133438016123, 
        "exp+2": 1.519919613042642, 
        "obs": 0.8848861473533415
    }, 
    "3500.0": {
        "exp-2": 0.4095792071786909, 
        "exp-1": 0.5053365354654588, 
        "exp0": 0.6832253471586077, 
        "exp+1": 0.9692304404299508, 
        "exp+2": 1.1898364121329155, 
        "obs": 0.6927965074042031
    }, 
    "1000.0": {
        "exp-2": 0.13850672383977655, 
        "exp-1": 0.17029206739577163, 
        "exp0": 0.22857404434887177, 
        "exp+1": 0.3242574691632779, 
        "exp+2": 0.39806151882559215, 
        "obs": 0.23125789756717913
    }, 
    "7500.0": {
        "exp-2": 0.8658139459852214, 
        "exp-1": 1.0657903548566063, 
        "exp0": 1.444277501036418, 
        "exp+1": 2.048866758900524, 
        "exp+2": 2.515208144628039, 
        "obs": 1.4672506710135969
    }, 
    "2000.0": {
        "exp-2": 0.24340514216511916, 
        "exp-1": 0.3001225181581834, 
        "exp0": 0.4038389994787527, 
        "exp+1": 0.5728901134464233, 
        "exp+2": 0.7032853049750598, 
        "obs": 0.8900431706417935
    }, 
    "6000.0": {
        "exp-2": 0.694917373685534, 
        "exp-1": 0.8554219272288877, 
        "exp0": 1.159202311936963, 
        "exp+1": 1.6444562228886461, 
        "exp+2": 2.0187499196905825, 
        "obs": 1.1747220198809554
    }, 
    "4000.0": {
        "exp-2": 0.4664657887040056, 
        "exp-1": 0.5742050480667528, 
        "exp0": 0.7781187248742958, 
        "exp+1": 1.1038471635365528, 
        "exp+2": 1.3550931646546664, 
        "obs": 0.7893315796784001
    }, 
    "1500.0": {
        "exp-2": 0.18975994002651664, 
        "exp-1": 0.23397710722015036, 
        "exp0": 0.31483502624390447, 
        "exp+1": 0.4466281829483548, 
        "exp+2": 0.5482849474065026, 
        "obs": 0.6902184309706229
    }, 
    "9000.0": {
        "exp-2": 1.0369751119542359, 
        "exp-1": 1.276484489158412, 
        "exp0": 1.729794062887256, 
        "exp+1": 2.4539034634841213, 
        "exp+2": 3.0124350956299955, 
        "obs": 1.7588491584895332
    }, 
    "8500.0": {
        "exp-2": 0.9799005450171971, 
        "exp-1": 1.2062274515683151, 
        "exp0": 1.6345871038277526, 
        "exp+1": 2.318841949860714, 
        "exp+2": 2.8466321152757406, 
        "obs": 1.661620673072787
    }, 
    "5500.0": {
        "exp-2": 0.6358434359179939, 
        "exp-1": 0.784500075622905, 
        "exp0": 1.0606601717798212, 
        "exp+1": 1.5046633709550448, 
        "exp+2": 1.847138862672979, 
        "obs": 1.0782025319228528
    }, 
    "7000.0": {
        "exp-2": 0.8070732231340598, 
        "exp-1": 0.9934823305491051, 
        "exp0": 1.346291201783626, 
        "exp+1": 1.9098624098985906, 
        "exp+2": 2.3445650845062587, 
        "obs": 1.3700090258792905
    }, 
    "6500.0": {
        "exp-2": 0.7512197113278511, 
        "exp-1": 0.9247283742933081, 
        "exp0": 1.2531211034852139, 
        "exp+1": 1.7776903422364816, 
        "exp+2": 2.182309450306201, 
        "obs": 1.2715245811759337
    }
}