{
    "2000.0": {
        "exp-2": 0.244132812374996, 
        "exp-1": 0.3010197474189719, 
        "exp0": 0.4050462936504913, 
        "exp+1": 0.574602790136099, 
        "exp+2": 0.705387797732871, 
        "obs": 0.5440610020810489
    }
}