{
    "1500.0": {
        "exp-2": 0.4058554273749305, 
        "exp-1": 0.46577910874830175, 
        "exp0": 0.5568290525376707, 
        "exp+1": 0.6941539026814111, 
        "exp+2": 0.8754249971136543, 
        "obs": 0.551244353621125
    }
}