{
    "5000.0": {
        "exp-2": 0.7054648567168318, 
        "exp-1": 0.8935839705541586, 
        "exp0": 1.6826318528769995, 
        "exp+1": 2.137572067562789, 
        "exp+2": 2.621715579909403, 
        "obs": 1.4146876739334473
    }, 
    "3000.0": {
        "exp-2": 0.43242027675260936, 
        "exp-1": 0.545001389912924, 
        "exp0": 1.0201102764692365, 
        "exp+1": 1.3023076080451539, 
        "exp+2": 1.6060291064179444, 
        "obs": 0.8595758862253754
    }, 
    "2500.0": {
        "exp-2": 0.36328125, 
        "exp-1": 0.45928438811077876, 
        "exp0": 0.852386356061616, 
        "exp+1": 1.098779612588068, 
        "exp+2": 1.3569925411415742, 
        "obs": 0.7214304742851955
    }, 
    "4500.0": {
        "exp-2": 0.638931641553402, 
        "exp-1": 0.8072740040149247, 
        "exp0": 1.5155444566227676, 
        "exp+1": 1.9253085718918206, 
        "exp+2": 2.3721952440790988, 
        "obs": 1.2755903577702234
    }, 
    "3500.0": {
        "exp-2": 0.4999389611180049, 
        "exp-1": 0.6316602601235575, 
        "exp0": 1.1858541225631423, 
        "exp+1": 1.5139019009947676, 
        "exp+2": 1.8586489117242753, 
        "obs": 0.997990475802711
    }, 
    "1000.0": {
        "exp-2": 0.167254114249364, 
        "exp-1": 0.20986257511266856, 
        "exp0": 0.3371526011913835, 
        "exp+1": 0.4782881215401663, 
        "exp+2": 0.5871509956028523, 
        "obs": 0.30999442223112383
    }, 
    "2000.0": {
        "exp-2": 0.29646353064078557, 
        "exp-1": 0.3741139434394036, 
        "exp0": 0.6846531968814576, 
        "exp+1": 0.8930837255167784, 
        "exp+2": 1.1042657243931735, 
        "obs": 0.5835600216217586
    }, 
    "4000.0": {
        "exp-2": 0.5668774979272417, 
        "exp-1": 0.7180409458460562, 
        "exp0": 1.352081728298996, 
        "exp+1": 1.717649766591725, 
        "exp+2": 2.1163363276548717, 
        "obs": 1.1366740406628668
    }, 
    "1500.0": {
        "exp-2": 0.2309119117972996, 
        "exp-1": 0.2904658661237995, 
        "exp0": 0.5123475266643444, 
        "exp+1": 0.6883748297233087, 
        "exp+2": 0.8542854102490026, 
        "obs": 0.4461239275332748
    }
}