{
    "3500.0": {
        "exp-2": 0.9336836384550979, 
        "exp-1": 1.0675445182862162, 
        "exp0": 1.2716868718359877, 
        "exp+1": 1.5791984910534547, 
        "exp+2": 1.9879418703633784, 
        "obs": 1.1493477285190772
    }
}