{
    "5000.0": {
        "exp-2": 1.3834611912127706, 
        "exp-1": 1.5789017229425837, 
        "exp0": 1.877498360949333, 
        "exp+1": 2.328488417557507, 
        "exp+2": 2.9340119451111946, 
        "obs": 1.698992983378029
    }
}