{
    "1000.0": {
        "exp-2": 0.13759761753447228, 
        "exp-1": 0.1691743367806027, 
        "exp0": 0.22707377491674802, 
        "exp+1": 0.32212916866442837, 
        "exp+2": 0.39544880744753297, 
        "obs": 0.22873839865665338
    }
}