{
    "8000.0": {
        "exp-2": 1.6898132293244719, 
        "exp-1": 1.9342289045193501, 
        "exp0": 2.318404623873926, 
        "exp+1": 2.8864592356814063, 
        "exp+2": 3.6437803028345037, 
        "obs": 2.2990006722800658
    }
}