{
    "1500.0": {
        "exp-2": 0.2309119117972996, 
        "exp-1": 0.2904658661237995, 
        "exp0": 0.5123475266643444, 
        "exp+1": 0.6883748297233087, 
        "exp+2": 0.8542854102490026, 
        "obs": 0.4461239275332748
    }
}