{
    "4500.0": {
        "exp-2": 0.5209574233686383, 
        "exp-1": 0.6394498094438971, 
        "exp0": 0.8643322928712082, 
        "exp+1": 1.2261505893149125, 
        "exp+2": 1.5052340108227844, 
        "obs": 1.8940082965944525
    }
}