{
    "3000.0": {
        "exp-2": 0.43242027675260936, 
        "exp-1": 0.545001389912924, 
        "exp0": 1.0201102764692365, 
        "exp+1": 1.3023076080451539, 
        "exp+2": 1.6060291064179444, 
        "obs": 0.8595758862253754
    }
}