{
    "4500.0": {
        "exp-2": 0.6965841601612113, 
        "exp-1": 0.9017839553146797, 
        "exp0": 1.5761900266148114, 
        "exp+1": 1.9749630574501507, 
        "exp+2": 2.434622410944767, 
        "obs": 1.3251152976016731
    }
}