{
    "1000.0": {
        "exp-2": 0.32723091566130413, 
        "exp-1": 0.3755458594178128, 
        "exp0": 0.44895711826357704, 
        "exp+1": 0.5589604274650338, 
        "exp+2": 0.7056150215058326, 
        "obs": 0.4442914405643124
    }
}