{
    "1000.0": {
        "exp-2": 0.167254114249364, 
        "exp-1": 0.20986257511266856, 
        "exp0": 0.3371526011913835, 
        "exp+1": 0.4782881215401663, 
        "exp+2": 0.5871509956028523, 
        "obs": 0.30999442223112383
    }
}