{
    "3500.0": {
        "exp-2": 0.544638283060418, 
        "exp-1": 0.7050778502572072, 
        "exp0": 1.2323757350403668, 
        "exp+1": 1.5500338889078185, 
        "exp+2": 1.9056814002338869, 
        "obs": 1.0364516347646249
    }
}