{
    "3000.0": {
        "exp-2": 0.6817945071647321, 
        "exp-1": 0.78143552484654, 
        "exp0": 0.9354143466934853, 
        "exp+1": 1.16460923022216, 
        "exp+2": 1.4701680581697778, 
        "obs": 0.927316599973484
    }
}