{
    "2000.0": {
        "exp-2": 0.49400704730756173, 
        "exp-1": 0.5669461275288898, 
        "exp0": 0.6777720811891971, 
        "exp+1": 0.8449238276712584, 
        "exp+2": 1.0655669098623586, 
        "obs": 0.5518265497341983
    }
}