{
    "4500.0": {
        "exp-2": 0.9770311375539676, 
        "exp-1": 1.1212876846631927, 
        "exp0": 1.340475661845451, 
        "exp+1": 1.668918526815662, 
        "exp+2": 2.1067931021199926, 
        "obs": 1.3291101312629756
    }
}