{
    "3000.0": {
        "exp-2": 0.6795078785645167, 
        "exp-1": 0.7777923363125364, 
        "exp0": 0.9322771181360187, 
        "exp+1": 1.1607033309838772, 
        "exp+2": 1.4652373331925366, 
        "obs": 0.9230669942963736
    }
}