{
    "3500.0": {
        "exp-2": 0.4095792071786909, 
        "exp-1": 0.5053365354654588, 
        "exp0": 0.6832253471586077, 
        "exp+1": 0.9692304404299508, 
        "exp+2": 1.1898364121329155, 
        "obs": 0.6927965074042031
    }
}