{
    "2500.0": {
        "exp-2": 0.29661789854015047, 
        "exp-1": 0.3657347164024526, 
        "exp0": 0.4921254921257382, 
        "exp+1": 0.6981342365606691, 
        "exp+2": 0.8570361823163463, 
        "obs": 0.49797917965995464
    }
}