{
    "2500.0": {
        "exp-2": 0.49395145217862757, 
        "exp-1": 0.8217529728449521, 
        "exp0": 0.9802741963348827, 
        "exp+1": 1.177329631232219, 
        "exp+2": 1.4325118386942803, 
        "obs": 0.8579324628028322
    }
}