{
    "2000.0": {
        "exp-2": 0.24340514216511916, 
        "exp-1": 0.3001225181581834, 
        "exp0": 0.4038389994787527, 
        "exp+1": 0.5728901134464233, 
        "exp+2": 0.7032853049750598, 
        "obs": 0.8900431706417935
    }
}