{
    "5000.0": {
        "exp-2": 0.9658980381685154, 
        "exp-1": 1.6095327651832647, 
        "exp0": 1.9023012630410125, 
        "exp+1": 2.28470318859434, 
        "exp+2": 2.771765148304148, 
        "obs": 1.6598064495150409
    }
}