{
    "2500.0": {
        "exp-2": 0.5862187028676737, 
        "exp-1": 0.6727726285170211, 
        "exp0": 0.8042854119290352, 
        "exp+1": 1.002637781677842, 
        "exp+2": 1.2644662615376805, 
        "obs": 0.6559531255332833
    }
}