{
    "2500.0": {
        "exp-2": 0.7019521468064971, 
        "exp-1": 0.8025900161027135, 
        "exp0": 0.9560661587986472, 
        "exp+1": 1.187256286106429, 
        "exp+2": 1.4945533730863083, 
        "obs": 0.866104701619932
    }
}