{
    "2500.0": {
        "exp-2": 0.7542178839122793, 
        "exp-1": 0.8585900276249177, 
        "exp0": 1.0235508280899956, 
        "exp+1": 1.2694158883132574, 
        "exp+2": 1.5995275455546356, 
        "obs": 0.9223632036492834
    }
}