{
    "3500.0": {
        "exp-2": 0.7590397601060666, 
        "exp-1": 0.8591204526357136, 
        "exp0": 1.00855712587743, 
        "exp+1": 1.2196374743066956, 
        "exp+2": 1.4861973067071212, 
        "obs": 1.00050557506932
    }
}