{
    "8000.0": {
        "exp-2": 0.9223383369526066, 
        "exp-1": 1.1353701427388996, 
        "exp0": 1.5385667031363963, 
        "exp+1": 2.1826263632357463, 
        "exp+2": 2.6794127387380464, 
        "obs": 1.5643804881816605
    }
}