{
    "6500.0": {
        "exp-2": 1.381730685589634, 
        "exp-1": 1.5857402509726135, 
        "exp0": 1.8957188610128877, 
        "exp+1": 2.360207215118435, 
        "exp+2": 2.979455378132178, 
        "obs": 1.880728637453619
    }
}