{
    "3000.0": {
        "exp-2": 0.3549833651795736, 
        "exp-1": 0.4367136359555115, 
        "exp0": 0.5889609595897923, 
        "exp+1": 0.8355060069828749, 
        "exp+2": 1.0256750675047883, 
        "obs": 0.790312077181481
    }
}