{
    "1500.0": {
        "exp-2": 0.5223987007506135, 
        "exp-1": 0.5972942427770462, 
        "exp0": 0.7115124902922351, 
        "exp+1": 0.8824234501865575, 
        "exp+2": 1.1118977298739816, 
        "obs": 0.6394704592686316
    }
}