{
    "5000.0": {
        "exp-2": 0.5580881671776871, 
        "exp-1": 0.6744882418538697, 
        "exp0": 0.8714212392167993, 
        "exp+1": 1.2362070611915925, 
        "exp+2": 1.5175793818366738, 
        "obs": 0.8814965137179462
    }, 
    "3000.0": {
        "exp-2": 0.3486730301256852, 
        "exp-1": 0.425785432147564, 
        "exp0": 0.5635407145193051, 
        "exp+1": 0.7994446182655792, 
        "exp+2": 0.9814057147639988, 
        "obs": 0.5708442231513975
    }, 
    "2500.0": {
        "exp-2": 0.2934839169695126, 
        "exp-1": 0.35839072486831813, 
        "exp0": 0.4743416427423756, 
        "exp+1": 0.6729058851395999, 
        "exp+2": 0.8260655977327147, 
        "obs": 0.48047552092889684
    }, 
    "4500.0": {
        "exp-2": 0.5028149520216781, 
        "exp-1": 0.6076867363271806, 
        "exp0": 0.7851154449639423, 
        "exp+1": 1.11377279572968, 
        "exp+2": 1.3672779598282376, 
        "obs": 0.794676641947721
    }, 
    "3500.0": {
        "exp-2": 0.39960766043346474, 
        "exp-1": 0.48479733974294226, 
        "exp0": 0.633072858397464, 
        "exp+1": 0.8980836254297679, 
        "exp+2": 1.1024959207749103, 
        "obs": 0.6415011381563569
    }, 
    "1000.0": {
        "exp-2": 0.13759761753447228, 
        "exp-1": 0.1691743367806027, 
        "exp0": 0.22707377491674802, 
        "exp+1": 0.32212916866442837, 
        "exp+2": 0.39544880744753297, 
        "obs": 0.22873839865665338
    }, 
    "2000.0": {
        "exp-2": 0.24235440471206482, 
        "exp-1": 0.2979713324208367, 
        "exp0": 0.399951172620149, 
        "exp+1": 0.5673748022357724, 
        "exp+2": 0.6965146548652529, 
        "obs": 0.4047904832395534
    }, 
    "4000.0": {
        "exp-2": 0.4530778399951779, 
        "exp-1": 0.5511146239915189, 
        "exp0": 0.7213268940494809, 
        "exp+1": 1.0232816970691412, 
        "exp+2": 1.2561902311919715, 
        "obs": 0.7293945434827951
    }, 
    "1500.0": {
        "exp-2": 0.18898338404344792, 
        "exp-1": 0.23235241469110915, 
        "exp0": 0.3118743713578977, 
        "exp+1": 0.44242816549413444, 
        "exp+2": 0.5431289710897258, 
        "obs": 0.6911975141995325
    }
}