{
    "5000.0": {
        "exp-2": 0.7726084571922572, 
        "exp-1": 1.0002035291498506, 
        "exp0": 1.7482134009803927, 
        "exp+1": 2.1905079460705217, 
        "exp+2": 2.693823361559494, 
        "obs": 1.4697991103448789
    }, 
    "3000.0": {
        "exp-2": 0.4710879197400417, 
        "exp-1": 0.6054396099338525, 
        "exp0": 1.0606601717798212, 
        "exp+1": 1.3407627435093166, 
        "exp+2": 1.6502854533797233, 
        "obs": 0.8925328084305074
    }, 
    "2500.0": {
        "exp-2": 0.39726389281608865, 
        "exp-1": 0.5093297154242324, 
        "exp0": 0.8900491626426761, 
        "exp+1": 1.1250962110281166, 
        "exp+2": 1.391264864695638, 
        "obs": 0.7488818025795633
    }, 
    "4500.0": {
        "exp-2": 0.6965841601612113, 
        "exp-1": 0.9017839553146797, 
        "exp0": 1.5761900266148114, 
        "exp+1": 1.9749630574501507, 
        "exp+2": 2.434622410944767, 
        "obs": 1.3251417593649706
    }, 
    "3500.0": {
        "exp-2": 0.544638283060418, 
        "exp-1": 0.7050778502572072, 
        "exp0": 1.2323757350403668, 
        "exp+1": 1.5500338889078185, 
        "exp+2": 1.9056814002338869, 
        "obs": 1.0369374935101845
    }, 
    "1000.0": {
        "exp-2": 0.17993147499356352, 
        "exp-1": 0.22885243951848672, 
        "exp0": 0.3671043788897103, 
        "exp+1": 0.49540390651376953, 
        "exp+2": 0.620808181850601, 
        "obs": 0.3200658202760319
    }, 
    "2000.0": {
        "exp-2": 0.3220702532784967, 
        "exp-1": 0.41194286869736885, 
        "exp0": 0.7180703308172536, 
        "exp+1": 0.9167130993151531, 
        "exp+2": 1.1330182644987163, 
        "obs": 0.6058229074022379
    }, 
    "4000.0": {
        "exp-2": 0.6200979635307634, 
        "exp-1": 0.8027664512295756, 
        "exp0": 1.403121520040228, 
        "exp+1": 1.7625664745808267, 
        "exp+2": 2.1689082678835008, 
        "obs": 1.1806938714276782
    }, 
    "1500.0": {
        "exp-2": 0.2495846128643228, 
        "exp-1": 0.31848479064845414, 
        "exp0": 0.5434266224979556, 
        "exp+1": 0.7072006781307266, 
        "exp+2": 0.8778152476098315, 
        "obs": 0.4626452717630144
    }
}