{
  "1000.0": {
    "exp+1": 0.20533815026283264,
    "exp+2": 0.23414009809494019,
    "exp-1": 0.15044981241226196,
    "exp-2": 0.13112735748291016,
    "exp0": 0.17529296875,
    "obs": 0.1975044961457329
  },
  "1500.0": {
    "exp+1": 0.26516804099082947,
    "exp+2": 0.3031969368457794,
    "exp-1": 0.19606426358222961,
    "exp-2": 0.17167091369628906,
    "exp0": 0.2294921875,
    "obs": 0.25645842676025205
  },
  "2000.0": {
    "exp+1": 0.3294897973537445,
    "exp+2": 0.3743928074836731,
    "exp-1": 0.2442169189453125,
    "exp-2": 0.213134765625,
    "exp0": 0.2841796875,
    "obs": 0.3170925568934326
  },
  "2500.0": {
    "exp+1": 0.3938027620315552,
    "exp+2": 0.4477696120738983,
    "exp-1": 0.292330801486969,
    "exp-2": 0.2569465637207031,
    "exp0": 0.3408203125,
    "obs": 0.3785901609608366
  },
  "3000.0": {
    "exp+1": 0.4612809121608734,
    "exp+2": 0.5237963795661926,
    "exp-1": 0.34397149085998535,
    "exp-2": 0.3004608154296875,
    "exp0": 0.396484375,
    "obs": 0.4421030441108613
  },
  "3500.0": {
    "exp+1": 0.529450535774231,
    "exp+2": 0.5978673100471497,
    "exp-1": 0.3948047161102295,
    "exp-2": 0.3448638916015625,
    "exp0": 0.455078125,
    "obs": 0.5065434453230775
  },
  "4000.0": {
    "exp+1": 0.5957818031311035,
    "exp+2": 0.6774279475212097,
    "exp-1": 0.44481468200683594,
    "exp-2": 0.389739990234375,
    "exp0": 0.515625,
    "obs": 0.5717144006027428
  },
  "4500.0": {
    "exp+1": 0.6657410860061646,
    "exp+2": 0.7527310252189636,
    "exp-1": 0.4964137077331543,
    "exp-2": 0.43437957763671875,
    "exp0": 0.576171875,
    "obs": 0.6374896445779697
  },
  "5000.0": {
    "exp+1": 0.733443558216095,
    "exp+2": 0.8339548707008362,
    "exp-1": 0.5482912063598633,
    "exp-2": 0.4810333251953125,
    "exp0": 0.634765625,
    "obs": 0.7036013663876359
  },
  "5500.0": {
    "exp+1": 0.8034027814865112,
    "exp+2": 0.9109408855438232,
    "exp-1": 0.6005897521972656,
    "exp-2": 0.52691650390625,
    "exp0": 0.6953125,
    "obs": 0.7701150952973954
  },
  "6000.0": {
    "exp+1": 0.8733620047569275,
    "exp+2": 0.9874809980392456,
    "exp-1": 0.652888298034668,
    "exp-2": 0.5727996826171875,
    "exp0": 0.755859375,
    "obs": 0.8368789223583062
  }
}