{
    "4500.0": {
        "exp-2": 0.5028149520216781, 
        "exp-1": 0.6076867363271806, 
        "exp0": 0.7851154449639423, 
        "exp+1": 1.11377279572968, 
        "exp+2": 1.3672779598282376, 
        "obs": 0.794676641947721
    }
}