{
    "3000.0": {
        "exp-2": 0.67073850099629, 
        "exp-1": 0.7660060245859662, 
        "exp0": 0.9070040098267802, 
        "exp+1": 1.1131520514223905, 
        "exp+2": 1.3837363395257851, 
        "obs": 0.8986322304667207
    }
}