{
    "4500.0": {
        "exp-2": 0.9743725444965853, 
        "exp-1": 1.1153064176736163, 
        "exp0": 1.336828102262965, 
        "exp+1": 1.664377245441316, 
        "exp+2": 2.1010603180642016, 
        "obs": 1.3232470555152336
    }
}