{
    "3500.0": {
        "exp-2": 0.7794980050110996, 
        "exp-1": 0.8922451074176958, 
        "exp0": 1.0694624595170623, 
        "exp+1": 1.3297886918648378, 
        "exp+2": 1.6803290273127782, 
        "obs": 0.8733427058964693
    }
}