{
    "3500.0": {
        "exp-2": 0.40833860640462194, 
        "exp-1": 0.5023532267339575, 
        "exp0": 0.6774838558962125, 
        "exp+1": 0.9610855174622928, 
        "exp+2": 1.1798376025773654, 
        "obs": 1.4885480065770573
    }
}