{
    "4500.0": {
        "exp-2": 0.9772435369426681, 
        "exp-1": 1.1215314376241192, 
        "exp0": 1.3407670557124067, 
        "exp+1": 1.669281347026437, 
        "exp+2": 2.1072511506597373, 
        "obs": 1.0969976648523208
    }
}