{
    "2500.0": {
        "exp-2": 0.36328125, 
        "exp-1": 0.45928438811077876, 
        "exp0": 0.852386356061616, 
        "exp+1": 1.098779612588068, 
        "exp+2": 1.3569925411415742, 
        "obs": 0.7214304742851955
    }
}