{
    "3500.0": {
        "exp-2": 0.7784324191925719, 
        "exp-1": 0.8933662924688458, 
        "exp0": 1.0680004681646913, 
        "exp+1": 1.3313900923109454, 
        "exp+2": 1.6790688018424977, 
        "obs": 1.0597346865957562
    }
}