{
    "2500.0": {
        "exp-2": 0.29631873769899103, 
        "exp-1": 0.3653658461962423, 
        "exp0": 0.49162914757975856, 
        "exp+1": 0.6974301184236175, 
        "exp+2": 0.8561717937423148, 
        "obs": 0.4981580228032671
    }
}