{
    "1500.0": {
        "exp-2": 0.4061748728611237, 
        "exp-1": 0.4649242684006723, 
        "exp0": 0.557267328128969, 
        "exp+1": 0.6938087618917579, 
        "exp+2": 0.875843561084335, 
        "obs": 0.5506740129687717
    }
}