{
    "3500.0": {
        "exp-2": 0.7757619742066506, 
        "exp-1": 0.8903015620214819, 
        "exp0": 1.0643366478704002, 
        "exp+1": 1.3268227419667478, 
        "exp+2": 1.6733087114343865, 
        "obs": 1.0553508711984942
    }
}