{
    "5000.0": {
        "exp-2": 1.0772415079422608, 
        "exp-1": 1.2362938946991668, 
        "exp0": 1.47796314151731, 
        "exp+1": 1.8424575284206184, 
        "exp+2": 2.323596210613106, 
        "obs": 1.2104580104845513
    }
}