{
    "4000.0": {
        "exp-2": 0.5668774979272417, 
        "exp-1": 0.7180409458460562, 
        "exp0": 1.352081728298996, 
        "exp+1": 1.717649766591725, 
        "exp+2": 2.1163363276548717, 
        "obs": 1.1366740406628668
    }
}