{
    "5000.0": {
        "exp-2": 1.3852996442126433, 
        "exp-1": 1.5770038361294085, 
        "exp0": 1.879993338370188, 
        "exp+1": 2.331582695587597, 
        "exp+2": 2.937910984589074, 
        "obs": 1.6998481581875124
    }, 
    "3000.0": {
        "exp-2": 0.8767212219149044, 
        "exp-1": 0.998045949319608, 
        "exp0": 1.1898003934098114, 
        "exp+1": 1.4755999137171087, 
        "exp+2": 1.8593298000964578, 
        "obs": 1.0734343364989778
    }, 
    "2500.0": {
        "exp-2": 0.7523400834450747, 
        "exp-1": 0.8602020099050548, 
        "exp0": 1.0246950533286887, 
        "exp+1": 1.2708349488461759, 
        "exp+2": 1.6013156607608474, 
        "obs": 0.9228355111401629
    }, 
    "4500.0": {
        "exp-2": 1.2561858659002259, 
        "exp-1": 1.4300226537870784, 
        "exp0": 1.704772712123232, 
        "exp+1": 2.1142726976958692, 
        "exp+2": 2.664089437667375, 
        "obs": 1.5409504446242555
    }, 
    "3500.0": {
        "exp-2": 1.0013966939383594, 
        "exp-1": 1.139974591574356, 
        "exp0": 1.358997774948982, 
        "exp+1": 1.6854398655876408, 
        "exp+2": 2.1237386438022345, 
        "obs": 1.2272095428549725
    }, 
    "1000.0": {
        "exp-2": 0.42284502548556546, 
        "exp-1": 0.481360267416685, 
        "exp0": 0.5738439569438097, 
        "exp+1": 0.711685834808157, 
        "exp+2": 0.8967597887426428, 
        "obs": 0.5178178960855933
    }, 
    "2000.0": {
        "exp-2": 0.6361457493104614, 
        "exp-1": 0.7241785048544026, 
        "exp0": 0.8633148393957611, 
        "exp+1": 1.072076388199558, 
        "exp+2": 1.3495615441421362, 
        "obs": 0.7771491077898499
    }, 
    "4000.0": {
        "exp-2": 1.128088209233879, 
        "exp-1": 1.2841982531927918, 
        "exp0": 1.5309310892394863, 
        "exp+1": 1.898672897752349, 
        "exp+2": 2.3924229661105483, 
        "obs": 1.3832652491129112
    }, 
    "1500.0": {
        "exp-2": 0.524288027374233, 
        "exp-1": 0.5968414187346608, 
        "exp0": 0.7115124902922351, 
        "exp+1": 0.8835661043113971, 
        "exp+2": 1.1122592451209086, 
        "obs": 0.6398201084467152
    }
}