{
    "1500.0": {
        "exp-2": 0.18975994002651664, 
        "exp-1": 0.23397710722015036, 
        "exp0": 0.31483502624390447, 
        "exp+1": 0.4466281829483548, 
        "exp+2": 0.5482849474065026, 
        "obs": 0.6902184309706229
    }
}