{
    "3500.0": {
        "exp-2": 0.997788069103676, 
        "exp-1": 1.1408394912338045, 
        "exp0": 1.358997774948982, 
        "exp+1": 1.6854398655876408, 
        "exp+2": 2.1237386438022345, 
        "obs": 1.2265889627811615
    }
}