{
    "1000.0": {
        "exp-2": 0.17993147499356352, 
        "exp-1": 0.22885243951848672, 
        "exp0": 0.3671043788897103, 
        "exp+1": 0.49540390651376953, 
        "exp+2": 0.621841604208286, 
        "obs": 0.32006239599008607
    }
}