{
    "2000.0": {
        "exp-2": 0.24287170238288233, 
        "exp-1": 0.2986073395148346, 
        "exp0": 0.4008048543243956, 
        "exp+1": 0.568585852106628, 
        "exp+2": 0.6980013345252016, 
        "obs": 0.8905703961661257
    }
}