{
    "1000.0": {
        "exp-2": 0.13850672383977655, 
        "exp-1": 0.17029206739577163, 
        "exp0": 0.22857404434887177, 
        "exp+1": 0.3242574691632779, 
        "exp+2": 0.39806151882559215, 
        "obs": 0.23125789756717913
    }
}