{
    "4000.0": {
        "exp-2": 1.0520278739790045, 
        "exp-1": 1.2028556125810415, 
        "exp0": 1.432872954812313, 
        "exp+1": 1.7793615938679181, 
        "exp+2": 2.239913159117599, 
        "obs": 1.2946884754926042
    }
}