{
    "8500.0": {
        "exp-2": 1.7923175900911088, 
        "exp-1": 2.0542562634141746, 
        "exp0": 2.45903944661325, 
        "exp+1": 3.061552407159588, 
        "exp+2": 3.864812688199541, 
        "obs": 2.4389338159230465
    }
}