{
    "3000.0": {
        "exp-2": 0.3486730301256852, 
        "exp-1": 0.425785432147564, 
        "exp0": 0.5635407145193051, 
        "exp+1": 0.7994446182655792, 
        "exp+2": 0.9814057147639988, 
        "obs": 0.5708442231513975
    }
}