{
    "4000.0": {
        "exp-2": 0.8772014444762869, 
        "exp-1": 1.0067183595189153, 
        "exp0": 1.203510470380829, 
        "exp+1": 1.500319526336496, 
        "exp+2": 1.8921123990591093, 
        "obs": 0.9849351496706272
    }
}