{
    "2000.0": {
        "exp-2": 0.29646353064078557, 
        "exp-1": 0.3741139434394036, 
        "exp0": 0.6846531968814576, 
        "exp+1": 0.8930837255167784, 
        "exp+2": 1.1042657243931735, 
        "obs": 0.5835600216217586
    }
}