{
    "1500.0": {
        "exp-2": 0.4847654645429249, 
        "exp-1": 0.5535570633909737, 
        "exp0": 0.6602556277984577, 
        "exp+1": 0.8199146214092076, 
        "exp+2": 1.0321328401197325, 
        "obs": 0.605170566223907
    }
}