{
    "4000.0": {
        "exp-2": 0.4530778399951779, 
        "exp-1": 0.5511146239915189, 
        "exp0": 0.7213268940494809, 
        "exp+1": 1.0232816970691412, 
        "exp+2": 1.2561902311919715, 
        "obs": 0.7293945434827951
    }
}