{
    "2000.0": {
        "exp-2": 0.4015845385489368, 
        "exp-1": 0.6625237982452192, 
        "exp0": 0.7969669214226258, 
        "exp+1": 0.9598151685187406, 
        "exp+2": 1.1692482564512265, 
        "obs": 0.6995105634090256
    }
}