{
    "3000.0": {
        "exp-2": 0.4710879197400417, 
        "exp-1": 0.6054396099338525, 
        "exp0": 1.0606601717798212, 
        "exp+1": 1.3407627435093166, 
        "exp+2": 1.6502854533797233, 
        "obs": 0.8925095656337996
    }
}