{
    "3000.0": {
        "exp-2": 0.35237536235681083, 
        "exp-1": 0.43448458050934147, 
        "exp0": 0.5846339666834284, 
        "exp+1": 0.8293676948944317, 
        "exp+2": 1.0181395872603758, 
        "obs": 1.2893883655419347
    }
}