{
    "4500.0": {
        "exp-2": 0.5206168169750066, 
        "exp-1": 0.6404820259395303, 
        "exp0": 0.8637671850678283, 
        "exp+1": 1.2253489230948762, 
        "exp+2": 1.504249910004334, 
        "obs": 0.8765041902194372
    }
}