{
    "5000.0": {
        "exp-2": 1.0389450121547579, 
        "exp-1": 1.1710716036788669, 
        "exp0": 1.3572720890970453, 
        "exp+1": 1.6142687419283668, 
        "exp+2": 1.9281196557068294, 
        "obs": 1.3457818045884031
    }
}