{
    "7500.0": {
        "exp-2": 0.8658139459852214, 
        "exp-1": 1.0657903548566063, 
        "exp0": 1.444277501036418, 
        "exp+1": 2.048866758900524, 
        "exp+2": 2.515208144628039, 
        "obs": 1.4672506710135969
    }
}