{
    "1500.0": {
        "exp-2": 0.18936249443032535, 
        "exp-1": 0.23281852151136995, 
        "exp0": 0.3125, 
        "exp+1": 0.443315680279061, 
        "exp+2": 0.5442185049743714, 
        "obs": 0.6912104862435736
    }
}