{
    "2000.0": {
        "exp-2": 0.7583936841935126, 
        "exp-1": 0.8079380933869046, 
        "exp0": 0.8921314014762624, 
        "exp+1": 1.0229979291803575, 
        "exp+2": 1.2015015188549663, 
        "obs": 0.40596925646158455
    }
}