{
    "2000.0": {
        "exp-2": 0.3220702532784967, 
        "exp-1": 0.41194286869736885, 
        "exp0": 0.7180703308172536, 
        "exp+1": 0.9167130993151531, 
        "exp+2": 1.1355239514168485, 
        "obs": 0.6058101217561886
    }
}