{
    "1500.0": {
        "exp-2": 0.18898338404344792, 
        "exp-1": 0.23235241469110915, 
        "exp0": 0.3118743713578977, 
        "exp+1": 0.44242816549413444, 
        "exp+2": 0.5431289710897258, 
        "obs": 0.6911975141995325
    }
}