{
    "2000.0": {
        "exp-2": 0.4927452197256712, 
        "exp-1": 0.565497992150261, 
        "exp0": 0.676040864149498, 
        "exp+1": 0.8427656577802134, 
        "exp+2": 1.0628451740342502, 
        "obs": 0.6695404629176899
    }
}