{
  "1000.0": {
    "exp+1": 0.20876100659370422,
    "exp+2": 0.22655244171619415,
    "exp-1": 0.166331946849823,
    "exp-2": 0.14798355102539062,
    "exp0": 0.1884765625,
    "obs": 0.20547658154733348
  },
  "1500.0": {
    "exp+1": 0.2640995383262634,
    "exp+2": 0.2893403470516205,
    "exp-1": 0.20597583055496216,
    "exp-2": 0.18325424194335938,
    "exp0": 0.2333984375,
    "obs": 0.25949575278613013
  },
  "2000.0": {
    "exp+1": 0.3215605318546295,
    "exp+2": 0.3544125556945801,
    "exp-1": 0.24858784675598145,
    "exp-2": 0.22090530395507812,
    "exp0": 0.2841796875,
    "obs": 0.3148476234973944
  },
  "2500.0": {
    "exp+1": 0.3816918432712555,
    "exp+2": 0.42025265097618103,
    "exp-1": 0.2948899269104004,
    "exp-2": 0.261688232421875,
    "exp0": 0.3349609375,
    "obs": 0.3711290318994856
  },
  "3000.0": {
    "exp+1": 0.44200757145881653,
    "exp+2": 0.4900783896446228,
    "exp-1": 0.3421306610107422,
    "exp-2": 0.304412841796875,
    "exp0": 0.390625,
    "obs": 0.42968262051835254
  },
  "3500.0": {
    "exp+1": 0.5052130818367004,
    "exp+2": 0.559545636177063,
    "exp-1": 0.39126789569854736,
    "exp-2": 0.34810638427734375,
    "exp0": 0.443359375,
    "obs": 0.4896381953602602
  },
  "4000.0": {
    "exp+1": 0.5679797530174255,
    "exp+2": 0.6334944367408752,
    "exp-1": 0.4396378993988037,
    "exp-2": 0.3911705017089844,
    "exp0": 0.501953125,
    "obs": 0.5507354631994471
  },
  "4500.0": {
    "exp+1": 0.6342983841896057,
    "exp+2": 0.7025132775306702,
    "exp-1": 0.4900503158569336,
    "exp-2": 0.43487548828125,
    "exp0": 0.556640625,
    "obs": 0.6116573618106992
  },
  "5000.0": {
    "exp+1": 0.6961619257926941,
    "exp+2": 0.7764620184898376,
    "exp-1": 0.5395317077636719,
    "exp-2": 0.48065185546875,
    "exp0": 0.615234375,
    "obs": 0.6744931717918489
  },
  "5500.0": {
    "exp+1": 0.7656092643737793,
    "exp+2": 0.8479458689689636,
    "exp-1": 0.5901973247528076,
    "exp-2": 0.334625244140625,
    "exp0": 0.671875,
    "obs": 0.7378188080326286
  },
  "6000.0": {
    "exp+1": 0.8301519155502319,
    "exp+2": 0.9194296598434448,
    "exp-1": 0.6399523019790649,
    "exp-2": 0.3628349304199219,
    "exp0": 0.728515625,
    "obs": 0.7997781548211582
  }
}