{
  "1500.0": {
    "exp+1": 0.22589924931526184,
    "exp+2": 0.25313806533813477,
    "exp-1": 0.17341351509094238,
    "exp-2": 0.15410232543945312,
    "exp0": 0.1982421875,
    "obs": 0.2114475990410443
  },
  "2000.0": {
    "exp+1": 0.2637346088886261,
    "exp+2": 0.2955355942249298,
    "exp-1": 0.20326334238052368,
    "exp-2": 0.17991256713867188,
    "exp0": 0.2314453125,
    "obs": 0.2462881365963055
  },
  "2500.0": {
    "exp+1": 0.30379554629325867,
    "exp+2": 0.340427041053772,
    "exp-1": 0.23470830917358398,
    "exp-2": 0.208282470703125,
    "exp0": 0.2666015625,
    "obs": 0.2833643620305554
  },
  "3000.0": {
    "exp+1": 0.34608209133148193,
    "exp+2": 0.3878124952316284,
    "exp-1": 0.2663402557373047,
    "exp-2": 0.237274169921875,
    "exp0": 0.3037109375,
    "obs": 0.322216642391384
  },
  "3500.0": {
    "exp+1": 0.3905942738056183,
    "exp+2": 0.4351460933685303,
    "exp-1": 0.29984307289123535,
    "exp-2": 0.2664527893066406,
    "exp0": 0.3427734375,
    "obs": 0.36301987161234156
  }
}