{
  "1500.0": {
    "exp+1": 0.22589924931526184,
    "exp+2": 0.25313806533813477,
    "exp-1": 0.17341351509094238,
    "exp-2": 0.15410232543945312,
    "exp0": 0.1982421875,
    "obs": 0.2114475990410443
  },
  "2000.0": {
    "exp+1": 0.2637346088886261,
    "exp+2": 0.2955355942249298,
    "exp-1": 0.20326334238052368,
    "exp-2": 0.17991256713867188,
    "exp0": 0.2314453125,
    "obs": 0.2462881365963055
  },
  "2500.0": {
    "exp+1": 0.30379554629325867,
    "exp+2": 0.340427041053772,
    "exp-1": 0.23470830917358398,
    "exp-2": 0.208282470703125,
    "exp0": 0.2666015625,
    "obs": 0.2833643620305554
  },
  "3000.0": {
    "exp+1": 0.34608209133148193,
    "exp+2": 0.3878124952316284,
    "exp-1": 0.2663402557373047,
    "exp-2": 0.237274169921875,
    "exp0": 0.3037109375,
    "obs": 0.322216642391384
  },
  "3500.0": {
    "exp+1": 0.3905942738056183,
    "exp+2": 0.4351460933685303,
    "exp-1": 0.29984307289123535,
    "exp-2": 0.2664527893066406,
    "exp0": 0.3427734375,
    "obs": 0.36301987161234156
  },
  "4000.0": {
    "exp+1": 0.43510645627975464,
    "exp+2": 0.4847354292869568,
    "exp-1": 0.3344327211380005,
    "exp-2": 0.2975635528564453,
    "exp0": 0.3818359375,
    "obs": 0.404102165401424
  },
  "4500.0": {
    "exp+1": 0.47850582003593445,
    "exp+2": 0.5362038016319275,
    "exp-1": 0.3696870803833008,
    "exp-2": 0.32806396484375,
    "exp0": 0.419921875,
    "obs": 0.4459386119531006
  },
  "5000.0": {
    "exp+1": 0.5237789750099182,
    "exp+2": 0.5876476168632507,
    "exp-1": 0.40491628646850586,
    "exp-2": 0.35982513427734375,
    "exp0": 0.462890625,
    "obs": 0.48838330592120033
  },
  "5500.0": {
    "exp+1": 0.5719813704490662,
    "exp+2": 0.6372225284576416,
    "exp-1": 0.4401893615722656,
    "exp-2": 0.39215087890625,
    "exp0": 0.501953125,
    "obs": 0.5311905337761046
  },
  "6000.0": {
    "exp+1": 0.6187191605567932,
    "exp+2": 0.6892912983894348,
    "exp-1": 0.47615814208984375,
    "exp-2": 0.4241943359375,
    "exp0": 0.54296875,
    "obs": 0.573225058469601
  }
}