{
  "1500.0": {
    "exp+1": 0.09963074326515198,
    "exp+2": 0.1320064216852188,
    "exp-1": 0.052567243576049805,
    "exp-2": 0.039520263671875,
    "exp0": 0.072265625,
    "obs": 0.6855615100366819
  },
  "2000.0": {
    "exp+1": 0.10016929358243942,
    "exp+2": 0.1327199786901474,
    "exp-1": 0.05285139009356499,
    "exp-2": 0.03973388671875,
    "exp0": 0.07265625149011612,
    "obs": 0.6852901514266562
  },
  "2500.0": {
    "exp+1": 0.10070783644914627,
    "exp+2": 0.13248495757579803,
    "exp-1": 0.052876949310302734,
    "exp-2": 0.039947509765625,
    "exp0": 0.07304687798023224,
    "obs": 0.6839077291482869
  },
  "3000.0": {
    "exp+1": 0.10016929358243942,
    "exp+2": 0.13224822282791138,
    "exp-1": 0.05259418487548828,
    "exp-2": 0.03973388671875,
    "exp0": 0.07265625149011612,
    "obs": 0.6850040753925543
  },
  "3500.0": {
    "exp+1": 0.10020685195922852,
    "exp+2": 0.13242726027965546,
    "exp-1": 0.052567243576049805,
    "exp-2": 0.039520263671875,
    "exp0": 0.072265625,
    "obs": 0.6849409615586866
  }
}