{
  "1500.0": {
    "exp+1": 0.21943092346191406,
    "exp+2": 0.24574227631092072,
    "exp-1": 0.16811853647232056,
    "exp-2": 0.14841842651367188,
    "exp0": 0.19189453125,
    "obs": 0.20136915276461
  },
  "2000.0": {
    "exp+1": 0.2570577561855316,
    "exp+2": 0.2880536615848541,
    "exp-1": 0.1968369483947754,
    "exp-2": 0.17447662353515625,
    "exp0": 0.2255859375,
    "obs": 0.23591293483394274
  },
  "2500.0": {
    "exp+1": 0.2971187233924866,
    "exp+2": 0.3329451382160187,
    "exp-1": 0.22751283645629883,
    "exp-2": 0.20166778564453125,
    "exp0": 0.2607421875,
    "obs": 0.2725513432884631
  },
  "3000.0": {
    "exp+1": 0.3382924795150757,
    "exp+2": 0.3790836036205292,
    "exp-1": 0.2596931457519531,
    "exp-2": 0.23077392578125,
    "exp0": 0.296875,
    "obs": 0.3107262823812339
  },
  "3500.0": {
    "exp+1": 0.3816918432712555,
    "exp+2": 0.42771604657173157,
    "exp-1": 0.2926410436630249,
    "exp-2": 0.25972557067871094,
    "exp0": 0.3349609375,
    "obs": 0.35002078914381374
  }
}