{
    "8000.0": {
        "exp-2": 0.6086985428072134, 
        "exp-1": 0.7274341891695454, 
        "exp0": 0.9121574699579015, 
        "exp+1": 1.1926317259772075, 
        "exp+2": 1.579705457274024, 
        "obs": 0.8975285358637868
    }
}