{
    "3500.0": {
        "exp-2": 0.6286611375523435, 
        "exp-1": 0.7153446547920924, 
        "exp0": 0.8440971366840088, 
        "exp+1": 1.0249226982926984, 
        "exp+2": 1.2561918444481255, 
        "obs": 0.8273647835862578
    }
}