{
    "2500.0": {
        "exp-2": 0.48477491666509726, 
        "exp-1": 0.5580450444122713, 
        "exp0": 0.6725650614780171, 
        "exp+1": 0.8427227265803139, 
        "exp+2": 1.068459793755283, 
        "obs": 0.5213910848703767
    }
}