{
    "7000.0": {
        "exp-2": 0.5332996993585666, 
        "exp-1": 0.6373276870323138, 
        "exp0": 0.7991694907840263, 
        "exp+1": 1.0449016818653392, 
        "exp+2": 1.3864267820937872, 
        "obs": 0.7867890033548182
    }
}