{
    "4500.0": {
        "exp-2": 0.3458189689380034, 
        "exp-1": 0.41327606947884343, 
        "exp0": 0.5182226234930313, 
        "exp+1": 0.6791460577250412, 
        "exp+2": 0.8990583845196175, 
        "obs": 0.5103287624228428
    }
}