{
    "1000.0": {
        "exp-2": 0.27197853232701424, 
        "exp-1": 0.313086067432893, 
        "exp0": 0.37733647515212765, 
        "exp+1": 0.47220129390540894, 
        "exp+2": 0.5992831358455488, 
        "obs": 0.2920919851299499
    }
}