{
    "4000.0": {
        "exp-2": 0.4492017659832828, 
        "exp-1": 0.534318030817453, 
        "exp0": 0.667317390751957, 
        "exp+1": 0.8684287595635072, 
        "exp+2": 1.1413023518215124, 
        "obs": 0.45043925957328745
    }
}