{
    "1500.0": {
        "exp-2": 0.37886194579674104, 
        "exp-1": 0.4352923106915452, 
        "exp0": 0.5236589902589958, 
        "exp+1": 0.6544757200040339, 
        "exp+2": 0.8314404964867604, 
        "obs": 0.42102762677054223
    }
}