{
    "5000.0": {
        "exp-2": 1.166048033501929, 
        "exp-1": 1.338212513313631, 
        "exp0": 1.599804690480596, 
        "exp+1": 1.9943475718630994, 
        "exp+2": 2.5151507007504246, 
        "obs": 1.4545112246066163
    }, 
    "3000.0": {
        "exp-2": 0.7384858024642614, 
        "exp-1": 0.8475216525752379, 
        "exp0": 1.0131941829265918, 
        "exp+1": 1.2630675579224413, 
        "exp+2": 1.5929044836830528, 
        "obs": 0.9176499779237621
    }, 
    "2500.0": {
        "exp-2": 0.6361313433069463, 
        "exp-1": 0.7281417910231994, 
        "exp0": 0.8727650027355588, 
        "exp+1": 1.086609556963617, 
        "exp+2": 1.3717036181478997, 
        "obs": 0.7885539052762359
    }, 
    "4500.0": {
        "exp-2": 1.058586542872145, 
        "exp-1": 1.2117011830810756, 
        "exp0": 1.4523687548277813, 
        "exp+1": 1.8082276338311867, 
        "exp+2": 2.2826527502417084, 
        "obs": 1.3184080117929
    }, 
    "3500.0": {
        "exp-2": 0.8439236215047637, 
        "exp-1": 0.9672590287833024, 
        "exp0": 1.1578536382823676, 
        "exp+1": 1.441550560320239, 
        "exp+2": 1.8197705030893825, 
        "obs": 1.0495085747460366
    }, 
    "1000.0": {
        "exp-2": 0.3572457301616774, 
        "exp-1": 0.4099922942391103, 
        "exp0": 0.49013709816744133, 
        "exp+1": 0.6110144105778956, 
        "exp+2": 0.7723829999300429, 
        "obs": 0.43875741521118494
    }, 
    "2000.0": {
        "exp-2": 0.5363041060390624, 
        "exp-1": 0.6154882482465065, 
        "exp0": 0.7358031488393196, 
        "exp+1": 0.917266479678934, 
        "exp+2": 1.1595160776350315, 
        "obs": 0.663455264577572
    }, 
    "4000.0": {
        "exp-2": 0.9507655346965718, 
        "exp-1": 1.0882848713548248, 
        "exp0": 1.3044395439581928, 
        "exp+1": 1.6240528721071663, 
        "exp+2": 2.0501560384399777, 
        "obs": 1.1833200654799854
    }, 
    "1500.0": {
        "exp-2": 0.44213503199426646, 
        "exp-1": 0.5074153227232545, 
        "exp0": 0.6066042681015944, 
        "exp+1": 0.7562046494560704, 
        "exp+2": 0.9559178941255615, 
        "obs": 0.5451016501815685
    }
}