{
    "3500.0": {
        "exp-2": 0.3951148070312236, 
        "exp-1": 0.4699824978227754, 
        "exp0": 0.5869678339390252, 
        "exp+1": 0.7638640491223123, 
        "exp+2": 1.003881788141297, 
        "obs": 0.396346215054392
    }
}