{
    "1500.0": {
        "exp-2": 0.33696586100130455, 
        "exp-1": 0.38789575809643506, 
        "exp0": 0.4674983320614441, 
        "exp+1": 0.5857745134643446, 
        "exp+2": 0.7426838068682075, 
        "obs": 0.3610226323441382
    }
}