{
    "8000.0": {
        "exp-2": 1.3986993469939313, 
        "exp-1": 1.6101023687669476, 
        "exp0": 1.940521837032503, 
        "exp+1": 2.428381565830699, 
        "exp+2": 3.0819231021603044, 
        "obs": 1.9025081877067451
    }
}