{
    "2000.0": {
        "exp-2": 0.23612626968292832, 
        "exp-1": 0.280868271221241, 
        "exp0": 0.350780380010057, 
        "exp+1": 0.4564960802448949, 
        "exp+2": 0.5999341203364085, 
        "obs": 0.23735276935361624
    }
}