{
    "3500.0": {
        "exp-2": 0.34256721879395197, 
        "exp-1": 0.406118004703127, 
        "exp0": 0.5089050863578876, 
        "exp+1": 0.6638322094296343, 
        "exp+2": 0.8766782537995151, 
        "obs": 0.4210047871051497
    }
}