{
    "2500.0": {
        "exp-2": 0.288735023787227, 
        "exp-1": 0.34344551299225906, 
        "exp0": 0.4289339914713399, 
        "exp+1": 0.5582030737458427, 
        "exp+2": 0.7335989889947047, 
        "obs": 0.28932484445462925
    }
}