{
    "4000.0": {
        "exp-2": 0.708391724778968, 
        "exp-1": 0.8060689752494198, 
        "exp0": 0.9511506315205063, 
        "exp+1": 1.1549095941641683, 
        "exp+2": 1.4155096583924531, 
        "obs": 0.9326567057283034
    }
}