{
    "3000.0": {
        "exp-2": 0.5637437527430937, 
        "exp-1": 0.6489494325161107, 
        "exp0": 0.7821245257897607, 
        "exp+1": 0.9787556549922255, 
        "exp+2": 1.2421646595900335, 
        "obs": 0.6071294856534106
    }
}