{
    "4500.0": {
        "exp-2": 0.34503212157274893, 
        "exp-1": 0.4109285440665648, 
        "exp0": 0.5170435033679468, 
        "exp+1": 0.6760263384436633, 
        "exp+2": 0.8938796156149407, 
        "obs": 0.5082672784902807
    }
}