{
    "2500.0": {
        "exp-2": 0.4777840296095384, 
        "exp-1": 0.5472990299460905, 
        "exp0": 0.653117514754482, 
        "exp+1": 0.8068467216352759, 
        "exp+2": 1.007194092741104, 
        "obs": 0.6403944111376889
    }
}