{
    "4500.0": {
        "exp-2": 0.3345321713701698, 
        "exp-1": 0.391984063079986, 
        "exp0": 0.47495887979908324, 
        "exp+1": 0.5905723366646347, 
        "exp+2": 0.7355841563901456, 
        "obs": 0.4684348822968515
    }
}