{
    "6000.0": {
        "exp-2": 1.0584135570808322, 
        "exp-1": 1.2217019351241665, 
        "exp0": 1.4684175155588413, 
        "exp+1": 1.8399242861345915, 
        "exp+2": 2.3327781720711362, 
        "obs": 1.4416007150669097
    }
}