{
    "2000.0": {
        "exp-2": 0.16153182131355728, 
        "exp-1": 0.19238219285274574, 
        "exp0": 0.24206145913796356, 
        "exp+1": 0.3164915982271728, 
        "exp+2": 0.41993656576319255, 
        "obs": 0.23863205998042442
    }
}