{
    "5000.0": {
        "exp-2": 0.36972609014627034, 
        "exp-1": 0.4341479016542496, 
        "exp0": 0.5270050939407849, 
        "exp+1": 0.6552875136385741, 
        "exp+2": 0.8122063252761412, 
        "obs": 0.5189654410172736
    }
}