{
    "3500.0": {
        "exp-2": 0.643429455996343, 
        "exp-1": 0.742695524115049, 
        "exp0": 0.8926785535678563, 
        "exp+1": 1.1185245116186484, 
        "exp+2": 1.4181395708918416, 
        "obs": 0.6947293131530342
    }
}