{
    "4000.0": {
        "exp-2": 0.360473012746038, 
        "exp-1": 0.43078860603502456, 
        "exp0": 0.5401822498741244, 
        "exp+1": 0.7062799033864453, 
        "exp+2": 0.9322562113294375, 
        "obs": 0.4224172984212679
    }
}