{
    "5000.0": {
        "exp-2": 0.4833658843205631, 
        "exp-1": 0.574955681461216, 
        "exp0": 0.7180703308172536, 
        "exp+1": 0.9388658111289189, 
        "exp+2": 1.2370929491682898, 
        "obs": 0.5925930169202765
    }
}