{
    "5000.0": {
        "exp-2": 1.08185496081961, 
        "exp-1": 1.2383351600055048, 
        "exp0": 1.4842927608797396, 
        "exp+1": 1.8527196173790943, 
        "exp+2": 2.3451756528287704, 
        "obs": 1.2905891655688566
    }
}