{
    "5000.0": {
        "exp-2": 0.8882210394886142, 
        "exp-1": 1.0224690405115582, 
        "exp0": 1.232296509570647, 
        "exp+1": 1.5440651390487024, 
        "exp+2": 1.957668238848295, 
        "obs": 1.2085653142708608
    }, 
    "3000.0": {
        "exp-2": 0.5619860526421077, 
        "exp-1": 0.6469260835978966, 
        "exp0": 0.7796859343671656, 
        "exp+1": 0.9769449629475089, 
        "exp+2": 1.241452317436397, 
        "obs": 0.7634496911063975
    }, 
    "2500.0": {
        "exp-2": 0.48375342079549954, 
        "exp-1": 0.5568691654520469, 
        "exp0": 0.671147862341079, 
        "exp+1": 0.8409469810356803, 
        "exp+2": 1.0686329381533903, 
        "obs": 0.6567822459657693
    }, 
    "4500.0": {
        "exp-2": 0.8058623098892267, 
        "exp-1": 0.927662414972356, 
        "exp0": 1.118033988749895, 
        "exp+1": 1.4008943936491405, 
        "exp+2": 1.7761469238354266, 
        "obs": 1.0958087274425508
    }, 
    "3500.0": {
        "exp-2": 0.6420480692803316, 
        "exp-1": 0.7390888782011784, 
        "exp0": 0.8907620508587015, 
        "exp+1": 1.1161230925454941, 
        "exp+2": 1.415094999757049, 
        "obs": 0.8734926680540541
    }, 
    "1000.0": {
        "exp-2": 0.27239792618151165, 
        "exp-1": 0.3135688503284609, 
        "exp0": 0.3779183319514945, 
        "exp+1": 0.47292944208890086, 
        "exp+2": 0.6002072512788915, 
        "obs": 0.36860079701568865
    }, 
    "2000.0": {
        "exp-2": 0.4068645816998536, 
        "exp-1": 0.4705569091618773, 
        "exp0": 0.5666082613896483, 
        "exp+1": 0.7099590485139717, 
        "exp+2": 0.9001332078476592, 
        "obs": 0.5537871588654304
    }, 
    "4000.0": {
        "exp-2": 0.7228937532016505, 
        "exp-1": 0.8321537769344913, 
        "exp0": 1.0029254084925758, 
        "exp+1": 1.2566635855443875, 
        "exp+2": 1.596904624470081, 
        "obs": 0.9837986910655615
    }, 
    "1500.0": {
        "exp-2": 0.3364573160791914, 
        "exp-1": 0.38731034621482735, 
        "exp0": 0.46679278894655174, 
        "exp+1": 0.5848904473273882, 
        "exp+2": 0.7432492341449178, 
        "obs": 0.45661007646023716
    }
}