{
    "5000.0": {
        "exp-2": 0.36972609014627034, 
        "exp-1": 0.4341479016542496, 
        "exp0": 0.5270050939407849, 
        "exp+1": 0.6552875136385741, 
        "exp+2": 0.8122063252761412, 
        "obs": 0.5189654410172736
    }, 
    "3000.0": {
        "exp-2": 0.23124868353907146, 
        "exp-1": 0.2747044909997488, 
        "exp0": 0.34061066921080474, 
        "exp+1": 0.4390685708926098, 
        "exp+2": 0.5692412623211073, 
        "obs": 0.3352522154927881
    }, 
    "2500.0": {
        "exp-2": 0.1951444570522647, 
        "exp-1": 0.2318156293733387, 
        "exp0": 0.28743205459705407, 
        "exp+1": 0.37051798676319725, 
        "exp+2": 0.48036716907043386, 
        "obs": 0.2833806441411305
    }, 
    "4500.0": {
        "exp-2": 0.3345321713701698, 
        "exp-1": 0.391984063079986, 
        "exp0": 0.47495887979908324, 
        "exp+1": 0.5905723366646347, 
        "exp+2": 0.7355841563901456, 
        "obs": 0.4684348822968515
    }, 
    "3500.0": {
        "exp-2": 0.2647417614792377, 
        "exp-1": 0.31265580346467836, 
        "exp0": 0.3834974816872524, 
        "exp+1": 0.4847727342402442, 
        "exp+2": 0.6158281639752814, 
        "obs": 0.3777907837545985
    }, 
    "1000.0": {
        "exp-2": 0.09289157773901652, 
        "exp-1": 0.1104929870175194, 
        "exp0": 0.13799626353637262, 
        "exp+1": 0.1808481773222128, 
        "exp+2": 0.23981894262297707, 
        "obs": 0.13598982513991537
    }, 
    "2000.0": {
        "exp-2": 0.16153182131355728, 
        "exp-1": 0.19238219285274574, 
        "exp0": 0.24206145913796356, 
        "exp+1": 0.3164915982271728, 
        "exp+2": 0.41993656576319255, 
        "obs": 0.2384718818543892
    }, 
    "4000.0": {
        "exp-2": 0.3007863155780639, 
        "exp-1": 0.35522385430009956, 
        "exp0": 0.43571061960839963, 
        "exp+1": 0.5507744863108363, 
        "exp+2": 0.699673084146305, 
        "obs": 0.4288573310795408
    }, 
    "1500.0": {
        "exp-2": 0.12616038402987176, 
        "exp-1": 0.1507698331473517, 
        "exp0": 0.18905603933723958, 
        "exp+1": 0.24776352445331826, 
        "exp+2": 0.32799111768424805, 
        "obs": 0.18616786375431144
    }
}