{
    "3000.0": {
        "exp-2": 0.2947213204677959, 
        "exp-1": 0.3513824001579292, 
        "exp0": 0.4397264774834465, 
        "exp+1": 0.5735933959843461, 
        "exp+2": 0.7575059644382448, 
        "obs": 0.36428790081704376
    }
}