{
    "1000.0": {
        "exp-2": 0.27355954307681984, 
        "exp-1": 0.3149060369931684, 
        "exp0": 0.37952993129659746, 
        "exp+1": 0.4749462047029699, 
        "exp+2": 0.6027667637032148, 
        "obs": 0.37010044893966015
    }
}