{
    "5500.0": {
        "exp-2": 0.9745604477949277, 
        "exp-1": 1.1233861792120523, 
        "exp0": 1.352081728298996, 
        "exp+1": 1.694155742286678, 
        "exp+2": 2.1479631489837274, 
        "obs": 1.3269151106060555
    }
}