{
    "2500.0": {
        "exp-2": 0.23127837135926427, 
        "exp-1": 0.27639263561612337, 
        "exp0": 0.3465792658252943, 
        "exp+1": 0.45314699974586325, 
        "exp+2": 0.5991761571674583, 
        "obs": 0.2730380481405357
    }
}