{
    "4000.0": {
        "exp-2": 0.3880186486236035, 
        "exp-1": 0.4626164328444888, 
        "exp0": 0.5789268191411838, 
        "exp+1": 0.7551708387516273, 
        "exp+2": 0.9955432342939302, 
        "obs": 0.47762030588341514
    }
}