{
    "6000.0": {
        "exp-2": 0.4578318308632139, 
        "exp-1": 0.547138695492937, 
        "exp0": 0.6860780750031297, 
        "exp+1": 0.8991256069063037, 
        "exp+2": 1.1902688522528473, 
        "obs": 0.6759531832061452
    }
}