{
    "5000.0": {
        "exp-2": 0.3833900299160928, 
        "exp-1": 0.4581759211407064, 
        "exp0": 0.5745242597140698, 
        "exp+1": 0.7511815459788839, 
        "exp+2": 0.9949807624778272, 
        "obs": 0.565359771873325
    }, 
    "3000.0": {
        "exp-2": 0.23454583617616862, 
        "exp-1": 0.28029746773345215, 
        "exp0": 0.35147568372506227, 
        "exp+1": 0.4606192670229871, 
        "exp+2": 0.6097710618357725, 
        "obs": 0.34666595157051844
    }, 
    "2500.0": {
        "exp-2": 0.19838405099567133, 
        "exp-1": 0.23627269504671258, 
        "exp0": 0.297285899850632, 
        "exp+1": 0.38869669849351907, 
        "exp+2": 0.5148498893684327, 
        "obs": 0.2923900841807623
    }, 
    "8000.0": {
        "exp-2": 0.6086985428072134, 
        "exp-1": 0.7274341891695454, 
        "exp0": 0.9121574699579015, 
        "exp+1": 1.1926317259772075, 
        "exp+2": 1.579705457274024, 
        "obs": 0.8975285358637868
    }, 
    "4500.0": {
        "exp-2": 0.3458189689380034, 
        "exp-1": 0.41327606947884343, 
        "exp0": 0.5182226234930313, 
        "exp+1": 0.6791460577250412, 
        "exp+2": 0.8990583845196175, 
        "obs": 0.5103287624228428
    }, 
    "3500.0": {
        "exp-2": 0.2718985711764821, 
        "exp-1": 0.32382748446153853, 
        "exp0": 0.40745015032516557, 
        "exp+1": 0.5327347315529603, 
        "exp+2": 0.7056360969312861, 
        "obs": 0.40108083223451224
    }, 
    "1000.0": {
        "exp-2": 0.09289157773901652, 
        "exp-1": 0.1104929870175194, 
        "exp0": 0.13799626353637262, 
        "exp+1": 0.1808481773222128, 
        "exp+2": 0.23981894262297707, 
        "obs": 0.13613512791652665
    }, 
    "7500.0": {
        "exp-2": 0.5711012311411502, 
        "exp-1": 0.6825029662350763, 
        "exp0": 0.8558164961018221, 
        "exp+1": 1.1189667731457877, 
        "exp+2": 1.4821322714842866, 
        "obs": 0.8421903412798384
    }, 
    "2000.0": {
        "exp-2": 0.16220347419527, 
        "exp-1": 0.19318212226088965, 
        "exp0": 0.2430679560328757, 
        "exp+1": 0.31780757943379284, 
        "exp+2": 0.42095339741525817, 
        "obs": 0.23912020246498472
    }, 
    "6000.0": {
        "exp-2": 0.4578318308632139, 
        "exp-1": 0.547138695492937, 
        "exp0": 0.6860780750031297, 
        "exp+1": 0.8991256069063037, 
        "exp+2": 1.1902688522528473, 
        "obs": 0.6759531832061452
    }, 
    "4000.0": {
        "exp-2": 0.30860611130305526, 
        "exp-1": 0.36880429401587217, 
        "exp0": 0.4624577683421482, 
        "exp+1": 0.6060645832577889, 
        "exp+2": 0.802312586995419, 
        "obs": 0.45547929904642714
    }, 
    "1500.0": {
        "exp-2": 0.12598791736617296, 
        "exp-1": 0.1515861650062273, 
        "exp0": 0.1887975933374152, 
        "exp+1": 0.24857064763778008, 
        "exp+2": 0.3286726785971409, 
        "obs": 0.18749176960922947
    }, 
    "9000.0": {
        "exp-2": 0.6840511862358145, 
        "exp-1": 0.8174854792900591, 
        "exp0": 1.0250762166785454, 
        "exp+1": 1.3402712393004392, 
        "exp+2": 1.7752620369283265, 
        "obs": 1.0097102043741013
    }, 
    "8500.0": {
        "exp-2": 0.6461272852542291, 
        "exp-1": 0.7721639609676092, 
        "exp0": 0.9682458365518543, 
        "exp+1": 1.2689147860997718, 
        "exp+2": 1.6797984241852906, 
        "obs": 0.9541372925619233
    }, 
    "5500.0": {
        "exp-2": 0.4201897764608124, 
        "exp-1": 0.502154002090181, 
        "exp0": 0.6296700524878089, 
        "exp+1": 0.8252011993017648, 
        "exp+2": 1.0924072197421675, 
        "obs": 0.6206568058897061
    }, 
    "7000.0": {
        "exp-2": 0.5332996993585666, 
        "exp-1": 0.6373276870323138, 
        "exp0": 0.7991694907840263, 
        "exp+1": 1.0449016818653392, 
        "exp+2": 1.3864267820937872, 
        "obs": 0.7867890033548182
    }, 
    "6500.0": {
        "exp-2": 0.49612450692057886, 
        "exp-1": 0.5929009239196013, 
        "exp0": 0.7434610783356449, 
        "exp+1": 0.9720637956844984, 
        "exp+2": 1.2875513177662679, 
        "obs": 0.7318986781690806
    }
}