{
    "5000.0": {
        "exp-2": 0.9175614122839408, 
        "exp-1": 1.0307463369662944, 
        "exp0": 1.190784930203603, 
        "exp+1": 1.4022200165887593, 
        "exp+2": 1.6568157741188054, 
        "obs": 1.2248340469241243
    }, 
    "3000.0": {
        "exp-2": 0.5819132640480023, 
        "exp-1": 0.653694627214737, 
        "exp0": 0.7551903733496608, 
        "exp+1": 0.8892815144155737, 
        "exp+2": 1.0507450026602743, 
        "obs": 0.7758779074337637
    }, 
    "2500.0": {
        "exp-2": 0.5016452423962077, 
        "exp-1": 0.563525219275952, 
        "exp0": 0.6510208329999894, 
        "exp+1": 0.7666157131954312, 
        "exp+2": 0.9058071896226225, 
        "obs": 0.6675724657104251
    }, 
    "8000.0": {
        "exp-2": 1.436735530421309, 
        "exp-1": 1.6139626899576072, 
        "exp0": 1.8645542362720373, 
        "exp+1": 2.1956234097495377, 
        "exp+2": 2.5942743529718575, 
        "obs": 1.9177023209900412
    }, 
    "4500.0": {
        "exp-2": 0.8327553334038156, 
        "exp-1": 0.935479084019618, 
        "exp0": 1.0807260291119114, 
        "exp+1": 1.2726191131812346, 
        "exp+2": 1.5036837326504282, 
        "obs": 1.1105867344812768
    }, 
    "3500.0": {
        "exp-2": 0.6647055709814308, 
        "exp-1": 0.7466997012709821, 
        "exp0": 0.8626358588651413, 
        "exp+1": 1.0158049790762262, 
        "exp+2": 1.200240802445993, 
        "obs": 0.8859046860002694
    }, 
    "1000.0": {
        "exp-2": 0.28142965724588986, 
        "exp-1": 0.316679542158448, 
        "exp0": 0.36643873123620546, 
        "exp+1": 0.4315033776448332, 
        "exp+2": 0.5098498044719809, 
        "obs": 0.37454996824128584
    }, 
    "7500.0": {
        "exp-2": 1.3501844492049966, 
        "exp-1": 1.5167351815534293, 
        "exp0": 1.7522307211095234, 
        "exp+1": 2.06335581738984, 
        "exp+2": 2.4379914595256422, 
        "obs": 1.801371530851055
    }, 
    "2000.0": {
        "exp-2": 0.4232832398901178, 
        "exp-1": 0.47549694568122397, 
        "exp0": 0.5493248697264671, 
        "exp+1": 0.6468626684589083, 
        "exp+2": 0.7643110717340847, 
        "obs": 0.5638920096858607
    }, 
    "6000.0": {
        "exp-2": 1.0897247358851685, 
        "exp-1": 1.2241467053625559, 
        "exp0": 1.414213562373095, 
        "exp+1": 1.6653204805938486, 
        "exp+2": 1.9676863809643033, 
        "obs": 1.4522276716181972
    }, 
    "4000.0": {
        "exp-2": 0.7476362490793902, 
        "exp-1": 0.8398602151365656, 
        "exp0": 0.9702609185162515, 
        "exp+1": 1.1425398860955687, 
        "exp+2": 1.3499864860140838, 
        "obs": 0.9964831027788015
    }, 
    "1500.0": {
        "exp-2": 0.34862597375995685, 
        "exp-1": 0.39229239318720954, 
        "exp0": 0.4539324701979359, 
        "exp+1": 0.5345324479540994, 
        "exp+2": 0.6315854739125903, 
        "obs": 0.4645132317625653
    }, 
    "9000.0": {
        "exp-2": 1.6117246197784534, 
        "exp-1": 1.8105373937858547, 
        "exp0": 2.091650066335189, 
        "exp+1": 2.4630422159806025, 
        "exp+2": 2.910247350713335, 
        "obs": 2.150989415757324
    }, 
    "8500.0": {
        "exp-2": 1.5259794498124803, 
        "exp-1": 1.714215209056023, 
        "exp0": 1.9803724397193574, 
        "exp+1": 2.3320062019370367, 
        "exp+2": 2.746207049055209, 
        "obs": 2.0343429038588914
    }, 
    "5500.0": {
        "exp-2": 1.0032904847924153, 
        "exp-1": 1.127050438551904, 
        "exp0": 1.3020416659999787, 
        "exp+1": 1.5332314263908624, 
        "exp+2": 1.811614379245245, 
        "obs": 1.3390528266653952
    }, 
    "7000.0": {
        "exp-2": 1.2632114332129836, 
        "exp-1": 1.4190336910062908, 
        "exp0": 1.6393596310755, 
        "exp+1": 1.9304433724477117, 
        "exp+2": 2.2809465807488207, 
        "obs": 1.685250052339448
    }, 
    "6500.0": {
        "exp-2": 1.1757228494632568, 
        "exp-1": 1.3207530353257817, 
        "exp0": 1.5258194519667128, 
        "exp+1": 1.7967430398003958, 
        "exp+2": 2.122970846406319, 
        "obs": 1.5693818785472446
    }
}