{
    "4000.0": {
        "exp-2": 0.8169349892967085, 
        "exp-1": 0.9411403866251217, 
        "exp0": 1.1291589685062693, 
        "exp+1": 1.4112373498124964, 
        "exp+2": 1.7887112468410897, 
        "obs": 0.920253828119078
    }
}