{
    "2500.0": {
        "exp-2": 0.19749150704580845, 
        "exp-1": 0.23601514410268562, 
        "exp0": 0.29594838945118457, 
        "exp+1": 0.3869479299836195, 
        "exp+2": 0.512533543814827, 
        "obs": 0.2910503582266106
    }
}