{
    "4000.0": {
        "exp-2": 0.3007863155780639, 
        "exp-1": 0.35522385430009956, 
        "exp0": 0.43571061960839963, 
        "exp+1": 0.5507744863108363, 
        "exp+2": 0.699673084146305, 
        "obs": 0.4288573310795408
    }
}