{
    "3500.0": {
        "exp-2": 0.2718985711764821, 
        "exp-1": 0.32382748446153853, 
        "exp0": 0.40745015032516557, 
        "exp+1": 0.5327347315529603, 
        "exp+2": 0.7056360969312861, 
        "obs": 0.40108083223451224
    }
}