{
    "1500.0": {
        "exp-2": 0.44213503199426646, 
        "exp-1": 0.5060857317937965, 
        "exp0": 0.6066042681015944, 
        "exp+1": 0.7562046494560704, 
        "exp+2": 0.9559178941255615, 
        "obs": 0.5447038814431248
    }
}