{
    "5500.0": {
        "exp-2": 0.4201897764608124, 
        "exp-1": 0.502154002090181, 
        "exp0": 0.6296700524878089, 
        "exp+1": 0.8252011993017648, 
        "exp+2": 1.0924072197421675, 
        "obs": 0.6206568058897061
    }
}