{
    "7000.0": {
        "exp-2": 1.228774875765492, 
        "exp-1": 1.414495075302208, 
        "exp0": 1.704772712123232, 
        "exp+1": 2.133363533799664, 
        "exp+2": 2.7075080396650857, 
        "obs": 1.6715111446980773
    }
}