{
    "1000.0": {
        "exp-2": 0.10808389581117517, 
        "exp-1": 0.12856399733089172, 
        "exp0": 0.16056540607326028, 
        "exp+1": 0.21042570969692043, 
        "exp+2": 0.2780842097513138, 
        "obs": 0.13192469496971423
    }
}