{
    "5000.0": {
        "exp-2": 0.8910155527532098, 
        "exp-1": 1.0256859345033928, 
        "exp0": 1.2361735507944327, 
        "exp+1": 1.5469555304016211, 
        "exp+2": 1.9632821826499973, 
        "obs": 0.9638895345002157
    }, 
    "3000.0": {
        "exp-2": 0.5637437527430937, 
        "exp-1": 0.6489494325161107, 
        "exp0": 0.7821245257897607, 
        "exp+1": 0.9787556549922255, 
        "exp+2": 1.2421646595900335, 
        "obs": 0.6071294856534106
    }, 
    "2500.0": {
        "exp-2": 0.48477491666509726, 
        "exp-1": 0.5580450444122713, 
        "exp0": 0.6725650614780171, 
        "exp+1": 0.8427227265803139, 
        "exp+2": 1.068459793755283, 
        "obs": 0.5213910848703767
    }, 
    "4500.0": {
        "exp-2": 0.8078744609983837, 
        "exp-1": 0.9299786856987823, 
        "exp0": 1.1208255992088412, 
        "exp+1": 1.404392286940396, 
        "exp+2": 1.7805817672392439, 
        "obs": 0.8734175326240314
    }, 
    "3500.0": {
        "exp-2": 0.643429455996343, 
        "exp-1": 0.742695524115049, 
        "exp0": 0.8926785535678563, 
        "exp+1": 1.1185245116186484, 
        "exp+2": 1.4181395708918416, 
        "obs": 0.6947293131530342
    }, 
    "1000.0": {
        "exp-2": 0.27197853232701424, 
        "exp-1": 0.313086067432893, 
        "exp0": 0.37733647515212765, 
        "exp+1": 0.47220129390540894, 
        "exp+2": 0.5992831358455488, 
        "obs": 0.2920919851299499
    }, 
    "2000.0": {
        "exp-2": 0.40763735463108014, 
        "exp-1": 0.4714506552837016, 
        "exp0": 0.5676844413932797, 
        "exp+1": 0.7104039548107631, 
        "exp+2": 0.9015924538011394, 
        "obs": 0.43902084915145706
    }, 
    "4000.0": {
        "exp-2": 0.7252760953367055, 
        "exp-1": 0.8348961877534574, 
        "exp0": 1.006230613569134, 
        "exp+1": 1.260805017632821, 
        "exp+2": 1.5985322896197722, 
        "obs": 0.7836175882124929
    }, 
    "1500.0": {
        "exp-2": 0.33696586100130455, 
        "exp-1": 0.38789575809643506, 
        "exp0": 0.4674983320614441, 
        "exp+1": 0.5857745134643446, 
        "exp+2": 0.7426838068682075, 
        "obs": 0.3610226840262252
    }
}