{
    "2000.0": {
        "exp-2": 0.4940672808710811, 
        "exp-1": 0.5680928342671135, 
        "exp0": 0.6803606580336637, 
        "exp+1": 0.8492378211665559, 
        "exp+2": 1.0749666696748625, 
        "obs": 0.5956867991074084
    }
}