{
    "2000.0": {
        "exp-2": 0.40689550980940214, 
        "exp-1": 0.4705926757644196, 
        "exp0": 0.5666513373134057, 
        "exp+1": 0.7100130295565322, 
        "exp+2": 0.9002016411176265, 
        "obs": 0.554246854638466
    }
}