{
    "1000.0": {
        "exp-2": 0.27197853232701424, 
        "exp-1": 0.3139384423245006, 
        "exp0": 0.37733647515212765, 
        "exp+1": 0.4728018638841565, 
        "exp+2": 0.5994495837493427, 
        "obs": 0.368274536129336
    }
}