{
    "5000.0": {
        "exp-2": 0.8910155527532098, 
        "exp-1": 1.0256859345033928, 
        "exp0": 1.2361735507944327, 
        "exp+1": 1.5469555304016211, 
        "exp+2": 1.9632821826499973, 
        "obs": 0.9638919831241619
    }
}