{
    "5000.0": {
        "exp-2": 1.0029862637705962, 
        "exp-1": 1.1554785552005369, 
        "exp0": 1.3863170633011772, 
        "exp+1": 1.7326368265218273, 
        "exp+2": 2.1960778039375715, 
        "obs": 1.1324163638900724
    }
}