{
    "1000.0": {
        "exp-2": 0.3048452189188673, 
        "exp-1": 0.3511933507919045, 
        "exp0": 0.4213538483035752, 
        "exp+1": 0.5272849156090579, 
        "exp+2": 0.6691912345208413, 
        "obs": 0.3394344750520829
    }
}