{
    "4500.0": {
        "exp-2": 0.4052722609169668, 
        "exp-1": 0.48318709560442, 
        "exp0": 0.6046693261936936, 
        "exp+1": 0.7905957650068067, 
        "exp+2": 1.0453696744190872, 
        "obs": 0.4727119817131358
    }
}