{
    "2500.0": {
        "exp-2": 0.2487072901265851, 
        "exp-1": 0.29652203105883934, 
        "exp0": 0.3710731902199349, 
        "exp+1": 0.48403983671994977, 
        "exp+2": 0.6392386485163454, 
        "obs": 0.30815546687813133
    }
}