{
    "1000.0": {
        "exp-2": 0.27239792618151165, 
        "exp-1": 0.3135688503284609, 
        "exp0": 0.3779183319514945, 
        "exp+1": 0.47292944208890086, 
        "exp+2": 0.6002072512788915, 
        "obs": 0.36860079701568865
    }
}