{
    "1500.0": {
        "exp-2": 0.12616038402987176, 
        "exp-1": 0.1507698331473517, 
        "exp0": 0.18905603933723958, 
        "exp+1": 0.24776352445331826, 
        "exp+2": 0.32799111768424805, 
        "obs": 0.18616786375431144
    }
}