{
    "4500.0": {
        "exp-2": 0.8058623098892267, 
        "exp-1": 0.927662414972356, 
        "exp0": 1.118033988749895, 
        "exp+1": 1.4008943936491405, 
        "exp+2": 1.7761469238354266, 
        "obs": 1.0958087274425508
    }
}