{
    "3500.0": {
        "exp-2": 0.27029443581259677, 
        "exp-1": 0.3230193600359084, 
        "exp0": 0.4050462936504913, 
        "exp+1": 0.5295917491959458, 
        "exp+2": 0.7026882722669356, 
        "obs": 0.2625501438948363
    }
}