{
    "2500.0": {
        "exp-2": 0.19838405099567133, 
        "exp-1": 0.23627269504671258, 
        "exp0": 0.297285899850632, 
        "exp+1": 0.38869669849351907, 
        "exp+2": 0.5148498893684327, 
        "obs": 0.2923900841807623
    }
}