{
    "1500.0": {
        "exp-2": 0.18506722945946866, 
        "exp-1": 0.2201343905370048, 
        "exp0": 0.2749289708090366, 
        "exp+1": 0.35778510809251013, 
        "exp+2": 0.4702066517846166, 
        "obs": 0.18600489915114482
    }
}