{
    "4000.0": {
        "exp-2": 0.7228937532016505, 
        "exp-1": 0.8321537769344913, 
        "exp0": 1.0029254084925758, 
        "exp+1": 1.2566635855443875, 
        "exp+2": 1.596904624470081, 
        "obs": 0.9837986910655615
    }
}