{
    "1500.0": {
        "exp-2": 0.15744174424856722, 
        "exp-1": 0.18943078607424801, 
        "exp0": 0.23593232610221093, 
        "exp+1": 0.30847785077037965, 
        "exp+2": 0.4064646667242524, 
        "obs": 0.19895777197463457
    }
}