{
    "2500.0": {
        "exp-2": 0.19717472172547354, 
        "exp-1": 0.23563656625514615, 
        "exp0": 0.2954736688608921, 
        "exp+1": 0.3863272370886555, 
        "exp+2": 0.512597908576646, 
        "obs": 0.19225625130190743
    }
}