{
    "1500.0": {
        "exp-2": 0.4062030471664925, 
        "exp-1": 0.4670640029474674, 
        "exp0": 0.5593662655537385, 
        "exp+1": 0.6982105594754398, 
        "exp+2": 0.8837961101777869, 
        "obs": 0.493301390780877
    }
}