{
    "9000.0": {
        "exp-2": 0.6840511862358145, 
        "exp-1": 0.8174854792900591, 
        "exp0": 1.0250762166785454, 
        "exp+1": 1.3402712393004392, 
        "exp+2": 1.7752620369283265, 
        "obs": 1.0097102043741013
    }
}