{
    "5000.0": {
        "exp-2": 1.0029862637705962, 
        "exp-1": 1.1554785552005369, 
        "exp0": 1.3863170633011772, 
        "exp+1": 1.7326368265218273, 
        "exp+2": 2.1960778039375715, 
        "obs": 1.1324163638900724
    }, 
    "3000.0": {
        "exp-2": 0.6343442251698942, 
        "exp-1": 0.7307888288514781, 
        "exp0": 0.8767839026356089, 
        "exp+1": 1.0958157241818243, 
        "exp+2": 1.3921151481691534, 
        "obs": 0.7115957510681242
    }, 
    "2500.0": {
        "exp-2": 0.5459981973901273, 
        "exp-1": 0.6290108019245452, 
        "exp0": 0.7546729503042553, 
        "exp+1": 0.9431999182348402, 
        "exp+2": 1.195484473130417, 
        "obs": 0.6113085302926257
    }, 
    "4500.0": {
        "exp-2": 0.9093226270243489, 
        "exp-1": 1.0475744501391246, 
        "exp0": 1.2568561875402222, 
        "exp+1": 1.5708349317277759, 
        "exp+2": 1.9909975574579972, 
        "obs": 1.0259552645392294
    }, 
    "3500.0": {
        "exp-2": 0.7246193692322688, 
        "exp-1": 0.8347892361605469, 
        "exp0": 1.0015612573958141, 
        "exp+1": 1.251764101705169, 
        "exp+2": 1.590230608837041, 
        "obs": 0.8155701419794181
    }, 
    "1000.0": {
        "exp-2": 0.3048452189188673, 
        "exp-1": 0.3511933507919045, 
        "exp0": 0.4213538483035752, 
        "exp+1": 0.5272849156090579, 
        "exp+2": 0.6691912345208413, 
        "obs": 0.3394344750520829
    }, 
    "2000.0": {
        "exp-2": 0.46002624436852785, 
        "exp-1": 0.5299678364477106, 
        "exp0": 0.6358434359179939, 
        "exp+1": 0.7946852723216802, 
        "exp+2": 1.0095615438979753, 
        "obs": 0.5136721232974154
    }, 
    "4000.0": {
        "exp-2": 0.8169349892967085, 
        "exp-1": 0.9411403866251217, 
        "exp0": 1.1291589685062693, 
        "exp+1": 1.4112373498124964, 
        "exp+2": 1.7887112468410897, 
        "obs": 0.920253828119078
    }, 
    "1500.0": {
        "exp-2": 0.37886194579674104, 
        "exp-1": 0.4352923106915452, 
        "exp0": 0.5236589902589958, 
        "exp+1": 0.6544757200040339, 
        "exp+2": 0.8314404964867604, 
        "obs": 0.42102762677054223
    }
}