{
    "3000.0": {
        "exp-2": 0.23352384988613675, 
        "exp-1": 0.27907612219494904, 
        "exp0": 0.34994419410831223, 
        "exp+1": 0.4575465956655386, 
        "exp+2": 0.6070952441876093, 
        "obs": 0.22814414025340862
    }
}