{
    "4500.0": {
        "exp-2": 0.7799442441893119, 
        "exp-1": 0.88173765393086, 
        "exp0": 1.0292594656760343, 
        "exp+1": 1.2310272886751745, 
        "exp+2": 1.4771003349125622, 
        "obs": 1.0115729381185998
    }
}