{
    "2000.0": {
        "exp-2": 0.5363041060390624, 
        "exp-1": 0.6138754717577048, 
        "exp0": 0.7358031488393196, 
        "exp+1": 0.917266479678934, 
        "exp+2": 1.1568010924239165, 
        "obs": 0.6637067740216259
    }
}