{
    "2500.0": {
        "exp-2": 0.5459981973901273, 
        "exp-1": 0.6290108019245452, 
        "exp0": 0.7546729503042553, 
        "exp+1": 0.9431999182348402, 
        "exp+2": 1.195484473130417, 
        "obs": 0.6113085302926257
    }
}