{
    "2000.0": {
        "exp-2": 0.46002624436852785, 
        "exp-1": 0.5299678364477106, 
        "exp0": 0.6358434359179939, 
        "exp+1": 0.7946852723216802, 
        "exp+2": 1.0095615438979753, 
        "obs": 0.5136721232974154
    }
}