{
    "5000.0": {
        "exp-2": 0.3815708459727109, 
        "exp-1": 0.4560018831515328, 
        "exp0": 0.5717981401500629, 
        "exp+1": 0.7476171947710254, 
        "exp+2": 0.9902595652248544, 
        "obs": 0.37026369705229156
    }, 
    "3000.0": {
        "exp-2": 0.23352384988613675, 
        "exp-1": 0.27907612219494904, 
        "exp0": 0.34994419410831223, 
        "exp+1": 0.4575465956655386, 
        "exp+2": 0.6070952441876093, 
        "obs": 0.22814414025340862
    }, 
    "2500.0": {
        "exp-2": 0.19717472172547354, 
        "exp-1": 0.23563656625514615, 
        "exp0": 0.2954736688608921, 
        "exp+1": 0.3863272370886555, 
        "exp+2": 0.512597908576646, 
        "obs": 0.19225625130190743
    }, 
    "4500.0": {
        "exp-2": 0.3441803037910455, 
        "exp-1": 0.41131776106512463, 
        "exp0": 0.5157670201161911, 
        "exp+1": 0.6743573750198197, 
        "exp+2": 0.8947704278618341, 
        "obs": 0.33399727307250404
    }, 
    "3500.0": {
        "exp-2": 0.27029443581259677, 
        "exp-1": 0.3230193600359084, 
        "exp0": 0.4050462936504913, 
        "exp+1": 0.5295917491959458, 
        "exp+2": 0.7026882722669356, 
        "obs": 0.26295928151507936
    }, 
    "1000.0": {
        "exp-2": 0.09289157773901652, 
        "exp-1": 0.1104929870175194, 
        "exp0": 0.13799626353637262, 
        "exp+1": 0.1808481773222128, 
        "exp+2": 0.2389965733148811, 
        "obs": 0.09239994020689632
    }, 
    "2000.0": {
        "exp-2": 0.16112748917542816, 
        "exp-1": 0.19255778300034082, 
        "exp0": 0.24145554869387048, 
        "exp+1": 0.31643463525486853, 
        "exp+2": 0.4188984131071094, 
        "obs": 0.15781386902742808
    }, 
    "4000.0": {
        "exp-2": 0.30733524299100345, 
        "exp-1": 0.3672855327495744, 
        "exp0": 0.4605533324380226, 
        "exp+1": 0.6021663310472976, 
        "exp+2": 0.7976020039823069, 
        "obs": 0.2985271502315133
    }, 
    "1500.0": {
        "exp-2": 0.12564226640355658, 
        "exp-1": 0.15117028873804073, 
        "exp0": 0.1882796271638064, 
        "exp+1": 0.24731801549185412, 
        "exp+2": 0.3277675975560717, 
        "obs": 0.12495701080033603
    }
}