{
    "5000.0": {
        "exp-2": 0.8603510082645774, 
        "exp-1": 0.9726386011200008, 
        "exp0": 1.1353688827865593, 
        "exp+1": 1.3560442843196796, 
        "exp+2": 1.6309118570803223, 
        "obs": 1.1157263408681757
    }
}