{
    "4000.0": {
        "exp-2": 0.7252760953367055, 
        "exp-1": 0.8348961877534574, 
        "exp0": 1.006230613569134, 
        "exp+1": 1.260805017632821, 
        "exp+2": 1.5985322896197722, 
        "obs": 0.7836175882124929
    }
}