{
    "4500.0": {
        "exp-2": 0.3441803037910455, 
        "exp-1": 0.41131776106512463, 
        "exp0": 0.5157670201161911, 
        "exp+1": 0.6743573750198197, 
        "exp+2": 0.8947704278618341, 
        "obs": 0.33399730339022604
    }
}