{
    "4500.0": {
        "exp-2": 0.5027512317075205, 
        "exp-1": 0.5980142256821276, 
        "exp0": 0.7468684702950908, 
        "exp+1": 0.9719543988829906, 
        "exp+2": 1.2773572821877333, 
        "obs": 0.5051400811889594
    }
}