{
    "2000.0": {
        "exp-2": 0.20296060805696153, 
        "exp-1": 0.2419804102977489, 
        "exp0": 0.3028187910948, 
        "exp+1": 0.39593085752363344, 
        "exp+2": 0.5216967832334153, 
        "obs": 0.2525323335330625
    }
}