{
    "3500.0": {
        "exp-2": 0.7246193692322688, 
        "exp-1": 0.8347892361605469, 
        "exp0": 1.0015612573958141, 
        "exp+1": 1.251764101705169, 
        "exp+2": 1.590230608837041, 
        "obs": 0.8155701419794181
    }
}