{
    "5000.0": {
        "exp-2": 0.4833658843205631, 
        "exp-1": 0.574955681461216, 
        "exp0": 0.7180703308172536, 
        "exp+1": 0.9388658111289189, 
        "exp+2": 1.2370929491682898, 
        "obs": 0.5925930169202765
    }, 
    "3000.0": {
        "exp-2": 0.2947213204677959, 
        "exp-1": 0.3513824001579292, 
        "exp0": 0.4397264774834465, 
        "exp+1": 0.5735933959843461, 
        "exp+2": 0.7575059644382448, 
        "obs": 0.36428790081704376
    }, 
    "2500.0": {
        "exp-2": 0.2487072901265851, 
        "exp-1": 0.29652203105883934, 
        "exp0": 0.3710731902199349, 
        "exp+1": 0.48403983671994977, 
        "exp+2": 0.6392386485163454, 
        "obs": 0.30815546687813133
    }, 
    "4500.0": {
        "exp-2": 0.43661320593254627, 
        "exp-1": 0.5176107720209301, 
        "exp0": 0.6486163065164728, 
        "exp+1": 0.8460760549736136, 
        "exp+2": 1.1173553340729065, 
        "obs": 0.5349286879063476
    }, 
    "3500.0": {
        "exp-2": 0.34256721879395197, 
        "exp-1": 0.406118004703127, 
        "exp0": 0.5089050863578876, 
        "exp+1": 0.6638322094296343, 
        "exp+2": 0.8766782537995151, 
        "obs": 0.4210047871051497
    }, 
    "1000.0": {
        "exp-2": 0.11521782190431738, 
        "exp-1": 0.13613330288200773, 
        "exp0": 0.1711632992203644, 
        "exp+1": 0.2243145624997565, 
        "exp+2": 0.29541521304507795, 
        "obs": 0.14841586188324374
    }, 
    "2000.0": {
        "exp-2": 0.20296060805696153, 
        "exp-1": 0.2419804102977489, 
        "exp0": 0.3028187910948, 
        "exp+1": 0.39593085752363344, 
        "exp+2": 0.5216967832334153, 
        "obs": 0.2525323335330625
    }, 
    "4000.0": {
        "exp-2": 0.3880186486236035, 
        "exp-1": 0.4626164328444888, 
        "exp0": 0.5789268191411838, 
        "exp+1": 0.7551708387516273, 
        "exp+2": 0.9955432342939302, 
        "obs": 0.47762030588341514
    }, 
    "1500.0": {
        "exp-2": 0.15744174424856722, 
        "exp-1": 0.18943078607424801, 
        "exp0": 0.23593232610221093, 
        "exp+1": 0.30847785077037965, 
        "exp+2": 0.4064646667242524, 
        "obs": 0.19895777197463457
    }
}