{
    "5000.0": {
        "exp-2": 0.4833658843205631, 
        "exp-1": 0.574955681461216, 
        "exp0": 0.7180703308172536, 
        "exp+1": 0.9388658111289189, 
        "exp+2": 1.2370929491682898, 
        "obs": 0.5924975359304682
    }, 
    "3000.0": {
        "exp-2": 0.2947213204677959, 
        "exp-1": 0.3513824001579292, 
        "exp0": 0.4397264774834465, 
        "exp+1": 0.5735933959843461, 
        "exp+2": 0.7575059644382448, 
        "obs": 0.36427109008447583
    }, 
    "2500.0": {
        "exp-2": 0.24925425435025342, 
        "exp-1": 0.29648378595788716, 
        "exp0": 0.37028282304143617, 
        "exp+1": 0.48413903118398743, 
        "exp+2": 0.6379239430460019, 
        "obs": 0.3081291181800106
    }, 
    "4500.0": {
        "exp-2": 0.4360047059570739, 
        "exp-1": 0.5186203449874277, 
        "exp0": 0.6477123250027472, 
        "exp+1": 0.8468737880233594, 
        "exp+2": 1.1158800277075365, 
        "obs": 0.5354822455182279
    }, 
    "3500.0": {
        "exp-2": 0.34256721879395197, 
        "exp-1": 0.406118004703127, 
        "exp0": 0.5089050863578876, 
        "exp+1": 0.6638322094296343, 
        "exp+2": 0.8766782537995151, 
        "obs": 0.4209848168845826
    }, 
    "1000.0": {
        "exp-2": 0.11521782190431738, 
        "exp-1": 0.13613330288200773, 
        "exp0": 0.1711632992203644, 
        "exp+1": 0.2243145624997565, 
        "exp+2": 0.29541521304507795, 
        "obs": 0.1483228921640496
    }, 
    "2000.0": {
        "exp-2": 0.2035152464586717, 
        "exp-1": 0.24207800266472312, 
        "exp0": 0.3023346630968468, 
        "exp+1": 0.39529788250340336, 
        "exp+2": 0.5208627374614039, 
        "obs": 0.25250931319887027
    }, 
    "4000.0": {
        "exp-2": 0.38902014076635544, 
        "exp-1": 0.4627329883879908, 
        "exp0": 0.5779138127783415, 
        "exp+1": 0.7556133411981534, 
        "exp+2": 0.9956310020117396, 
        "obs": 0.47760706332485076
    }, 
    "1500.0": {
        "exp-2": 0.15744174424856722, 
        "exp-1": 0.18943078607424801, 
        "exp0": 0.23593232610221093, 
        "exp+1": 0.30847785077037965, 
        "exp+2": 0.4064646667242524, 
        "obs": 0.19892893741303536
    }
}