{
    "3000.0": {
        "exp-2": 0.7384858024642614, 
        "exp-1": 0.8464119915893357, 
        "exp0": 1.0131941829265918, 
        "exp+1": 1.2614466607047004, 
        "exp+2": 1.592412724161948, 
        "obs": 0.9171979185463907
    }
}