{
    "3000.0": {
        "exp-2": 0.27484986802101957, 
        "exp-1": 0.3271380864114247, 
        "exp0": 0.410078113924369, 
        "exp+1": 0.5361707496770216, 
        "exp+2": 0.7089547815793464, 
        "obs": 0.3220481710123512
    }
}