{
    "2000.0": {
        "exp-2": 0.18872282513095376, 
        "exp-1": 0.22553600237505123, 
        "exp0": 0.2828081863032188, 
        "exp+1": 0.36976731806725516, 
        "exp+2": 0.48892689552495594, 
        "obs": 0.22453294160047757
    }
}