{
    "4500.0": {
        "exp-2": 1.058586542872145, 
        "exp-1": 1.2117011830810756, 
        "exp0": 1.4523687548277813, 
        "exp+1": 1.8059011894730388, 
        "exp+2": 2.2819476171393953, 
        "obs": 1.3177583458646491
    }
}