{
    "3000.0": {
        "exp-2": 0.6343442251698942, 
        "exp-1": 0.7307888288514781, 
        "exp0": 0.8767839026356089, 
        "exp+1": 1.0958157241818243, 
        "exp+2": 1.3921151481691534, 
        "obs": 0.7115957510681242
    }
}