{
    "5000.0": {
        "exp-2": 0.8919261329070362, 
        "exp-1": 1.0267341458657255, 
        "exp0": 1.2374368670764582, 
        "exp+1": 1.548536468022242, 
        "exp+2": 1.965288540376714, 
        "obs": 1.2127389164003395
    }, 
    "3000.0": {
        "exp-2": 0.5644632622359603, 
        "exp-1": 0.6497776935131304, 
        "exp0": 0.7831227553838542, 
        "exp+1": 0.9812512865483299, 
        "exp+2": 1.2440954945761333, 
        "obs": 0.7671495023425047
    }, 
    "2500.0": {
        "exp-2": 0.4844065009918065, 
        "exp-1": 0.5586985243057309, 
        "exp0": 0.6745947857788407, 
        "exp+1": 0.8441922476966766, 
        "exp+2": 1.071386703172711, 
        "obs": 0.6602397668657884
    }, 
    "8000.0": {
        "exp-2": 1.3986993469939313, 
        "exp-1": 1.6101023687669476, 
        "exp0": 1.940521837032503, 
        "exp+1": 2.428381565830699, 
        "exp+2": 3.0819231021603044, 
        "obs": 1.9025081877067451
    }, 
    "4500.0": {
        "exp-2": 0.8083767069817295, 
        "exp-1": 0.930556844517462, 
        "exp0": 1.1215224028078976, 
        "exp+1": 1.4052653786306883, 
        "exp+2": 1.781688703086089, 
        "obs": 1.0988915401626067
    }, 
    "3500.0": {
        "exp-2": 0.6425751567180683, 
        "exp-1": 0.7431666290198784, 
        "exp0": 0.8948638164547721, 
        "exp+1": 1.1198383705986117, 
        "exp+2": 1.4212164559008298, 
        "obs": 0.8756277261854055
    }, 
    "1000.0": {
        "exp-2": 0.27355954307681984, 
        "exp-1": 0.3149060369931684, 
        "exp0": 0.37952993129659746, 
        "exp+1": 0.4749462047029699, 
        "exp+2": 0.6027667637032148, 
        "obs": 0.37010044893966015
    }, 
    "7500.0": {
        "exp-2": 1.3118487967845227, 
        "exp-1": 1.5142362859015814, 
        "exp0": 1.8200274723201295, 
        "exp+1": 2.2804909057168214, 
        "exp+2": 2.891357658944752, 
        "obs": 1.7868827346076213
    }, 
    "2000.0": {
        "exp-2": 0.4082545197908867, 
        "exp-1": 0.47216443412585996, 
        "exp0": 0.5685439187081329, 
        "exp+1": 0.7123844387635999, 
        "exp+2": 0.9032082647991218, 
        "obs": 0.5565705038389639
    }, 
    "6000.0": {
        "exp-2": 1.0584135570808322, 
        "exp-1": 1.2217019351241665, 
        "exp0": 1.4684175155588413, 
        "exp+1": 1.8399242861345915, 
        "exp+2": 2.3327781720711362, 
        "obs": 1.4416007150669097
    }, 
    "4000.0": {
        "exp-2": 0.7263944698173644, 
        "exp-1": 0.8361836008758957, 
        "exp0": 1.0077822185373186, 
        "exp+1": 1.2627491714544303, 
        "exp+2": 1.6009972295838404, 
        "obs": 0.9866760880294337
    }, 
    "1500.0": {
        "exp-2": 0.337868044765746, 
        "exp-1": 0.38893429125933876, 
        "exp0": 0.46875, 
        "exp+1": 0.5873428276523615, 
        "exp+2": 0.7446722499552155, 
        "obs": 0.45804553721574554
    }, 
    "9000.0": {
        "exp-2": 1.5683289711405417, 
        "exp-1": 1.8053702512025067, 
        "exp0": 2.1758618981911515, 
        "exp+1": 2.722887595813686, 
        "exp+2": 3.455688629640885, 
        "obs": 2.1342618273758274
    }, 
    "8500.0": {
        "exp-2": 1.4832026620522059, 
        "exp-1": 1.7073777325085577, 
        "exp0": 2.057759704144291, 
        "exp+1": 2.5750937472564805, 
        "exp+2": 3.2681194798679534, 
        "obs": 2.0183054836511074
    }, 
    "5500.0": {
        "exp-2": 0.9745604477949277, 
        "exp-1": 1.1233861792120523, 
        "exp0": 1.352081728298996, 
        "exp+1": 1.694155742286678, 
        "exp+2": 2.1479631489837274, 
        "obs": 1.3269151106060555
    }, 
    "7000.0": {
        "exp-2": 1.228774875765492, 
        "exp-1": 1.414495075302208, 
        "exp0": 1.704772712123232, 
        "exp+1": 2.133363533799664, 
        "exp+2": 2.7075080396650857, 
        "obs": 1.6715111446980773
    }, 
    "6500.0": {
        "exp-2": 1.1432173025200634, 
        "exp-1": 1.3160061100757061, 
        "exp0": 1.58607219255619, 
        "exp+1": 1.9873453571928819, 
        "exp+2": 2.5196883278312776, 
        "obs": 1.5563904428199813
    }
}