{
    "4000.0": {
        "exp-2": 0.30860611130305526, 
        "exp-1": 0.36880429401587217, 
        "exp0": 0.4624577683421482, 
        "exp+1": 0.6060645832577889, 
        "exp+2": 0.802312586995419, 
        "obs": 0.45547929904642714
    }
}