{
    "8500.0": {
        "exp-2": 1.4832026620522059, 
        "exp-1": 1.7073777325085577, 
        "exp0": 2.057759704144291, 
        "exp+1": 2.5750937472564805, 
        "exp+2": 3.2681194798679534, 
        "obs": 2.0183054836511074
    }
}