{
    "2500.0": {
        "exp-2": 0.4844065009918065, 
        "exp-1": 0.5586985243057309, 
        "exp0": 0.6745947857788407, 
        "exp+1": 0.8441922476966766, 
        "exp+2": 1.071386703172711, 
        "obs": 0.6602397668657884
    }
}