{
    "2000.0": {
        "exp-2": 0.4082545197908867, 
        "exp-1": 0.47216443412585996, 
        "exp0": 0.5685439187081329, 
        "exp+1": 0.7123844387635999, 
        "exp+2": 0.9032082647991218, 
        "obs": 0.5565705038389639
    }
}