{
    "5000.0": {
        "exp-2": 0.4476501111579978, 
        "exp-1": 0.5349708848678122, 
        "exp0": 0.670820384364601, 
        "exp+1": 0.8770872153757283, 
        "exp+2": 1.1577138140547931, 
        "obs": 0.5240173073210924
    }
}