{
    "5000.0": {
        "exp-2": 0.8919261329070362, 
        "exp-1": 1.0267341458657255, 
        "exp0": 1.2374368670764582, 
        "exp+1": 1.548536468022242, 
        "exp+2": 1.965288540376714, 
        "obs": 1.2127389164003395
    }
}