{
    "2000.0": {
        "exp-2": 0.16112748917542816, 
        "exp-1": 0.19255778300034082, 
        "exp0": 0.24145554869387048, 
        "exp+1": 0.31643463525486853, 
        "exp+2": 0.4188984131071094, 
        "obs": 0.1578182989294996
    }
}