{
    "1500.0": {
        "exp-2": 0.12609573759760162, 
        "exp-1": 0.15069257470869057, 
        "exp0": 0.18895916597574725, 
        "exp+1": 0.2476365683283087, 
        "exp+2": 0.32782305721378413, 
        "obs": 0.25399099691102983
    }
}