{
    "3000.0": {
        "exp-2": 0.5619860526421077, 
        "exp-1": 0.6469260835978966, 
        "exp0": 0.7796859343671656, 
        "exp+1": 0.9769449629475089, 
        "exp+2": 1.241452317436397, 
        "obs": 0.7634496911063975
    }
}