{
    "3000.0": {
        "exp-2": 0.23454583617616862, 
        "exp-1": 0.28029746773345215, 
        "exp0": 0.35147568372506227, 
        "exp+1": 0.4606192670229871, 
        "exp+2": 0.6097710618357725, 
        "obs": 0.34666595157051844
    }
}