{
    "4000.0": {
        "exp-2": 0.9494550120506722, 
        "exp-1": 1.0896400069795922, 
        "exp0": 1.3026415378599525, 
        "exp+1": 1.6238982060010316, 
        "exp+2": 2.047962394920449, 
        "obs": 1.1827301862991173
    }
}