{
    "3000.0": {
        "exp-2": 0.34179129459730245, 
        "exp-1": 0.40655506124295837, 
        "exp0": 0.5077524002897476, 
        "exp+1": 0.6607752273873234, 
        "exp+2": 0.8684008932891848, 
        "obs": 0.3430168854535968
    }
}