{
    "1000.0": {
        "exp-2": 0.3260256502322708, 
        "exp-1": 0.37387966649731247, 
        "exp0": 0.44895711826357704, 
        "exp+1": 0.5596786580540152, 
        "exp+2": 0.709142199728145, 
        "obs": 0.40290358119094805
    }
}