{
    "1500.0": {
        "exp-2": 0.12564226640355658, 
        "exp-1": 0.15117028873804073, 
        "exp0": 0.1882796271638064, 
        "exp+1": 0.24731801549185412, 
        "exp+2": 0.3277675975560717, 
        "obs": 0.12496311742994108
    }
}