{
    "4000.0": {
        "exp-2": 0.30733524299100345, 
        "exp-1": 0.3672855327495744, 
        "exp0": 0.4605533324380226, 
        "exp+1": 0.6021663310472976, 
        "exp+2": 0.7976020039823069, 
        "obs": 0.29852612333271006
    }
}