{
    "4500.0": {
        "exp-2": 0.9093226270243489, 
        "exp-1": 1.0475744501391246, 
        "exp0": 1.2568561875402222, 
        "exp+1": 1.5708349317277759, 
        "exp+2": 1.9909975574579972, 
        "obs": 1.0259552645392294
    }
}