{
    "4000.0": {
        "exp-2": 0.307547425125251, 
        "exp-1": 0.3675390954534042, 
        "exp0": 0.46087128761726953, 
        "exp+1": 0.6025820427748314, 
        "exp+2": 0.798152647323725, 
        "obs": 0.45328388837883
    }
}