{
    "3000.0": {
        "exp-2": 0.23124868353907146, 
        "exp-1": 0.2747044909997488, 
        "exp0": 0.34061066921080474, 
        "exp+1": 0.4390685708926098, 
        "exp+2": 0.5692412623211073, 
        "obs": 0.3352522154927881
    }
}