{
    "5000.0": {
        "exp-2": 1.166048033501929, 
        "exp-1": 1.338212513313631, 
        "exp0": 1.599804690480596, 
        "exp+1": 1.9917882781096647, 
        "exp+2": 2.5143742265541276, 
        "obs": 1.4538058241860141
    }, 
    "3000.0": {
        "exp-2": 0.7384858024642614, 
        "exp-1": 0.8464119915893357, 
        "exp0": 1.0131941829265918, 
        "exp+1": 1.2614466607047004, 
        "exp+2": 1.592412724161948, 
        "obs": 0.9171979185463907
    }, 
    "2500.0": {
        "exp-2": 0.6351519069546608, 
        "exp-1": 0.7289307257988312, 
        "exp0": 0.8714212392167993, 
        "exp+1": 1.0863306445353513, 
        "exp+2": 1.3732299682611762, 
        "obs": 0.7887738706949872
    }, 
    "4500.0": {
        "exp-2": 1.058586542872145, 
        "exp-1": 1.2117011830810756, 
        "exp0": 1.4523687548277813, 
        "exp+1": 1.8059011894730388, 
        "exp+2": 2.2819476171393953, 
        "obs": 1.3177583458646491
    }, 
    "3500.0": {
        "exp-2": 0.8424469104192857, 
        "exp-1": 0.9668323857114773, 
        "exp0": 1.155827625556683, 
        "exp+1": 1.440877181548493, 
        "exp+2": 1.8214120450058138, 
        "obs": 1.0489832402314136
    }, 
    "1000.0": {
        "exp-2": 0.3572457301616774, 
        "exp-1": 0.4099922942391103, 
        "exp0": 0.49013709816744133, 
        "exp+1": 0.6110144105778956, 
        "exp+2": 0.7705744918767606, 
        "obs": 0.43862307290862046
    }, 
    "2000.0": {
        "exp-2": 0.5363041060390624, 
        "exp-1": 0.6138754717577048, 
        "exp0": 0.7358031488393196, 
        "exp+1": 0.917266479678934, 
        "exp+2": 1.1568010924239165, 
        "obs": 0.6637067740216259
    }, 
    "4000.0": {
        "exp-2": 0.9494550120506722, 
        "exp-1": 1.0896400069795922, 
        "exp0": 1.3026415378599525, 
        "exp+1": 1.6238982060010316, 
        "exp+2": 2.047962394920449, 
        "obs": 1.1827301862991173
    }, 
    "1500.0": {
        "exp-2": 0.44213503199426646, 
        "exp-1": 0.5060857317937965, 
        "exp0": 0.6066042681015944, 
        "exp+1": 0.7562046494560704, 
        "exp+2": 0.9559178941255615, 
        "obs": 0.5447038814431248
    }
}