{
    "5000.0": {
        "exp-2": 0.5568728849154635, 
        "exp-1": 0.662391040046995, 
        "exp0": 0.8272695981837306, 
        "exp+1": 1.0765862471974663, 
        "exp+2": 1.4148660979251653, 
        "obs": 0.5591234342448443
    }, 
    "3000.0": {
        "exp-2": 0.34179129459730245, 
        "exp-1": 0.40655506124295837, 
        "exp0": 0.5077524002897476, 
        "exp+1": 0.6607752273873234, 
        "exp+2": 0.8684008932891848, 
        "obs": 0.3430168854535968
    }, 
    "2500.0": {
        "exp-2": 0.288735023787227, 
        "exp-1": 0.34344551299225906, 
        "exp0": 0.4289339914713399, 
        "exp+1": 0.5582030737458427, 
        "exp+2": 0.7335989889947047, 
        "obs": 0.28932484445462925
    }, 
    "4500.0": {
        "exp-2": 0.5027512317075205, 
        "exp-1": 0.5980142256821276, 
        "exp0": 0.7468684702950908, 
        "exp+1": 0.9719543988829906, 
        "exp+2": 1.2773572821877333, 
        "obs": 0.5051400811889594
    }, 
    "3500.0": {
        "exp-2": 0.3951148070312236, 
        "exp-1": 0.4699824978227754, 
        "exp0": 0.5869678339390252, 
        "exp+1": 0.7638640491223123, 
        "exp+2": 1.003881788141297, 
        "obs": 0.396346215054392
    }, 
    "1000.0": {
        "exp-2": 0.1348589974509585, 
        "exp-1": 0.1614780080764634, 
        "exp0": 0.20034150159136743, 
        "exp+1": 0.26133191286999724, 
        "exp+2": 0.3432932333228512, 
        "obs": 0.13631859960013404
    }, 
    "2000.0": {
        "exp-2": 0.23612626968292832, 
        "exp-1": 0.280868271221241, 
        "exp0": 0.350780380010057, 
        "exp+1": 0.4564960802448949, 
        "exp+2": 0.5999341203364085, 
        "obs": 0.23735276935361624
    }, 
    "4000.0": {
        "exp-2": 0.4492017659832828, 
        "exp-1": 0.534318030817453, 
        "exp0": 0.667317390751957, 
        "exp+1": 0.8684287595635072, 
        "exp+2": 1.1413023518215124, 
        "obs": 0.45043925957328745
    }, 
    "1500.0": {
        "exp-2": 0.18506722945946866, 
        "exp-1": 0.2201343905370048, 
        "exp0": 0.2749289708090366, 
        "exp+1": 0.35778510809251013, 
        "exp+2": 0.4702066517846166, 
        "obs": 0.18600489915114482
    }
}