{
    "2500.0": {
        "exp-2": 0.5872251476422289, 
        "exp-1": 0.6734180031629298, 
        "exp0": 0.8086446847399308, 
        "exp+1": 1.0080721616762698, 
        "exp+2": 1.2772802867931037, 
        "obs": 0.7052279002639636
    }
}