{
    "5000.0": {
        "exp-2": 0.3815708459727109, 
        "exp-1": 0.4560018831515328, 
        "exp0": 0.5717981401500629, 
        "exp+1": 0.7476171947710254, 
        "exp+2": 0.9902595652248544, 
        "obs": 0.37026369705229156
    }
}