{
    "4500.0": {
        "exp-2": 0.8078744609983837, 
        "exp-1": 0.9299786856987823, 
        "exp0": 1.1208255992088412, 
        "exp+1": 1.404392286940396, 
        "exp+2": 1.7805817672392439, 
        "obs": 0.8734175326240314
    }
}