{
    "5000.0": {
        "exp-2": 0.8603510082645774, 
        "exp-1": 0.9726386011200008, 
        "exp0": 1.1353688827865593, 
        "exp+1": 1.3560442843196796, 
        "exp+2": 1.6309118570803223, 
        "obs": 1.1157263408681757
    }, 
    "3000.0": {
        "exp-2": 0.5554737106938711, 
        "exp-1": 0.6362921332852478, 
        "exp0": 0.759317143123911, 
        "exp+1": 0.9368175565835218, 
        "exp+2": 1.1690767066171899, 
        "obs": 0.7441585951697152
    }, 
    "2500.0": {
        "exp-2": 0.4777840296095384, 
        "exp-1": 0.5472990299460905, 
        "exp0": 0.653117514754482, 
        "exp+1": 0.8068467216352759, 
        "exp+2": 1.007194092741104, 
        "obs": 0.6403944111376889
    }, 
    "4500.0": {
        "exp-2": 0.7799442441893119, 
        "exp-1": 0.88173765393086, 
        "exp0": 1.0292594656760343, 
        "exp+1": 1.2310272886751745, 
        "exp+2": 1.4771003349125622, 
        "obs": 1.0115729381185998
    }, 
    "3500.0": {
        "exp-2": 0.6286611375523435, 
        "exp-1": 0.7153446547920924, 
        "exp0": 0.8440971366840088, 
        "exp+1": 1.0249226982926984, 
        "exp+2": 1.2561918444481255, 
        "obs": 0.8273647835862578
    }, 
    "1000.0": {
        "exp-2": 0.27197853232701424, 
        "exp-1": 0.3139384423245006, 
        "exp0": 0.37733647515212765, 
        "exp+1": 0.4728018638841565, 
        "exp+2": 0.5994495837493427, 
        "obs": 0.368274536129336
    }, 
    "2000.0": {
        "exp-2": 0.40689550980940214, 
        "exp-1": 0.4705926757644196, 
        "exp0": 0.5666513373134057, 
        "exp+1": 0.7100130295565322, 
        "exp+2": 0.9002016411176265, 
        "obs": 0.554246854638466
    }, 
    "4000.0": {
        "exp-2": 0.708391724778968, 
        "exp-1": 0.8060689752494198, 
        "exp0": 0.9511506315205063, 
        "exp+1": 1.1549095941641683, 
        "exp+2": 1.4155096583924531, 
        "obs": 0.9326567057283034
    }, 
    "1500.0": {
        "exp-2": 0.3352463843337704, 
        "exp-1": 0.3877272892984181, 
        "exp0": 0.4668712317328706, 
        "exp+1": 0.5849887541969728, 
        "exp+2": 0.7433741268873179, 
        "obs": 0.4560730039683076
    }
}