{
    "4000.0": {
        "exp-2": 0.7263944698173644, 
        "exp-1": 0.8361836008758957, 
        "exp0": 1.0077822185373186, 
        "exp+1": 1.2627491714544303, 
        "exp+2": 1.6009972295838404, 
        "obs": 0.9866760880294337
    }
}