{
    "6500.0": {
        "exp-2": 1.1432173025200634, 
        "exp-1": 1.3160061100757061, 
        "exp0": 1.58607219255619, 
        "exp+1": 1.9873453571928819, 
        "exp+2": 2.5196883278312776, 
        "obs": 1.5563904428199813
    }
}