{
    "2000.0": {
        "exp-2": 0.40763735463108014, 
        "exp-1": 0.4714506552837016, 
        "exp0": 0.5676844413932797, 
        "exp+1": 0.7104039548107631, 
        "exp+2": 0.9015924538011394, 
        "obs": 0.4390205760254741
    }
}