{
    "1000.0": {
        "exp-2": 0.11521782190431738, 
        "exp-1": 0.13613330288200773, 
        "exp0": 0.1711632992203644, 
        "exp+1": 0.2243145624997565, 
        "exp+2": 0.29541521304507795, 
        "obs": 0.14841586188324374
    }
}