{
    "5000.0": {
        "exp-2": 0.3833900299160928, 
        "exp-1": 0.4581759211407064, 
        "exp0": 0.5745242597140698, 
        "exp+1": 0.7511815459788839, 
        "exp+2": 0.9949807624778272, 
        "obs": 0.565359771873325
    }
}