{
    "3000.0": {
        "exp-2": 0.5644632622359603, 
        "exp-1": 0.6497776935131304, 
        "exp0": 0.7831227553838542, 
        "exp+1": 0.9812512865483299, 
        "exp+2": 1.2440954945761333, 
        "obs": 0.7671495023425047
    }
}