{
    "3500.0": {
        "exp-2": 0.8424469104192857, 
        "exp-1": 0.9668323857114773, 
        "exp0": 1.155827625556683, 
        "exp+1": 1.440877181548493, 
        "exp+2": 1.8214120450058138, 
        "obs": 1.0489832402314136
    }
}