{
    "5000.0": {
        "exp-2": 0.557825640782744, 
        "exp-1": 0.6635243198476808, 
        "exp0": 0.8286849593910396, 
        "exp+1": 1.0784281428861622, 
        "exp+2": 1.4172867745449573, 
        "obs": 0.5595388089276181
    }, 
    "3000.0": {
        "exp-2": 0.34179129459730245, 
        "exp-1": 0.40655506124295837, 
        "exp0": 0.5077524002897476, 
        "exp+1": 0.6607752273873234, 
        "exp+2": 0.8684008932891848, 
        "obs": 0.3432634143125819
    }, 
    "2500.0": {
        "exp-2": 0.288735023787227, 
        "exp-1": 0.34344551299225906, 
        "exp0": 0.4289339914713399, 
        "exp+1": 0.5582030737458427, 
        "exp+2": 0.7335989889947047, 
        "obs": 0.2895339643425048
    }, 
    "4500.0": {
        "exp-2": 0.5038062891026591, 
        "exp-1": 0.5992692112968406, 
        "exp0": 0.7484358530683455, 
        "exp+1": 0.9739941507101175, 
        "exp+2": 1.277732859849396, 
        "obs": 0.5055208958865394
    }, 
    "3500.0": {
        "exp-2": 0.3951148070312236, 
        "exp-1": 0.4699824978227754, 
        "exp0": 0.5869678339390252, 
        "exp+1": 0.7638640491223123, 
        "exp+2": 1.003881788141297, 
        "obs": 0.39664011699864404
    }, 
    "1000.0": {
        "exp-2": 0.13535029973573615, 
        "exp-1": 0.16099692886248865, 
        "exp0": 0.2010713529822588, 
        "exp+1": 0.2616688125566906, 
        "exp+2": 0.34388914326571246, 
        "obs": 0.13640987490176854
    }, 
    "2000.0": {
        "exp-2": 0.23668780423576197, 
        "exp-1": 0.2815362083319389, 
        "exp0": 0.3516145773569177, 
        "exp+1": 0.45758168583051556, 
        "exp+2": 0.6002778790651505, 
        "obs": 0.23739041865911356
    }, 
    "4000.0": {
        "exp-2": 0.4492017659832828, 
        "exp-1": 0.534318030817453, 
        "exp0": 0.667317390751957, 
        "exp+1": 0.8684287595635072, 
        "exp+2": 1.1413023518215124, 
        "obs": 0.45076980583680437
    }, 
    "1500.0": {
        "exp-2": 0.18506722945946866, 
        "exp-1": 0.2201343905370048, 
        "exp0": 0.2749289708090366, 
        "exp+1": 0.35778510809251013, 
        "exp+2": 0.4702066517846166, 
        "obs": 0.18613630663112332
    }
}