{
    "9000.0": {
        "exp-2": 1.5683289711405417, 
        "exp-1": 1.8053702512025067, 
        "exp0": 2.1758618981911515, 
        "exp+1": 2.722887595813686, 
        "exp+2": 3.455688629640885, 
        "obs": 2.1342618273758274
    }
}