{
    "3000.0": {
        "exp-2": 0.23373325226704914, 
        "exp-1": 0.27932637732417254, 
        "exp0": 0.35025799642906086, 
        "exp+1": 0.45902346180810344, 
        "exp+2": 0.6076585118591791, 
        "obs": 0.3451156747641221
    }
}