{
    "2500.0": {
        "exp-2": 0.6351519069546608, 
        "exp-1": 0.7289307257988312, 
        "exp0": 0.8714212392167993, 
        "exp+1": 1.0863306445353513, 
        "exp+2": 1.3732299682611762, 
        "obs": 0.7887738706949872
    }
}