{
    "3500.0": {
        "exp-2": 0.7798033481069121, 
        "exp-1": 0.8966404398789746, 
        "exp0": 1.0738366019482275, 
        "exp+1": 1.3386655470623663, 
        "exp+2": 1.6961593973676785, 
        "obs": 0.9344586811390613
    }
}