{
    "2000.0": {
        "exp-2": 0.16220347419527, 
        "exp-1": 0.19318212226088965, 
        "exp0": 0.2430679560328757, 
        "exp+1": 0.31780757943379284, 
        "exp+2": 0.42095339741525817, 
        "obs": 0.23912020246498472
    }
}