{
    "4500.0": {
        "exp-2": 0.8083767069817295, 
        "exp-1": 0.930556844517462, 
        "exp0": 1.1215224028078976, 
        "exp+1": 1.4052653786306883, 
        "exp+2": 1.781688703086089, 
        "obs": 1.0988915401626067
    }
}