{
    "3000.0": {
        "exp-2": 0.6817049799491712, 
        "exp-1": 0.7838440743406023, 
        "exp0": 0.9387491804746665, 
        "exp+1": 1.171762791665724, 
        "exp+2": 1.4832193795198345, 
        "obs": 0.8185111795117341
    }
}