{
    "2500.0": {
        "exp-2": 0.1951444570522647, 
        "exp-1": 0.2318156293733387, 
        "exp0": 0.28743205459705407, 
        "exp+1": 0.37051798676319725, 
        "exp+2": 0.48036716907043386, 
        "obs": 0.2833806441411305
    }
}