{
    "3000.0": {
        "exp-2": 0.5554737106938711, 
        "exp-1": 0.6362921332852478, 
        "exp0": 0.759317143123911, 
        "exp+1": 0.9368175565835218, 
        "exp+2": 1.1690767066171899, 
        "obs": 0.7441585951697152
    }
}