{
  "1000.0": {
    "exp+1": 0.20419956743717194,
    "exp+2": 0.2248290479183197,
    "exp-1": 0.15757040679454803,
    "exp-2": 0.1396493911743164,
    "exp0": 0.17919921875,
    "obs": 0.1826323135648813
  },
  "1500.0": {
    "exp+1": 0.2530493438243866,
    "exp+2": 0.2839057147502899,
    "exp-1": 0.19537842273712158,
    "exp-2": 0.1734027862548828,
    "exp0": 0.2236328125,
    "obs": 0.22877144557760487
  },
  "2000.0": {
    "exp+1": 0.30824676156044006,
    "exp+2": 0.3444104492664337,
    "exp-1": 0.2375693917274475,
    "exp-2": 0.21027755737304688,
    "exp0": 0.2705078125,
    "obs": 0.2789021948381571
  },
  "2500.0": {
    "exp+1": 0.3661125898361206,
    "exp+2": 0.4078719913959503,
    "exp-1": 0.2821672558784485,
    "exp-2": 0.24975204467773438,
    "exp0": 0.3212890625,
    "obs": 0.330657003510587
  },
  "3000.0": {
    "exp+1": 0.42620399594306946,
    "exp+2": 0.47481754422187805,
    "exp-1": 0.3271791934967041,
    "exp-2": 0.2907447814941406,
    "exp0": 0.3740234375,
    "obs": 0.38570863194881
  },
  "3500.0": {
    "exp+1": 0.48740825057029724,
    "exp+2": 0.5430028438568115,
    "exp-1": 0.3741631507873535,
    "exp-2": 0.33249664306640625,
    "exp0": 0.427734375,
    "obs": 0.43983794719569697
  },
  "4000.0": {
    "exp+1": 0.5478023290634155,
    "exp+2": 0.6106363534927368,
    "exp-1": 0.4203230142593384,
    "exp-2": 0.37500762939453125,
    "exp0": 0.482421875,
    "obs": 0.49571209012046313
  },
  "4500.0": {
    "exp+1": 0.6099013686180115,
    "exp+2": 0.6798582673072815,
    "exp-1": 0.46983957290649414,
    "exp-2": 0.41751861572265625,
    "exp0": 0.537109375,
    "obs": 0.5534855323686019
  },
  "5000.0": {
    "exp+1": 0.6743593215942383,
    "exp+2": 0.7512778639793396,
    "exp-1": 0.5176777839660645,
    "exp-2": 0.46002960205078125,
    "exp0": 0.591796875,
    "obs": 0.609363926471901
  },
  "5500.0": {
    "exp+1": 0.7366763949394226,
    "exp+2": 0.8207029104232788,
    "exp-1": 0.5677651166915894,
    "exp-2": 0.5025405883789062,
    "exp0": 0.646484375,
    "obs": 0.6675564602332107
  },
  "6000.0": {
    "exp+1": 0.7989934086799622,
    "exp+2": 0.890127956867218,
    "exp-1": 0.6165425181388855,
    "exp-2": 0.5464210510253906,
    "exp0": 0.701171875,
    "obs": 0.7233971386476107
  }
}