{
    "3500.0": {
        "exp-2": 0.6425751567180683, 
        "exp-1": 0.7431666290198784, 
        "exp0": 0.8948638164547721, 
        "exp+1": 1.1198383705986117, 
        "exp+2": 1.4212164559008298, 
        "obs": 0.8756277261854055
    }
}