{
    "1000.0": {
        "exp-2": 0.09289157773901652, 
        "exp-1": 0.1104929870175194, 
        "exp0": 0.13799626353637262, 
        "exp+1": 0.1808481773222128, 
        "exp+2": 0.23981894262297707, 
        "obs": 0.13613512791652665
    }
}