{
    "3500.0": {
        "exp-2": 0.27039497308064947, 
        "exp-1": 0.3231395085838743, 
        "exp0": 0.4051969524965606, 
        "exp+1": 0.5310225841475344, 
        "exp+2": 0.7029714628643353, 
        "obs": 0.3988444775489616
    }
}