{
    "4500.0": {
        "exp-2": 0.9780769506968126, 
        "exp-1": 1.1246211155672439, 
        "exp0": 1.3468713658542681, 
        "exp+1": 1.6790360007865395, 
        "exp+2": 2.127426557158558, 
        "obs": 1.1705035561264354
    }
}