{
    "8500.0": {
        "exp-2": 0.6461272852542291, 
        "exp-1": 0.7721639609676092, 
        "exp0": 0.9682458365518543, 
        "exp+1": 1.2689147860997718, 
        "exp+2": 1.6797984241852906, 
        "obs": 0.9541372925619233
    }
}