{
    "5000.0": {
        "exp-2": 0.38168480265032656, 
        "exp-1": 0.4561380640962296, 
        "exp0": 0.5719689130538477, 
        "exp+1": 0.7495821742638502, 
        "exp+2": 0.992302204620471, 
        "obs": 0.5626606731875894
    }
}