{
    "7500.0": {
        "exp-2": 0.5711012311411502, 
        "exp-1": 0.6825029662350763, 
        "exp0": 0.8558164961018221, 
        "exp+1": 1.1189667731457877, 
        "exp+2": 1.4821322714842866, 
        "obs": 0.8421903412798384
    }
}