{
    "3500.0": {
        "exp-2": 0.6420480692803316, 
        "exp-1": 0.7390888782011784, 
        "exp0": 0.8907620508587015, 
        "exp+1": 1.1161230925454941, 
        "exp+2": 1.415094999757049, 
        "obs": 0.8734926680540541
    }
}