{
    "6500.0": {
        "exp-2": 0.49612450692057886, 
        "exp-1": 0.5929009239196013, 
        "exp0": 0.7434610783356449, 
        "exp+1": 0.9720637956844984, 
        "exp+2": 1.2875513177662679, 
        "obs": 0.7318986781690806
    }
}