{
    "1500.0": {
        "exp-2": 0.3364573160791914, 
        "exp-1": 0.38731034621482735, 
        "exp0": 0.46679278894655174, 
        "exp+1": 0.5848904473273882, 
        "exp+2": 0.7432492341449178, 
        "obs": 0.45661007646023716
    }
}