{
    "3500.0": {
        "exp-2": 0.2647417614792377, 
        "exp-1": 0.31265580346467836, 
        "exp0": 0.3834974816872524, 
        "exp+1": 0.4847727342402442, 
        "exp+2": 0.6158281639752814, 
        "obs": 0.3777907837545985
    }
}