{
    "4000.0": {
        "exp-2": 0.8782028435247747, 
        "exp-1": 1.009782979140948, 
        "exp0": 1.2093386523873872, 
        "exp+1": 1.507585024104503, 
        "exp+2": 1.9101892636182434, 
        "obs": 1.0513909196907392
    }
}