{
    "1000.0": {
        "exp-2": 0.1348589974509585, 
        "exp-1": 0.1614780080764634, 
        "exp0": 0.20034150159136743, 
        "exp+1": 0.26133191286999724, 
        "exp+2": 0.3432932333228512, 
        "obs": 0.13631859960013404
    }
}