{
    "1500.0": {
        "exp-2": 0.3352463843337704, 
        "exp-1": 0.3877272892984181, 
        "exp0": 0.4668712317328706, 
        "exp+1": 0.5849887541969728, 
        "exp+2": 0.7433741268873179, 
        "obs": 0.4560730039683076
    }
}