{
    "5000.0": {
        "exp-2": 0.38168480265032656, 
        "exp-1": 0.4561380640962296, 
        "exp0": 0.5719689130538477, 
        "exp+1": 0.7495821742638502, 
        "exp+2": 0.992302204620471, 
        "obs": 0.5626606731875894
    }, 
    "3000.0": {
        "exp-2": 0.23373325226704914, 
        "exp-1": 0.27932637732417254, 
        "exp0": 0.35025799642906086, 
        "exp+1": 0.45902346180810344, 
        "exp+2": 0.6076585118591791, 
        "obs": 0.3451156747641221
    }, 
    "2500.0": {
        "exp-2": 0.19749150704580845, 
        "exp-1": 0.23601514410268562, 
        "exp0": 0.29594838945118457, 
        "exp+1": 0.3869479299836195, 
        "exp+2": 0.512533543814827, 
        "obs": 0.2910503582266106
    }, 
    "4500.0": {
        "exp-2": 0.34503212157274893, 
        "exp-1": 0.4109285440665648, 
        "exp0": 0.5170435033679468, 
        "exp+1": 0.6760263384436633, 
        "exp+2": 0.8938796156149407, 
        "obs": 0.5082672784902807
    }, 
    "3500.0": {
        "exp-2": 0.27039497308064947, 
        "exp-1": 0.3231395085838743, 
        "exp0": 0.4051969524965606, 
        "exp+1": 0.5310225841475344, 
        "exp+2": 0.7029714628643353, 
        "obs": 0.3988444775489616
    }, 
    "1000.0": {
        "exp-2": 0.09333710344965229, 
        "exp-1": 0.11102293244163047, 
        "exp0": 0.13865811991639726, 
        "exp+1": 0.18171556014051765, 
        "exp+2": 0.23931367961476255, 
        "obs": 0.19307371378855653
    }, 
    "2000.0": {
        "exp-2": 0.16153182131355728, 
        "exp-1": 0.19238219285274574, 
        "exp0": 0.24206145913796356, 
        "exp+1": 0.3164915982271728, 
        "exp+2": 0.41993656576319255, 
        "obs": 0.23863205998042442
    }, 
    "4000.0": {
        "exp-2": 0.307547425125251, 
        "exp-1": 0.3675390954534042, 
        "exp0": 0.46087128761726953, 
        "exp+1": 0.6025820427748314, 
        "exp+2": 0.798152647323725, 
        "obs": 0.45328388837883
    }, 
    "1500.0": {
        "exp-2": 0.12609573759760162, 
        "exp-1": 0.15069257470869057, 
        "exp0": 0.18895916597574725, 
        "exp+1": 0.2476365683283087, 
        "exp+2": 0.32782305721378413, 
        "obs": 0.25399099691102983
    }
}