{
    "5000.0": {
        "exp-2": 0.8882210394886142, 
        "exp-1": 1.0224690405115582, 
        "exp0": 1.232296509570647, 
        "exp+1": 1.5440651390487024, 
        "exp+2": 1.957668238848295, 
        "obs": 1.2085653142708608
    }
}