{
    "1000.0": {
        "exp-2": 0.09333710344965229, 
        "exp-1": 0.11102293244163047, 
        "exp0": 0.13865811991639726, 
        "exp+1": 0.18171556014051765, 
        "exp+2": 0.23931367961476255, 
        "obs": 0.19307371378855653
    }
}