{
    "1500.0": {
        "exp-2": 0.1476050866005694, 
        "exp-1": 0.17519157367403917, 
        "exp0": 0.22119172624644864, 
        "exp+1": 0.2892047429003197, 
        "exp+2": 0.38240258983579006, 
        "obs": 0.17723446121738165
    }
}