{
    "2500.0": {
        "exp-2": 0.48375342079549954, 
        "exp-1": 0.5568691654520469, 
        "exp0": 0.671147862341079, 
        "exp+1": 0.8409469810356803, 
        "exp+2": 1.0686329381533903, 
        "obs": 0.6567822459657693
    }
}