{
    "3500.0": {
        "exp-2": 0.31792171795899693, 
        "exp-1": 0.3790431414423103, 
        "exp0": 0.4743416427423756, 
        "exp+1": 0.6201943176842034, 
        "exp+2": 0.8200554217822501, 
        "obs": 0.3722820934835229
    }
}