{
    "7500.0": {
        "exp-2": 1.3118487967845227, 
        "exp-1": 1.5142362859015814, 
        "exp0": 1.8200274723201295, 
        "exp+1": 2.2804909057168214, 
        "exp+2": 2.891357658944752, 
        "obs": 1.7868827346076213
    }
}