{
    "1000.0": {
        "exp-2": 0.3572457301616774, 
        "exp-1": 0.4099922942391103, 
        "exp0": 0.49013709816744133, 
        "exp+1": 0.6110144105778956, 
        "exp+2": 0.7705744918767606, 
        "obs": 0.43862307290862046
    }
}