{
    "4500.0": {
        "exp-2": 0.43661320593254627, 
        "exp-1": 0.5176107720209301, 
        "exp0": 0.6486163065164728, 
        "exp+1": 0.8460760549736136, 
        "exp+2": 1.1173553340729065, 
        "obs": 0.5349286879063476
    }
}