{
    "1500.0": {
        "exp-2": 0.337868044765746, 
        "exp-1": 0.38893429125933876, 
        "exp0": 0.46875, 
        "exp+1": 0.5873428276523615, 
        "exp+2": 0.7446722499552155, 
        "obs": 0.45804553721574554
    }
}