{
    "5000.0": {
        "exp-2": 1.08185496081961, 
        "exp-1": 1.2383351600055048, 
        "exp0": 1.4842927608797396, 
        "exp+1": 1.8527196173790943, 
        "exp+2": 2.3451756528287704, 
        "obs": 1.2905891655688566
    }, 
    "3000.0": {
        "exp-2": 0.6817049799491712, 
        "exp-1": 0.7838440743406023, 
        "exp0": 0.9387491804746665, 
        "exp+1": 1.171762791665724, 
        "exp+2": 1.4832193795198345, 
        "obs": 0.8185111795117341
    }, 
    "2500.0": {
        "exp-2": 0.5872251476422289, 
        "exp-1": 0.6734180031629298, 
        "exp0": 0.8086446847399308, 
        "exp+1": 1.0080721616762698, 
        "exp+2": 1.2772802867931037, 
        "obs": 0.7052279002639636
    }, 
    "4500.0": {
        "exp-2": 0.9780769506968126, 
        "exp-1": 1.1246211155672439, 
        "exp0": 1.3468713658542681, 
        "exp+1": 1.6790360007865395, 
        "exp+2": 2.127426557158558, 
        "obs": 1.1705035561264354
    }, 
    "3500.0": {
        "exp-2": 0.7798033481069121, 
        "exp-1": 0.8966404398789746, 
        "exp0": 1.0738366019482275, 
        "exp+1": 1.3386655470623663, 
        "exp+2": 1.6961593973676785, 
        "obs": 0.9344586811390613
    }, 
    "1000.0": {
        "exp-2": 0.3260256502322708, 
        "exp-1": 0.37387966649731247, 
        "exp0": 0.44895711826357704, 
        "exp+1": 0.5596786580540152, 
        "exp+2": 0.709142199728145, 
        "obs": 0.40290358119094805
    }, 
    "2000.0": {
        "exp-2": 0.4940672808710811, 
        "exp-1": 0.5680928342671135, 
        "exp0": 0.6803606580336637, 
        "exp+1": 0.8492378211665559, 
        "exp+2": 1.0749666696748625, 
        "obs": 0.5956867991074084
    }, 
    "4000.0": {
        "exp-2": 0.8782028435247747, 
        "exp-1": 1.009782979140948, 
        "exp0": 1.2093386523873872, 
        "exp+1": 1.507585024104503, 
        "exp+2": 1.9101892636182434, 
        "obs": 1.0513909196907392
    }, 
    "1500.0": {
        "exp-2": 0.4062030471664925, 
        "exp-1": 0.4670640029474674, 
        "exp0": 0.5593662655537385, 
        "exp+1": 0.6982105594754398, 
        "exp+2": 0.8837961101777869, 
        "obs": 0.493301390780877
    }
}