{
    "1500.0": {
        "exp-2": 0.12598791736617296, 
        "exp-1": 0.1515861650062273, 
        "exp0": 0.1887975933374152, 
        "exp+1": 0.24857064763778008, 
        "exp+2": 0.3286726785971409, 
        "obs": 0.18749176960922947
    }
}