{
    "5000.0": {
        "exp-2": 0.5568728849154635, 
        "exp-1": 0.662391040046995, 
        "exp0": 0.8272695981837306, 
        "exp+1": 1.0765862471974663, 
        "exp+2": 1.4148660979251653, 
        "obs": 0.5591234342448443
    }
}