{
    "2000.0": {
        "exp-2": 0.4068645816998536, 
        "exp-1": 0.4705569091618773, 
        "exp0": 0.5666082613896483, 
        "exp+1": 0.7099590485139717, 
        "exp+2": 0.9001332078476592, 
        "obs": 0.5537871588654304
    }
}