{
    "5000.0": {
        "exp-2": 0.4476501111579978, 
        "exp-1": 0.5349708848678122, 
        "exp0": 0.670820384364601, 
        "exp+1": 0.8770872153757283, 
        "exp+2": 1.1577138140547931, 
        "obs": 0.5240173073210924
    }, 
    "3000.0": {
        "exp-2": 0.27484986802101957, 
        "exp-1": 0.3271380864114247, 
        "exp0": 0.410078113924369, 
        "exp+1": 0.5361707496770216, 
        "exp+2": 0.7089547815793464, 
        "obs": 0.3220481710123512
    }, 
    "2500.0": {
        "exp-2": 0.23127837135926427, 
        "exp-1": 0.27639263561612337, 
        "exp0": 0.3465792658252943, 
        "exp+1": 0.45314699974586325, 
        "exp+2": 0.5991761571674583, 
        "obs": 0.2730380481405357
    }, 
    "4500.0": {
        "exp-2": 0.4052722609169668, 
        "exp-1": 0.48318709560442, 
        "exp0": 0.6046693261936936, 
        "exp+1": 0.7905957650068067, 
        "exp+2": 1.0453696744190872, 
        "obs": 0.4727119817131358
    }, 
    "3500.0": {
        "exp-2": 0.31792171795899693, 
        "exp-1": 0.3790431414423103, 
        "exp0": 0.4743416427423756, 
        "exp+1": 0.6201943176842034, 
        "exp+2": 0.8200554217822501, 
        "obs": 0.3722820934835229
    }, 
    "1000.0": {
        "exp-2": 0.10808389581117517, 
        "exp-1": 0.12856399733089172, 
        "exp0": 0.16056540607326028, 
        "exp+1": 0.21042570969692043, 
        "exp+2": 0.2780842097513138, 
        "obs": 0.13192469496971423
    }, 
    "2000.0": {
        "exp-2": 0.18872282513095376, 
        "exp-1": 0.22553600237505123, 
        "exp0": 0.2828081863032188, 
        "exp+1": 0.36976731806725516, 
        "exp+2": 0.48892689552495594, 
        "obs": 0.22453294160047757
    }, 
    "4000.0": {
        "exp-2": 0.360473012746038, 
        "exp-1": 0.43078860603502456, 
        "exp0": 0.5401822498741244, 
        "exp+1": 0.7062799033864453, 
        "exp+2": 0.9322562113294375, 
        "obs": 0.4224172984212679
    }, 
    "1500.0": {
        "exp-2": 0.1476050866005694, 
        "exp-1": 0.17519157367403917, 
        "exp0": 0.22119172624644864, 
        "exp+1": 0.2892047429003197, 
        "exp+2": 0.38240258983579006, 
        "obs": 0.17723446121738165
    }
}