{
  "1500.0": {
    "exp+1": 0.3048003315925598,
    "exp+2": 0.3411446213722229,
    "exp-1": 0.23177337646484375,
    "exp-2": 0.2054443359375,
    "exp0": 0.265625,
    "obs": 0.2867802710289595
  },
  "2000.0": {
    "exp+1": 0.35746803879737854,
    "exp+2": 0.4012444317340851,
    "exp-1": 0.2729252576828003,
    "exp-2": 0.24094390869140625,
    "exp0": 0.3115234375,
    "obs": 0.3359000376748913
  },
  "2500.0": {
    "exp+1": 0.4146181046962738,
    "exp+2": 0.4640570282936096,
    "exp-1": 0.3152799606323242,
    "exp-2": 0.2794647216796875,
    "exp0": 0.361328125,
    "obs": 0.38802915829113316
  },
  "3000.0": {
    "exp+1": 0.4728887379169464,
    "exp+2": 0.5292758345603943,
    "exp-1": 0.3614886403083801,
    "exp-2": 0.3195457458496094,
    "exp0": 0.412109375,
    "obs": 0.44252938079412196
  },
  "3500.0": {
    "exp+1": 0.5319204330444336,
    "exp+2": 0.5960591435432434,
    "exp-1": 0.4056551456451416,
    "exp-2": 0.3610382080078125,
    "exp0": 0.466796875,
    "obs": 0.4986899945365916
  },
  "4000.0": {
    "exp+1": 0.5920118093490601,
    "exp+2": 0.6672549247741699,
    "exp-1": 0.45516061782836914,
    "exp-2": 0.401824951171875,
    "exp0": 0.51953125,
    "obs": 0.5560600389042074
  },
  "4500.0": {
    "exp+1": 0.6543288826942444,
    "exp+2": 0.7374923229217529,
    "exp-1": 0.5016703605651855,
    "exp-2": 0.44524383544921875,
    "exp0": 0.57421875,
    "obs": 0.6143234046142765
  },
  "5000.0": {
    "exp+1": 0.718871533870697,
    "exp+2": 0.8055526614189148,
    "exp-1": 0.5504617691040039,
    "exp-2": 0.4879302978515625,
    "exp0": 0.630859375,
    "obs": 0.6734880783212436
  },
  "5500.0": {
    "exp+1": 0.7811885476112366,
    "exp+2": 0.8804755210876465,
    "exp-1": 0.5989329814910889,
    "exp-2": 0.5315666198730469,
    "exp0": 0.685546875,
    "obs": 0.7332125789060477
  },
  "6000.0": {
    "exp+1": 0.8457311987876892,
    "exp+2": 0.953221321105957,
    "exp-1": 0.6484174728393555,
    "exp-2": 0.5754852294921875,
    "exp0": 0.7421875,
    "obs": 0.7934236318277
  }
}