{
  "1000.0": {
    "exp+1": 0.23257607221603394,
    "exp+2": 0.2575882077217102,
    "exp-1": 0.1765209436416626,
    "exp-2": 0.15506935119628906,
    "exp0": 0.2041015625,
    "obs": 0.23244403782246043
  },
  "1500.0": {
    "exp+1": 0.29676252603530884,
    "exp+2": 0.3298647403717041,
    "exp-1": 0.2233676314353943,
    "exp-2": 0.19563674926757812,
    "exp0": 0.2568359375,
    "obs": 0.29449188475610555
  },
  "2000.0": {
    "exp+1": 0.3622082769870758,
    "exp+2": 0.406073659658432,
    "exp-1": 0.27262741327285767,
    "exp-2": 0.23878097534179688,
    "exp0": 0.3134765625,
    "obs": 0.35598701266191185
  },
  "2500.0": {
    "exp+1": 0.43103912472724915,
    "exp+2": 0.48461398482322693,
    "exp-1": 0.3230462074279785,
    "exp-2": 0.28415679931640625,
    "exp0": 0.373046875,
    "obs": 0.4216841288125052
  },
  "3000.0": {
    "exp+1": 0.4992700219154358,
    "exp+2": 0.5616719722747803,
    "exp-1": 0.37547779083251953,
    "exp-2": 0.3302764892578125,
    "exp0": 0.43359375,
    "obs": 0.48876444820252696
  },
  "3500.0": {
    "exp+1": 0.570957601070404,
    "exp+2": 0.6419232487678528,
    "exp-1": 0.4308047294616699,
    "exp-2": 0.378326416015625,
    "exp0": 0.494140625,
    "obs": 0.5573052655576398
  },
  "4000.0": {
    "exp+1": 0.6431735754013062,
    "exp+2": 0.7231151461601257,
    "exp-1": 0.4852938652038574,
    "exp-2": 0.426177978515625,
    "exp0": 0.556640625,
    "obs": 0.62567027021356
  },
  "4500.0": {
    "exp+1": 0.7151705622673035,
    "exp+2": 0.8045570850372314,
    "exp-1": 0.5392112731933594,
    "exp-2": 0.47552490234375,
    "exp0": 0.62109375,
    "obs": 0.6959331685294867
  },
  "5000.0": {
    "exp+1": 0.7866537570953369,
    "exp+2": 0.8905947208404541,
    "exp-1": 0.5944139957427979,
    "exp-2": 0.5235328674316406,
    "exp0": 0.685546875,
    "obs": 0.7667816268057275
  },
  "5500.0": {
    "exp+1": 0.8643350005149841,
    "exp+2": 0.9717652201652527,
    "exp-1": 0.6494274139404297,
    "exp-2": 0.572723388671875,
    "exp0": 0.748046875,
    "obs": 0.8380050163244741
  },
  "6000.0": {
    "exp+1": 0.9368127584457397,
    "exp+2": 1.054556131362915,
    "exp-1": 0.7039411067962646,
    "exp-2": 0.6218719482421875,
    "exp0": 0.81640625,
    "obs": 0.9099277390119744
  }
}