{
  "1500.0": {
    "exp+1": 0.08419843018054962,
    "exp+2": 0.11190944164991379,
    "exp-1": 0.043540239334106445,
    "exp-2": 0.0326385498046875,
    "exp0": 0.060546875,
    "obs": 0.7216747049743337
  },
  "2000.0": {
    "exp+1": 0.08419843018054962,
    "exp+2": 0.11190944164991379,
    "exp-1": 0.043540239334106445,
    "exp-2": 0.0326385498046875,
    "exp0": 0.060546875,
    "obs": 0.7212984330087783
  },
  "2500.0": {
    "exp+1": 0.08419843018054962,
    "exp+2": 0.11190944164991379,
    "exp-1": 0.043540239334106445,
    "exp-2": 0.0326385498046875,
    "exp0": 0.060546875,
    "obs": 0.7210762614534588
  },
  "3000.0": {
    "exp+1": 0.08419843018054962,
    "exp+2": 0.11190944164991379,
    "exp-1": 0.043540239334106445,
    "exp-2": 0.0326385498046875,
    "exp0": 0.060546875,
    "obs": 0.7209428223675989
  },
  "3500.0": {
    "exp+1": 0.08419843018054962,
    "exp+2": 0.11190944164991379,
    "exp-1": 0.043540239334106445,
    "exp-2": 0.0326385498046875,
    "exp0": 0.060546875,
    "obs": 0.7208396255732922
  }
}