{
    "3000.0": {
        "exp-2": 0.49410588440130926, 
        "exp-1": 0.6477782793662891, 
        "exp0": 0.6987712429686843, 
        "exp+1": 0.744617899829005, 
        "exp+2": 0.7861634811200425, 
        "obs": 0.6980409646822037
    }, 
    "2500.0": {
        "exp-2": 0.40978405731898904, 
        "exp-1": 0.5457113692712852, 
        "exp0": 0.5887951150442742, 
        "exp+1": 0.628526442620197, 
        "exp+2": 0.663404138366826, 
        "obs": 0.5889758049488895
    }, 
    "3500.0": {
        "exp-2": 0.5808371769884182, 
        "exp-1": 0.7501238084963843, 
        "exp0": 0.808886194096549, 
        "exp+1": 0.8604433181797633, 
        "exp+2": 0.908714068671847, 
        "obs": 0.8085362772936188
    }, 
    "1000.0": {
        "exp-2": 0.18518673931458685, 
        "exp-1": 0.24135372244692904, 
        "exp0": 0.26608416196760004, 
        "exp+1": 0.2860195209036735, 
        "exp+2": 0.30327409194368216, 
        "obs": 0.26628732076078065
    }, 
    "2000.0": {
        "exp-2": 0.32937818724738743, 
        "exp-1": 0.44260991816450834, 
        "exp0": 0.4810876349481454, 
        "exp+1": 0.5135509798341603, 
        "exp+2": 0.5420485458627575, 
        "obs": 0.48110705745519894
    }, 
    "4000.0": {
        "exp-2": 0.6710569147341379, 
        "exp-1": 0.8524036977300185, 
        "exp0": 0.9206824914160147, 
        "exp+1": 0.9793653320439041, 
        "exp+2": 1.0343075710112108, 
        "obs": 0.9181962587991929
    }, 
    "1500.0": {
        "exp-2": 0.25540423497308634, 
        "exp-1": 0.341518615807297, 
        "exp0": 0.37304176207229134, 
        "exp+1": 0.3996048077781905, 
        "exp+2": 0.42275841371949147, 
        "obs": 0.37344087268675064
    }
}