{
    "3000.0": {
        "exp-2": 0.3564118670096613, 
        "exp-1": 0.4609314223066606, 
        "exp0": 0.6629126073623883, 
        "exp+1": 0.7223448211180089, 
        "exp+2": 0.768238162402917, 
        "obs": 0.6641404891912005
    }, 
    "2500.0": {
        "exp-2": 0.2996121760788228, 
        "exp-1": 0.38747493908967373, 
        "exp0": 0.557267328128969, 
        "exp+1": 0.6092632386839766, 
        "exp+2": 0.6475610669991578, 
        "obs": 0.558065454153207
    }, 
    "3500.0": {
        "exp-2": 0.41360160079439673, 
        "exp-1": 0.5379560975097321, 
        "exp0": 0.7692833515681982, 
        "exp+1": 0.8382520274164226, 
        "exp+2": 0.8891030743127998, 
        "obs": 0.7695288265536026
    }, 
    "1000.0": {
        "exp-2": 0.13756712228859636, 
        "exp-1": 0.17473605209701448, 
        "exp0": 0.2430679560328757, 
        "exp+1": 0.27144658216705675, 
        "exp+2": 0.2898836329491841, 
        "obs": 0.24470422160717806
    }, 
    "2000.0": {
        "exp-2": 0.24453093799900225, 
        "exp-1": 0.31325183073880375, 
        "exp0": 0.45177600921253, 
        "exp+1": 0.495573401705621, 
        "exp+2": 0.5263946752501384, 
        "obs": 0.4527668442385818
    }, 
    "4000.0": {
        "exp-2": 0.4710393314340242, 
        "exp-1": 0.612663200589996, 
        "exp0": 0.8761153605547617, 
        "exp+1": 0.9514515679001062, 
        "exp+2": 1.0097912429127645, 
        "obs": 0.8761104599157078
    }, 
    "1500.0": {
        "exp-2": 0.19046223680157948, 
        "exp-1": 0.24223111898107327, 
        "exp0": 0.3472829807952011, 
        "exp+1": 0.3822101603143112, 
        "exp+2": 0.40784851441360076, 
        "obs": 0.34811601432404043
    }
}