{
    "2000.0": {
        "exp-2": 0.4493461096632876, 
        "exp-1": 0.5176639125912014, 
        "exp0": 0.6210814660734935, 
        "exp+1": 0.7762355860847724, 
        "exp+2": 0.9838609412818143, 
        "obs": 0.6211064462886042
    }
}