{
    "6500.0": {
        "exp-2": 1.2531211034852139, 
        "exp-1": 1.4436434619782337, 
        "exp0": 1.7320508075688772, 
        "exp+1": 2.1647392894771995, 
        "exp+2": 2.6243092672642496, 
        "obs": 1.7380500060904087
    }
}