{
    "4000.0": {
        "exp-2": 0.7945402761901257, 
        "exp-1": 0.9128846951423896, 
        "exp0": 1.0982052119253487, 
        "exp+1": 1.3707985410748775, 
        "exp+2": 1.7351591382438465, 
        "obs": 1.0985411917200403
    }
}