{
    "1500.0": {
        "exp-2": 0.14974400610542632, 
        "exp-1": 0.17895378747243057, 
        "exp0": 0.22439697838039174, 
        "exp+1": 0.29271066105868454, 
        "exp+2": 0.34477888364039455, 
        "obs": 0.305046788699126
    }
}