{
    "1000.0": {
        "exp-2": 0.34483139130017987, 
        "exp-1": 0.3957450061261313, 
        "exp0": 0.4731047685447355, 
        "exp+1": 0.589781600002059, 
        "exp+2": 0.74728418417904, 
        "obs": 0.43164886052847845
    }
}