{
    "2500.0": {
        "exp-2": 0.29778846947986504, 
        "exp-1": 0.3542144359835782, 
        "exp0": 0.4423834524928973, 
        "exp+1": 0.57570585380919, 
        "exp+2": 0.7538739133234656, 
        "obs": 0.4275268289203929
    }
}