{
    "3500.0": {
        "exp-2": 0.690326213501864, 
        "exp-1": 0.7841070196132586, 
        "exp0": 0.9236476471891985, 
        "exp+1": 1.1199977182467242, 
        "exp+2": 1.3701124456300473, 
        "obs": 0.9248300508953892
    }
}