{
    "2500.0": {
        "exp-2": 0.7272399833884546, 
        "exp-1": 0.7795208772991818, 
        "exp+2": 1.0748629178553968, 
        "exp+1": 0.955837402368986, 
        "exp0": 0.8549909847562228, 
        "obs": 0.7630501558980652
    }
}