{
    "1500.0": {
        "exp-2": 0.14848632385996519, 
        "exp-1": 0.17745077122111985, 
        "exp0": 0.22251229066066902, 
        "exp+1": 0.29025220906027305, 
        "exp+2": 0.3833164479157953, 
        "obs": 0.16598409468377495
    }
}