{
    "2500.0": {
        "exp-2": 0.5288779934388398, 
        "exp-1": 0.607652798145286, 
        "exp0": 0.7310095840144156, 
        "exp+1": 0.9136251397674908, 
        "exp+2": 1.1553302921806177, 
        "obs": 0.5822455404160617
    }
}