{
    "5500.0": {
        "exp-2": 0.4982957405191532, 
        "exp-1": 0.5940946281530556, 
        "exp0": 0.7434610783356449, 
        "exp+1": 0.9720637956844984, 
        "exp+2": 1.2808361315443306, 
        "obs": 0.7300732220043027
    }
}