{
    "2000.0": {
        "exp-2": 0.1925339468216214, 
        "exp-1": 0.2295491898539212, 
        "exp0": 0.2872621298570349, 
        "exp+1": 0.37559077298944193, 
        "exp+2": 0.4417474828712065, 
        "obs": 0.2823959641668445
    }
}