{
   "5000.0": {
      "exp-2": 0.48918914794921875, 
      "exp-1": 0.549843430519104, 
      "exp0": 0.623046875, 
      "exp+1": 0.7099691033363342, 
      "exp+2": 0.7909493446350098, 
      "obs": 0.6237285503070964
   }, 
   "3000.0": {
      "exp-2": 0.30975341796875, 
      "exp-1": 0.3476982116699219, 
      "exp0": 0.396484375, 
      "exp+1": 0.4486376941204071, 
      "exp+2": 0.500386655330658, 
      "obs": 0.3956151729646191
   }, 
   "1000.0": {
      "exp-2": 0.1506671905517578, 
      "exp-1": 0.16870415210723877, 
      "exp0": 0.19189453125, 
      "exp+1": 12345678, 
      "exp+2": 0.24218222498893738, 
      "obs": 0.19203696232730355
   }, 
   "4500.0": {
      "exp-2": 0.4425048828125, 
      "exp-1": 0.49864768981933594, 
      "exp0": 0.56640625, 
      "exp+1": 0.6431686878204346, 
      "exp+2": 0.7169414162635803, 
      "obs": 0.5656576651130102
   }, 
   "3500.0": {
      "exp-2": 0.35424041748046875, 
      "exp-1": 0.39664793014526367, 
      "exp0": 0.451171875, 
      "exp+1": 0.5141155123710632, 
      "exp+2": 0.5727564096450806, 
      "obs": 0.45240400094347527
   }, 
   "2500.0": {
      "exp-2": 0.266265869140625, 
      "exp-1": 0.3000483512878418, 
      "exp0": 0.3408203125, 
      "exp+1": 0.3883686661720276, 
      "exp+2": 0.4326666295528412, 
      "obs": 0.341397112174544
   }, 
   "2000.0": {
      "exp-2": 0.225067138671875, 
      "exp-1": 0.2526378631591797, 
      "exp0": 0.2880859375, 
      "exp+1": 0.32712891697883606, 
      "exp+2": 0.36465126276016235, 
      "obs": 0.2880325239698242
   }, 
   "6000.0": {
      "exp-2": 0.5811996459960938, 
      "exp-1": 0.6532622575759888, 
      "exp0": 0.740234375, 
      "exp+1": 0.8435055613517761, 
      "exp+2": 0.9397172331809998, 
      "obs": 0.7420421520771079
   }, 
   "4000.0": {
      "exp-2": 0.39825439453125, 
      "exp-1": 0.4470405578613281, 
      "exp0": 0.509765625, 
      "exp+1": 0.576819896697998, 
      "exp+2": 0.6433542966842651, 
      "obs": 0.5093694343580343
   }, 
   "1500.0": {
      "exp-2": 0.185394287109375, 
      "exp-1": 0.20891618728637695, 
      "exp0": 0.2373046875, 
      "exp+1": 123, 
      "exp+2": 0.3012550175189972, 
      "obs": 0.23740793016927791
   }, 
   "5500.0": {
      "exp-2": 0.5351943969726562, 
      "exp-1": 0.6015528440475464, 
      "exp0": 0.681640625, 
      "exp+1": 0.7767373323440552, 
      "exp+2": 0.8653332591056824, 
      "obs": 0.6833508089004343
   }
}{
   "3000.0": {
      "exp-2": 0.30975341796875, 
      "exp-1": 0.3476982116699219, 
      "exp+2": 0.500386655330658, 
      "exp+1": 0.4486376941204071, 
      "exp0": 0.396484375, 
      "obs": 0.3956151729646191
   }, 
   "1500.0": {
      "exp-2": 0.185394287109375, 
      "exp-1": 0.20891618728637695, 
      "exp+2": 0.3012550175189972, 
      "exp+1": 123, 
      "exp0": 0.2373046875, 
      "obs": 0.23740793016927791
   }, 
   "1000.0": {
      "exp-2": 0.1506671905517578, 
      "exp-1": 0.16870415210723877, 
      "exp+2": 0.24218222498893738, 
      "exp+1": 12345678, 
      "exp0": 0.19189453125, 
      "obs": 0.19203696232730355
   }, 
   "4500.0": {
      "exp-2": 0.4425048828125, 
      "exp-1": 0.49864768981933594, 
      "exp+2": 0.7169414162635803, 
      "exp+1": 0.6431686878204346, 
      "exp0": 0.56640625, 
      "obs": 0.5656576651130102
   }, 
   "3500.0": {
      "exp-2": 0.35424041748046875, 
      "exp-1": 0.39664793014526367, 
      "exp+2": 0.5727564096450806, 
      "exp+1": 0.5141155123710632, 
      "exp0": 0.451171875, 
      "obs": 0.45240400094347527
   }, 
   "2500.0": {
      "exp-2": 0.266265869140625, 
      "exp-1": 0.3000483512878418, 
      "exp+2": 0.4326666295528412, 
      "exp+1": 0.3883686661720276, 
      "exp0": 0.3408203125, 
      "obs": 0.341397112174544
   }, 
   "2000.0": {
      "exp-2": 0.225067138671875, 
      "exp-1": 0.2526378631591797, 
      "exp+2": 0.36465126276016235, 
      "exp+1": 0.32712891697883606, 
      "exp0": 0.2880859375, 
      "obs": 0.2880325239698242
   }, 
   "6000.0": {
      "exp-2": 0.5811996459960938, 
      "exp-1": 0.6532622575759888, 
      "exp+2": 0.9397172331809998, 
      "exp+1": 0.8435055613517761, 
      "exp0": 0.740234375, 
      "obs": 0.7420421520771079
   }, 
   "4000.0": {
      "exp-2": 0.39825439453125, 
      "exp-1": 0.4470405578613281, 
      "exp+2": 0.6433542966842651, 
      "exp+1": 0.576819896697998, 
      "exp0": 0.509765625, 
      "obs": 0.5093694343580343
   }, 
   "5000.0": {
      "exp-2": 0.48918914794921875, 
      "exp-1": 0.549843430519104, 
      "exp+2": 0.7909493446350098, 
      "exp+1": 0.7099691033363342, 
      "exp0": 0.623046875, 
      "obs": 0.6237285503070964
   }, 
   "5500.0": {
      "exp-2": 0.5351943969726562, 
      "exp-1": 0.6015528440475464, 
      "exp+2": 0.8653332591056824, 
      "exp+1": 0.7767373323440552, 
      "exp0": 0.681640625, 
      "obs": 0.6833508089004343
   }
}