{
    "2000.0": {
        "exp-2": 0.6682013840496915, 
        "exp-1": 0.71720089539835, 
        "exp+2": 0.9887437227721998, 
        "exp+1": 0.878240880184729, 
        "exp0": 0.7855813464031649, 
        "obs": 0.7024700606374941
    }
}