{
    "9000.0": {
        "exp-2": 0.8101114229401565, 
        "exp-1": 0.9658578338894624, 
        "exp0": 1.2086924753633572, 
        "exp+1": 1.576657434332971, 
        "exp+2": 2.078510793570252, 
        "obs": 1.1851662065877517
    }
}