{
    "4000.0": {
        "exp-2": 0.3642853018280173, 
        "exp-1": 0.4343202707405462, 
        "exp0": 0.5435164728414402, 
        "exp+1": 0.7106393461364577, 
        "exp+2": 0.8358116411669515, 
        "obs": 0.5334562035368299
    }
}