{
    "1000.0": {
        "exp-2": 0.10930522327838454, 
        "exp-1": 0.1300167454424967, 
        "exp0": 0.16237976320958225, 
        "exp+1": 0.21081868110097618, 
        "exp+2": 0.2781852394402968, 
        "obs": 0.12493986079482898
    }
}