{
    "2000.0": {
        "exp-2": 0.4464930896459233, 
        "exp-1": 0.514377124360195, 
        "exp0": 0.6171380518166093, 
        "exp+1": 0.7713070436276475, 
        "exp+2": 0.9776141493214286, 
        "obs": 0.4934641144140637
    }
}