{
    "1000.0": {
        "exp-2": 0.13993155850076539, 
        "exp-1": 0.165688225536276, 
        "exp0": 0.20610790559801437, 
        "exp+1": 0.26822324240108036, 
        "exp+2": 0.3525030799318587, 
        "obs": 0.2175355139030938
    }
}