{
    "2000.0": {
        "exp-2": 0.2433252068745545, 
        "exp-1": 0.2894312851629248, 
        "exp0": 0.3614748476453545, 
        "exp+1": 0.4704135779821983, 
        "exp+2": 0.6182247089931228, 
        "obs": 0.35478295919740893
    }
}