{
    "5000.0": {
        "exp-2": 0.5747048532708836, 
        "exp-1": 0.6836018589083785, 
        "exp0": 0.8537600797893152, 
        "exp+1": 1.111060245992088, 
        "exp+2": 1.4549085275008788, 
        "obs": 0.8079560685567867
    }, 
    "3000.0": {
        "exp-2": 0.3524987469813214, 
        "exp-1": 0.4192913911253658, 
        "exp0": 0.5236589902589958, 
        "exp+1": 0.6814756221049515, 
        "exp+2": 0.8923770669746747, 
        "obs": 0.5022234233561372
    }, 
    "2500.0": {
        "exp-2": 0.29778846947986504, 
        "exp-1": 0.3542144359835782, 
        "exp0": 0.4423834524928973, 
        "exp+1": 0.57570585380919, 
        "exp+2": 0.7538739133234656, 
        "obs": 0.42720232869778657
    }, 
    "4500.0": {
        "exp-2": 0.51937554112669, 
        "exp-1": 0.6177885774294332, 
        "exp0": 0.7715649526502238, 
        "exp+1": 1.0017276978795973, 
        "exp+2": 1.3146549427017176, 
        "obs": 0.7304467962002215
    }, 
    "3500.0": {
        "exp-2": 0.40768227818343966, 
        "exp-1": 0.4849312879614601, 
        "exp0": 0.6056375821896, 
        "exp+1": 0.7881603560356052, 
        "exp+2": 1.0320783236190407, 
        "obs": 0.5778442104105342
    }, 
    "1000.0": {
        "exp-2": 0.13993155850076539, 
        "exp-1": 0.165688225536276, 
        "exp0": 0.20610790559801437, 
        "exp+1": 0.26822324240108036, 
        "exp+2": 0.3525030799318587, 
        "obs": 0.21754305028731244
    }, 
    "2000.0": {
        "exp-2": 0.2433252068745545, 
        "exp-1": 0.2894312851629248, 
        "exp0": 0.3614748476453545, 
        "exp+1": 0.4704135779821983, 
        "exp+2": 0.6182247089931228, 
        "obs": 0.3550228421612972
    }, 
    "4000.0": {
        "exp-2": 0.4631698989210882, 
        "exp-1": 0.5509328971579641, 
        "exp0": 0.6880679385635339, 
        "exp+1": 0.8954329630979838, 
        "exp+2": 1.1725494478449945, 
        "obs": 0.6543279863378925
    }, 
    "1500.0": {
        "exp-2": 0.19037108864651656, 
        "exp-1": 0.22644324288073095, 
        "exp0": 0.2828081863032188, 
        "exp+1": 0.3680389151120331, 
        "exp+2": 0.4836823525554754, 
        "obs": 0.28442583539921756
    }
}