{
    "5000.0": {
        "exp-2": 0.9681323451236991, 
        "exp-1": 1.1123328201179208, 
        "exp0": 1.338142360198698, 
        "exp+1": 1.6724274337604181, 
        "exp+2": 2.1148783911695808, 
        "obs": 1.0642778791709855
    }, 
    "3000.0": {
        "exp-2": 0.613701573071539, 
        "exp-1": 0.7051106072971995, 
        "exp0": 0.8482518718394149, 
        "exp+1": 1.060156031856641, 
        "exp+2": 1.3406268797819034, 
        "obs": 0.6747711071794421
    }, 
    "2500.0": {
        "exp-2": 0.5288779934388398, 
        "exp-1": 0.607652798145286, 
        "exp0": 0.7310095840144156, 
        "exp+1": 0.9136251397674908, 
        "exp+2": 1.1553302921806177, 
        "obs": 0.5822455404160617
    }, 
    "4500.0": {
        "exp-2": 0.87774401643735, 
        "exp-1": 1.011194689903773, 
        "exp0": 1.2132085362031888, 
        "exp+1": 1.5162835804113213, 
        "exp+2": 1.9174257585857426, 
        "obs": 0.9654330194376121
    }, 
    "3500.0": {
        "exp-2": 0.7005159928581217, 
        "exp-1": 0.8048557735160439, 
        "exp0": 0.9682458365518543, 
        "exp+1": 1.2101260512089032, 
        "exp+2": 1.5302723468905655, 
        "obs": 0.7706597766982103
    }, 
    "1000.0": {
        "exp-2": 0.3007939323624959, 
        "exp-1": 0.34652611998163835, 
        "exp0": 0.4157542092390647, 
        "exp+1": 0.519614937144122, 
        "exp+2": 0.6570822796866566, 
        "obs": 0.3421985109993875
    }, 
    "2000.0": {
        "exp-2": 0.4464930896459233, 
        "exp-1": 0.514377124360195, 
        "exp0": 0.6171380518166093, 
        "exp+1": 0.7713070436276475, 
        "exp+2": 0.9776141493214286, 
        "obs": 0.49346418609204457
    }, 
    "4000.0": {
        "exp-2": 0.7878859028558874, 
        "exp-1": 0.9076746890177816, 
        "exp0": 1.0890075866778237, 
        "exp+1": 1.3610556287334994, 
        "exp+2": 1.7251070542218534, 
        "obs": 0.8674561608112084
    }, 
    "1500.0": {
        "exp-2": 0.3698499011361017, 
        "exp-1": 0.4249379442293718, 
        "exp0": 0.5112026319968086, 
        "exp+1": 0.6380918709788789, 
        "exp+2": 0.8076977764545348, 
        "obs": 0.41143258509306546
    }
}