{
    "4500.0": {
        "exp-2": 0.87774401643735, 
        "exp-1": 1.011194689903773, 
        "exp0": 1.2132085362031888, 
        "exp+1": 1.5162835804113213, 
        "exp+2": 1.9174257585857426, 
        "obs": 0.9654561124104724
    }
}