{
    "5000.0": {
        "exp-2": 0.4496092053105675, 
        "exp-1": 0.5360479513522186, 
        "exp0": 0.670820384364601, 
        "exp+1": 0.8729874763508102, 
        "exp+2": 1.1514145030102363, 
        "obs": 0.4841367458697662
    }, 
    "3000.0": {
        "exp-2": 0.2753282841672827, 
        "exp-1": 0.32826099529358, 
        "exp0": 0.41079192175629775, 
        "exp+1": 0.5358502419840936, 
        "exp+2": 0.7051615995833487, 
        "obs": 0.29859379262377056
    }, 
    "2500.0": {
        "exp-2": 0.23229053536953592, 
        "exp-1": 0.2769491047426166, 
        "exp0": 0.3465792658252943, 
        "exp+1": 0.45314699974586325, 
        "exp+2": 0.5960402988452366, 
        "obs": 0.2530981716922749
    }, 
    "4500.0": {
        "exp-2": 0.4052722609169668, 
        "exp-1": 0.48318709560442, 
        "exp0": 0.6046693261936936, 
        "exp+1": 0.7887501617770022, 
        "exp+2": 1.039811000981792, 
        "obs": 0.4373151500120021
    }, 
    "3500.0": {
        "exp-2": 0.31874856387544126, 
        "exp-1": 0.3800289588798305, 
        "exp0": 0.47557531576025314, 
        "exp+1": 0.6189008422938902, 
        "exp+2": 0.8162905232300106, 
        "obs": 0.34468424195525554
    }, 
    "1000.0": {
        "exp-2": 0.10930522327838454, 
        "exp-1": 0.1300167454424967, 
        "exp0": 0.16237976320958225, 
        "exp+1": 0.21081868110097618, 
        "exp+2": 0.2781852394402968, 
        "obs": 0.12493986079482898
    }, 
    "2000.0": {
        "exp-2": 0.19024179432400543, 
        "exp-1": 0.22681636399367502, 
        "exp0": 0.28384222069663984, 
        "exp+1": 0.37025294166983014, 
        "exp+2": 0.48724092666492447, 
        "obs": 0.20874569426990142
    }, 
    "4000.0": {
        "exp-2": 0.3620505868541111, 
        "exp-1": 0.43165591804029324, 
        "exp0": 0.5401822498741244, 
        "exp+1": 0.7046311671034676, 
        "exp+2": 0.927271838079373, 
        "obs": 0.39051058434540725
    }, 
    "1500.0": {
        "exp-2": 0.14848632385996519, 
        "exp-1": 0.17745077122111985, 
        "exp0": 0.22251229066066902, 
        "exp+1": 0.2895714686499435, 
        "exp+2": 0.3819261917415283, 
        "obs": 0.16597655888865034
    }
}