{
    "4000.0": {
        "exp-2": 0.9078918579923029, 
        "exp-1": 1.0392099146853804, 
        "exp0": 1.245617335975907, 
        "exp+1": 1.5528107630335535, 
        "exp+2": 1.9629072653601252, 
        "obs": 1.0893098993040953
    }
}