{
    "5000.0": {
        "exp-2": 1.166048033501929, 
        "exp-1": 1.3347059674728152, 
        "exp0": 1.599804690480596, 
        "exp+1": 1.9917882781096647, 
        "exp+2": 2.5143742265541276, 
        "obs": 1.4667600537672874
    }
}