{
    "3000.0": {
        "exp-2": 0.27723369295201566, 
        "exp-1": 0.3305327202496537, 
        "exp0": 0.4136347990918653, 
        "exp+1": 0.5395585693901994, 
        "exp+2": 0.7113011865683979, 
        "obs": 0.4055969961726148
    }
}