{
    "3000.0": {
        "exp-2": 0.7833910728822093, 
        "exp-1": 0.8397086442911015, 
        "exp+2": 1.1578544294434872, 
        "exp+1": 1.029638787078576, 
        "exp0": 0.9210059021740387, 
        "obs": 0.8214445247120722
    }
}