{
    "2500.0": {
        "exp-2": 0.5260139369895023, 
        "exp-1": 0.6014278062905207, 
        "exp0": 0.7164364774061565, 
        "exp+1": 0.8815952449911798, 
        "exp+2": 1.0980633289647344, 
        "obs": 0.7156756500441908
    }
}