{
    "2000.0": {
        "exp-2": 0.5137750790268744, 
        "exp-1": 0.5880878409180993, 
        "exp0": 0.7048936005377485, 
        "exp+1": 0.8787340461726136, 
        "exp+2": 1.1134020823440554, 
        "obs": 0.623147634717531
    }
}