{
    "8500.0": {
        "exp-2": 1.6253380057121964, 
        "exp-1": 1.8724515762485041, 
        "exp0": 2.2465250944514286, 
        "exp+1": 2.8077358161079577, 
        "exp+2": 3.4038127614040796, 
        "obs": 2.2535618606679777
    }
}