{
    "4500.0": {
        "exp-2": 0.8872434433312962, 
        "exp-1": 1.0221383971476583, 
        "exp0": 1.2263385543967864, 
        "exp+1": 1.5326936106017706, 
        "exp+2": 1.9381771750071637, 
        "obs": 1.229020120822395
    }
}