{
    "4500.0": {
        "exp-2": 0.4052722609169668, 
        "exp-1": 0.48318709560442, 
        "exp0": 0.6046693261936936, 
        "exp+1": 0.7905957650068067, 
        "exp+2": 1.0417254749228078, 
        "obs": 0.4373150824510893
    }
}