{
    "5000.0": {
        "exp-2": 0.9839371652314486, 
        "exp-1": 1.0546719016442605, 
        "exp+2": 1.4542621466467387, 
        "exp+1": 1.2932236596043307, 
        "exp0": 1.1567810338169873, 
        "obs": 1.0316384440156277
    }, 
    "3000.0": {
        "exp-2": 0.7833910728822093, 
        "exp-1": 0.8397086442911015, 
        "exp+2": 1.1578544294434872, 
        "exp+1": 1.029638787078576, 
        "exp0": 0.9210059021740387, 
        "obs": 0.8214445247120722
    }, 
    "2500.0": {
        "exp-2": 0.7272399833884546, 
        "exp-1": 0.7795208772991818, 
        "exp+2": 1.0748629178553968, 
        "exp+1": 0.955837402368986, 
        "exp0": 0.8549909847562228, 
        "obs": 0.7630501558980652
    }, 
    "4500.0": {
        "exp-2": 0.9368799370449503, 
        "exp-1": 1.0055817668910734, 
        "exp+2": 1.3847114351321514, 
        "exp+1": 1.2313746710125726, 
        "exp0": 1.101457460006145, 
        "obs": 0.9825645115907718
    }, 
    "3500.0": {
        "exp-2": 0.8369683344417049, 
        "exp-1": 0.8971375443687796, 
        "exp+2": 1.2370417724921683, 
        "exp+1": 1.1000572945119282, 
        "exp0": 0.9839948356327153, 
        "obs": 0.8778723009061229
    }, 
    "1000.0": {
        "exp-2": 0.5484468364048569, 
        "exp-1": 0.5886646923178239, 
        "exp+2": 0.8106061187078818, 
        "exp+1": 0.7208432125948901, 
        "exp0": 0.6447900505118427, 
        "obs": 0.5849773593904191
    }, 
    "2000.0": {
        "exp-2": 0.6682013840496915, 
        "exp-1": 0.71720089539835, 
        "exp+2": 0.9887437227721998, 
        "exp+1": 0.878240880184729, 
        "exp0": 0.7855813464031649, 
        "obs": 0.7024700606374941
    }, 
    "4000.0": {
        "exp-2": 0.8876293724612133, 
        "exp-1": 0.952719627706799, 
        "exp+2": 1.3134333078698184, 
        "exp+1": 1.1666428882625135, 
        "exp0": 1.0435552628767792, 
        "obs": 0.9313732661029134
    }, 
    "1500.0": {
        "exp-2": 0.6081528600081576, 
        "exp-1": 0.6518726441793457, 
        "exp+2": 0.8987200768061959, 
        "exp+1": 0.7988065291288491, 
        "exp0": 0.714984357868624, 
        "obs": 0.6414301092816469
    }
}