{
    "5000.0": {
        "exp-2": 0.4540753100610418, 
        "exp-1": 0.5413726840272459, 
        "exp0": 0.6774838558962125, 
        "exp+1": 0.8857996205948142, 
        "exp+2": 1.1671704782575067, 
        "obs": 0.6645184618287778
    }
}