{
    "2000.0": {
        "exp-2": 0.19162037608321678, 
        "exp-1": 0.22845997907196638, 
        "exp0": 0.28589907007503146, 
        "exp+1": 0.3738085973855127, 
        "exp+2": 0.43965139366860884, 
        "obs": 0.2808121535876146
    }
}