{
    "2500.0": {
        "exp-2": 0.5323460715970763, 
        "exp-1": 0.611637439414955, 
        "exp0": 0.7358031488393196, 
        "exp+1": 0.9184421049342015, 
        "exp+2": 1.1625655617223205, 
        "obs": 0.735789343374919
    }
}