{
    "4500.0": {
        "exp-2": 0.4099004038354355, 
        "exp-1": 0.48870501630755986, 
        "exp0": 0.6115745559619039, 
        "exp+1": 0.7996242445405031, 
        "exp+2": 1.0536217850665375, 
        "obs": 0.6000730521049502
    }
}