{
    "3500.0": {
        "exp-2": 0.38282845911508323, 
        "exp-1": 0.45536808059549566, 
        "exp0": 0.5687156687844366, 
        "exp+1": 0.7401111671354702, 
        "exp+2": 0.9709137778182028, 
        "obs": 0.4449090293461915
    }
}