{
    "2000.0": {
        "exp-2": 0.19024179432400543, 
        "exp-1": 0.22681636399367502, 
        "exp0": 0.28384222069663984, 
        "exp+1": 0.37025294166983014, 
        "exp+2": 0.48724092666492447, 
        "obs": 0.20874569426990142
    }
}