{
    "5000.0": {
        "exp-2": 0.6140147882227674, 
        "exp-1": 0.7303603800796146, 
        "exp0": 0.9121574699579015, 
        "exp+1": 1.1842598126846233, 
        "exp+2": 1.5542078859864754, 
        "obs": 0.7259704343564974
    }, 
    "3000.0": {
        "exp-2": 0.37653493661632587, 
        "exp-1": 0.4478820484297722, 
        "exp0": 0.5593662655537385, 
        "exp+1": 0.7262287809124939, 
        "exp+2": 0.9530936376696102, 
        "obs": 0.4468120978145945
    }, 
    "2500.0": {
        "exp-2": 0.31763361484775193, 
        "exp-1": 0.37781990290126366, 
        "exp0": 0.47186465220442186, 
        "exp+1": 0.6140718648647777, 
        "exp+2": 0.8041133869553538, 
        "obs": 0.3785828606982039
    }, 
    "4500.0": {
        "exp-2": 0.554004840120456, 
        "exp-1": 0.6589795522281566, 
        "exp0": 0.8230089465845083, 
        "exp+1": 1.0685177533964634, 
        "exp+2": 1.4023094066781787, 
        "obs": 0.656047584608631
    }, 
    "3500.0": {
        "exp-2": 0.4353953213304095, 
        "exp-1": 0.5178954968789405, 
        "exp0": 0.6468070570421566, 
        "exp+1": 0.8397537183188101, 
        "exp+2": 1.1020823124746824, 
        "obs": 0.5161989628538355
    }, 
    "1000.0": {
        "exp-2": 0.1484477767398503, 
        "exp-1": 0.1765761627548661, 
        "exp0": 0.22052848286546103, 
        "exp+1": 0.2863135304185753, 
        "exp+2": 0.3757543129892337, 
        "obs": 0.18313146832775423
    }, 
    "2000.0": {
        "exp-2": 0.2601984763028264, 
        "exp-1": 0.309501760696555, 
        "exp0": 0.38654115240165565, 
        "exp+1": 0.5030341771290585, 
        "exp+2": 0.6587120149073477, 
        "obs": 0.31158700985227766
    }, 
    "4000.0": {
        "exp-2": 0.4942293954354597, 
        "exp-1": 0.5878776472820072, 
        "exp0": 0.7342087577794206, 
        "exp+1": 0.9554793874252948, 
        "exp+2": 1.2511788531492007, 
        "obs": 0.5857656255005468
    }, 
    "1500.0": {
        "exp-2": 0.2035152464586717, 
        "exp-1": 0.24207800266472312, 
        "exp0": 0.3023346630968468, 
        "exp+1": 0.39345013386846145, 
        "exp+2": 0.5152141494772329, 
        "obs": 0.24573415385197966
    }
}