{
    "1500.0": {
        "exp-2": 0.471437601394167, 
        "exp-1": 0.5410443515243376, 
        "exp0": 0.6468070570421566, 
        "exp+1": 0.8063222335276424, 
        "exp+2": 1.0192715251896218, 
        "obs": 0.5336767717868961
    }
}