{
    "1000.0": {
        "exp-2": 0.10991079362702823, 
        "exp-1": 0.13073706248427466, 
        "exp0": 0.1632793786886205, 
        "exp+1": 0.21198665237018863, 
        "exp+2": 0.28023054213357995, 
        "obs": 0.12446771688930987
    }
}