{
    "5000.0": {
        "exp-2": 0.4496092053105675, 
        "exp-1": 0.5360479513522186, 
        "exp0": 0.670820384364601, 
        "exp+1": 0.8729874763508102, 
        "exp+2": 1.1514145030102363, 
        "obs": 0.4841367458697662
    }
}