{
    "1500.0": {
        "exp-2": 0.15037794183531372, 
        "exp-1": 0.17971138173498544, 
        "exp0": 0.22534695471649932, 
        "exp+1": 0.29394983687356546, 
        "exp+2": 0.3462384922304923, 
        "obs": 0.2212852245528684
    }
}