{
    "7000.0": {
        "exp-2": 1.3474694163968992, 
        "exp-1": 1.5481709917834672, 
        "exp0": 1.8624580532189174, 
        "exp+1": 2.3247520027385846, 
        "exp+2": 2.9426751509064344, 
        "obs": 1.8641242000280738
    }
}