{
    "3500.0": {
        "exp-2": 0.322443132931389, 
        "exp-1": 0.3844338162710357, 
        "exp0": 0.4810876349481454, 
        "exp+1": 0.6275462259690491, 
        "exp+2": 0.8272954996968523, 
        "obs": 0.47148618658676544
    }
}