{
    "3500.0": {
        "exp-2": 0.7077754198344804, 
        "exp-1": 0.8153843667233425, 
        "exp0": 0.978279740156158, 
        "exp+1": 1.2226665362330638, 
        "exp+2": 1.5461305310315934, 
        "obs": 0.9787624077818409
    }
}