{
    "4000.0": {
        "exp-2": 0.7878859028558874, 
        "exp-1": 0.9076746890177816, 
        "exp0": 1.0890075866778237, 
        "exp+1": 1.3610556287334994, 
        "exp+2": 1.7251070542218534, 
        "obs": 0.8674561608112084
    }
}