{
    "4500.0": {
        "exp-2": 0.8561801478162636, 
        "exp-1": 0.9684111402431762, 
        "exp0": 1.1260411954461782, 
        "exp+1": 1.343023325469717, 
        "exp+2": 1.6116007996084465, 
        "obs": 1.1284407005952692
    }
}