{
    "3000.0": {
        "exp-2": 0.3524987469813214, 
        "exp-1": 0.4192913911253658, 
        "exp0": 0.5236589902589958, 
        "exp+1": 0.6814756221049515, 
        "exp+2": 0.8923770669746747, 
        "obs": 0.502151852196611
    }
}