{
    "3000.0": {
        "exp-2": 0.2753282841672827, 
        "exp-1": 0.32826099529358, 
        "exp0": 0.41079192175629775, 
        "exp+1": 0.5358502419840936, 
        "exp+2": 0.7051615995833487, 
        "obs": 0.29859379262377056
    }
}