{
    "5000.0": {
        "exp-2": 0.5747048532708836, 
        "exp-1": 0.6836018589083785, 
        "exp0": 0.8537600797893152, 
        "exp+1": 1.111060245992088, 
        "exp+2": 1.4549085275008788, 
        "obs": 0.8079664029359799
    }
}