{
    "4500.0": {
        "exp-2": 0.8843580911590267, 
        "exp-1": 1.018814361037009, 
        "exp0": 1.2223504509754965, 
        "exp+1": 1.5277092147624152, 
        "exp+2": 1.9318741367008647, 
        "obs": 1.2233992627671393
    }
}