{
    "2500.0": {
        "exp-2": 0.3184683911479957, 
        "exp-1": 0.3788128570607826, 
        "exp0": 0.4731047685447355, 
        "exp+1": 0.6156857242746433, 
        "exp+2": 0.8062266841740364, 
        "obs": 0.3788239774690278
    }
}