{
    "2500.0": {
        "exp-2": 0.27938835939899237, 
        "exp-1": 0.3323278112494763, 
        "exp0": 0.41504893571666407, 
        "exp+1": 0.5401334490390011, 
        "exp+2": 0.7085732773553993, 
        "obs": 0.3250334124447163
    }
}