{
    "3000.0": {
        "exp-2": 0.33073736415926425, 
        "exp-1": 0.3934065963752077, 
        "exp0": 0.4913310971430241, 
        "exp+1": 0.63940497271257, 
        "exp+2": 0.8388025261112826, 
        "obs": 0.3666808367127377
    }
}