{
    "4000.0": {
        "exp-2": 0.7777225204169755, 
        "exp-1": 0.8833761188353711, 
        "exp0": 1.0405827923253947, 
        "exp+1": 1.2600796093844187, 
        "exp+2": 1.542822335937993, 
        "obs": 1.0416827792637484
    }
}