{
    "5000.0": {
        "exp-2": 0.4519448532626796, 
        "exp-1": 0.5388326292995986, 
        "exp0": 0.674305202382767, 
        "exp+1": 0.879585478373601, 
        "exp+2": 1.1616089328355403, 
        "obs": 0.6610648620033046
    }, 
    "3000.0": {
        "exp-2": 0.27723369295201566, 
        "exp-1": 0.3305327202496537, 
        "exp0": 0.4136347990918653, 
        "exp+1": 0.5395585693901994, 
        "exp+2": 0.7113011865683979, 
        "obs": 0.4055969961726148
    }, 
    "2500.0": {
        "exp-2": 0.233984048935499, 
        "exp-1": 0.27896820416743767, 
        "exp0": 0.3491060053626008, 
        "exp+1": 0.4564506723059046, 
        "exp+2": 0.5368500794565463, 
        "obs": 0.3426525619167697
    }, 
    "4500.0": {
        "exp-2": 0.40786188637745374, 
        "exp-1": 0.4862745937315709, 
        "exp0": 0.608533082026712, 
        "exp+1": 0.7956475546996867, 
        "exp+2": 0.9357932449262515, 
        "obs": 0.5967333560142163
    }, 
    "3500.0": {
        "exp-2": 0.32039585424591366, 
        "exp-1": 0.38199294196593736, 
        "exp0": 0.4780330793993236, 
        "exp+1": 0.625020813595391, 
        "exp+2": 0.7351122462919778, 
        "obs": 0.4689948043877371
    }, 
    "1000.0": {
        "exp-2": 0.11051305415268384, 
        "exp-1": 0.13145343959448316, 
        "exp0": 0.16417407034160122, 
        "exp+1": 0.21415395105837734, 
        "exp+2": 0.28181968055201423, 
        "obs": 0.16150957107346742
    }, 
    "2000.0": {
        "exp-2": 0.19162037608321678, 
        "exp-1": 0.22845997907196638, 
        "exp0": 0.28589907007503146, 
        "exp+1": 0.3738085973855127, 
        "exp+2": 0.43965139366860884, 
        "obs": 0.2808121535876146
    }, 
    "4000.0": {
        "exp-2": 0.36422508440437623, 
        "exp-1": 0.43424847290064833, 
        "exp0": 0.5434266224979556, 
        "exp+1": 0.7088632191106391, 
        "exp+2": 0.9344958491939903, 
        "obs": 0.533182170663044
    }, 
    "1500.0": {
        "exp-2": 0.14936234944336219, 
        "exp-1": 0.1797098166663763, 
        "exp0": 0.2238250555789989, 
        "exp+1": 0.29264778357141763, 
        "exp+2": 0.3441948829511567, 
        "obs": 0.21978208385871026
    }
}