{
    "4500.0": {
        "exp-2": 1.0104435133890464, 
        "exp-1": 1.1596333259628209, 
        "exp0": 1.3863170633011772, 
        "exp+1": 1.7282097324893253, 
        "exp+2": 2.184629027694968, 
        "obs": 1.2115687522333434
    }
}