{
    "1000.0": {
        "exp-2": 0.30344548538025123, 
        "exp-1": 0.347985187034384, 
        "exp0": 0.4178628698272105, 
        "exp+1": 0.522250352292378, 
        "exp+2": 0.6604149215707276, 
        "obs": 0.4158252554980481
    }
}