{
    "1000.0": {
        "exp-2": 0.38330645708874894, 
        "exp-1": 0.43874814600973944, 
        "exp0": 0.5258921105330722, 
        "exp+1": 0.6555873158900735, 
        "exp+2": 0.8287275749152961, 
        "obs": 0.43847392470469754
    }
}