{
    "5000.0": {
        "exp-2": 0.5404194876725394, 
        "exp-1": 0.6428199938984973, 
        "exp0": 0.8028270361665706, 
        "exp+1": 1.0447773771110684, 
        "exp+2": 1.368112567202076, 
        "obs": 0.6277838051323195
    }
}