{
    "5000.0": {
        "exp-2": 1.239043810247674, 
        "exp-1": 1.415643135274634, 
        "exp0": 1.693738496748371, 
        "exp+1": 2.1060246740419117, 
        "exp+2": 2.6611854030067175, 
        "obs": 1.399451697376058
    }, 
    "3000.0": {
        "exp-2": 0.7855584552049815, 
        "exp-1": 0.8975230663491349, 
        "exp0": 1.0738366019482275, 
        "exp+1": 1.3369476782262555, 
        "exp+2": 1.6877229331367292, 
        "obs": 0.8859541007670989
    }, 
    "2500.0": {
        "exp-2": 0.6766161749782423, 
        "exp-1": 0.7730533917630906, 
        "exp0": 0.9249155366842964, 
        "exp+1": 1.1515380111430007, 
        "exp+2": 1.453667324139199, 
        "obs": 0.7632459111360717
    }, 
    "4500.0": {
        "exp-2": 1.1244139204344892, 
        "exp-1": 1.2846751602534126, 
        "exp0": 1.5370425993824257, 
        "exp+1": 1.9111861434458162, 
        "exp+2": 2.4149863441349724, 
        "obs": 1.2689994042235746
    }, 
    "3500.0": {
        "exp-2": 0.8973533059417912, 
        "exp-1": 1.0252519204922381, 
        "exp0": 1.226657061971159, 
        "exp+1": 1.5252472129937622, 
        "exp+2": 1.9273115967974412, 
        "obs": 1.0118138950971363
    }, 
    "1000.0": {
        "exp-2": 0.38330645708874894, 
        "exp-1": 0.43874814600973944, 
        "exp0": 0.5258921105330722, 
        "exp+1": 0.6555873158900735, 
        "exp+2": 0.8287275749152961, 
        "obs": 0.43846245870027206
    }, 
    "2000.0": {
        "exp-2": 0.5700663205096035, 
        "exp-1": 0.6542353814678008, 
        "exp0": 0.7821245257897607, 
        "exp+1": 0.973760384148012, 
        "exp+2": 1.2292461800584757, 
        "obs": 0.6449880301961136
    }, 
    "4000.0": {
        "exp-2": 1.0091923575014785, 
        "exp-1": 1.1545288059478758, 
        "exp0": 1.3795379834146344, 
        "exp+1": 1.717551906195581, 
        "exp+2": 2.1681863761477347, 
        "obs": 1.139679468135522
    }, 
    "1500.0": {
        "exp-2": 0.471437601394167, 
        "exp-1": 0.5410443515243376, 
        "exp0": 0.6468070570421566, 
        "exp+1": 0.8052874800526083, 
        "exp+2": 1.0165709565142493, 
        "obs": 0.5345040065355195
    }
}