{
    "3500.0": {
        "exp-2": 0.31874856387544126, 
        "exp-1": 0.3800289588798305, 
        "exp0": 0.47557531576025314, 
        "exp+1": 0.6203557794496174, 
        "exp+2": 0.8192618771932704, 
        "obs": 0.34467774429783704
    }
}