{
    "5000.0": {
        "exp-2": 0.9744476918136566, 
        "exp-1": 1.1226010175589227, 
        "exp0": 1.3468713658542681, 
        "exp+1": 1.6833370570654647, 
        "exp+2": 2.0407062788895463, 
        "obs": 1.3504032148720353
    }
}