{
    "1500.0": {
        "exp-2": 0.17849468216868536, 
        "exp-1": 0.21231645623429812, 
        "exp0": 0.2651650429449553, 
        "exp+1": 0.3450785992588673, 
        "exp+2": 0.45269087022061133, 
        "obs": 0.20855436048859285
    }
}