{
    "5000.0": {
        "exp-2": 0.4496092053105675, 
        "exp-1": 0.5360479513522186, 
        "exp0": 0.670820384364601, 
        "exp+1": 0.8750397468803648, 
        "exp+2": 1.1535667007666595, 
        "obs": 0.48413675599149275
    }, 
    "3000.0": {
        "exp-2": 0.2753282841672827, 
        "exp-1": 0.32826099529358, 
        "exp0": 0.41079192175629775, 
        "exp+1": 0.5371040482690409, 
        "exp+2": 0.7077130986830803, 
        "obs": 0.298926214273766
    }, 
    "2500.0": {
        "exp-2": 0.23285640840138747, 
        "exp-1": 0.277155664630667, 
        "exp0": 0.34742355059765867, 
        "exp+1": 0.453190486385179, 
        "exp+2": 0.5984979823053779, 
        "obs": 0.25311190752456086
    }, 
    "4500.0": {
        "exp-2": 0.4052722609169668, 
        "exp-1": 0.48318709560442, 
        "exp0": 0.6046693261936936, 
        "exp+1": 0.7905957650068067, 
        "exp+2": 1.0417254749228078, 
        "obs": 0.4373150824510893
    }, 
    "3500.0": {
        "exp-2": 0.31874856387544126, 
        "exp-1": 0.3800289588798305, 
        "exp0": 0.47557531576025314, 
        "exp+1": 0.6203557794496174, 
        "exp+2": 0.8192618771932704, 
        "obs": 0.34467774429783704
    }, 
    "1000.0": {
        "exp-2": 0.10991079362702823, 
        "exp-1": 0.13073706248427466, 
        "exp0": 0.1632793786886205, 
        "exp+1": 0.21198665237018863, 
        "exp+2": 0.28023054213357995, 
        "obs": 0.12446771688930987
    }, 
    "2000.0": {
        "exp-2": 0.19058737461668665, 
        "exp-1": 0.22722838643866536, 
        "exp0": 0.2843578343922183, 
        "exp+1": 0.3709255439611875, 
        "exp+2": 0.4898562397801915, 
        "obs": 0.20876510637663862
    }, 
    "4000.0": {
        "exp-2": 0.3620505868541111, 
        "exp-1": 0.43165591804029324, 
        "exp0": 0.5401822498741244, 
        "exp+1": 0.7046311671034676, 
        "exp+2": 0.9305586379903221, 
        "obs": 0.39051581805381863
    }, 
    "1500.0": {
        "exp-2": 0.14848632385996519, 
        "exp-1": 0.17745077122111985, 
        "exp0": 0.22251229066066902, 
        "exp+1": 0.29025220906027305, 
        "exp+2": 0.3833164479157953, 
        "obs": 0.16598409468377495
    }
}