{
    "4500.0": {
        "exp-2": 0.40786188637745374, 
        "exp-1": 0.4862745937315709, 
        "exp0": 0.608533082026712, 
        "exp+1": 0.7956475546996867, 
        "exp+2": 0.9357932449262515, 
        "obs": 0.5967333560142163
    }
}