{
    "5000.0": {
        "exp-2": 1.113614216586053, 
        "exp-1": 1.278036973528852, 
        "exp0": 1.5278661278503978, 
        "exp+1": 1.904667557071366, 
        "exp+2": 2.4133136661880306, 
        "obs": 1.3349481626014112
    }
}