{
    "2000.0": {
        "exp-2": 0.19203487631816826, 
        "exp-1": 0.22895417151227884, 
        "exp0": 0.2865175128264414, 
        "exp+1": 0.3737426979091598, 
        "exp+2": 0.4927057534997781, 
        "obs": 0.2813655821344638
    }
}