{
    "1000.0": {
        "exp-2": 0.3607142207814688, 
        "exp-1": 0.4128881571686039, 
        "exp0": 0.49489582538169813, 
        "exp+1": 0.6161550263734513, 
        "exp+2": 0.7778157856903627, 
        "obs": 0.4613917551878185
    }
}