{
    "5000.0": {
        "exp-2": 0.9681323451236991, 
        "exp-1": 1.1123328201179208, 
        "exp0": 1.338142360198698, 
        "exp+1": 1.6724274337604181, 
        "exp+2": 2.1148783911695808, 
        "obs": 1.0642858456683153
    }
}