{
    "4500.0": {
        "exp-2": 0.8833170773851748, 
        "exp-1": 1.0176150851575572, 
        "exp0": 1.220911554471436, 
        "exp+1": 1.525910859040445, 
        "exp+2": 1.9340573766495361, 
        "obs": 1.2228574741009244
    }
}