{
    "3500.0": {
        "exp-2": 0.8061955219168089, 
        "exp-1": 0.9228041540815478, 
        "exp0": 1.106091111836505, 
        "exp+1": 1.3788746514090398, 
        "exp+2": 1.743034738396921, 
        "obs": 0.9685786030572543
    }
}