{
    "1500.0": {
        "exp-2": 0.3728781113681789, 
        "exp-1": 0.42956985250214075, 
        "exp0": 0.5153882032022076, 
        "exp+1": 0.644138771549517, 
        "exp+2": 0.8164312550489071, 
        "obs": 0.5143474169502277
    }
}