{
    "8000.0": {
        "exp-2": 0.7207004784843007, 
        "exp-1": 0.8592573605561502, 
        "exp0": 1.0752906583803283, 
        "exp+1": 1.405925840527446, 
        "exp+2": 1.8525128078661441, 
        "obs": 1.0548951255958294
    }
}