{
    "4000.0": {
        "exp-2": 0.36422508440437623, 
        "exp-1": 0.43424847290064833, 
        "exp0": 0.5434266224979556, 
        "exp+1": 0.7088632191106391, 
        "exp+2": 0.9344958491939903, 
        "obs": 0.533182170663044
    }
}