{
    "1500.0": {
        "exp-2": 0.14848632385996519, 
        "exp-1": 0.17745077122111985, 
        "exp0": 0.22251229066066902, 
        "exp+1": 0.2895714686499435, 
        "exp+2": 0.3819261917415283, 
        "obs": 0.16597655888865034
    }
}