{
    "3500.0": {
        "exp-2": 0.32039585424591366, 
        "exp-1": 0.38199294196593736, 
        "exp0": 0.4780330793993236, 
        "exp+1": 0.625020813595391, 
        "exp+2": 0.7351122462919778, 
        "obs": 0.4689948043877371
    }
}