{
    "3500.0": {
        "exp-2": 0.32065247892001214, 
        "exp-1": 0.3822989035223709, 
        "exp0": 0.4784159653873395, 
        "exp+1": 0.6255214423293919, 
        "exp+2": 0.7357010333908599, 
        "obs": 0.4691575722888016
    }
}