{
    "3500.0": {
        "exp-2": 0.31874856387544126, 
        "exp-1": 0.3800289588798305, 
        "exp0": 0.47557531576025314, 
        "exp+1": 0.6189008422938902, 
        "exp+2": 0.8162905232300106, 
        "obs": 0.34468424195525554
    }
}