{
    "4000.0": {
        "exp-2": 0.7974301069000499, 
        "exp-1": 0.9162049575704846, 
        "exp0": 1.1021995055342748, 
        "exp+1": 1.3757843034873927, 
        "exp+2": 1.7414701207916568, 
        "obs": 1.1038615825176603
    }
}