{
    "5000.0": {
        "exp-2": 0.4519448532626796, 
        "exp-1": 0.5388326292995986, 
        "exp0": 0.674305202382767, 
        "exp+1": 0.879585478373601, 
        "exp+2": 1.1616089328355403, 
        "obs": 0.6610648620033046
    }
}