{
    "5000.0": {
        "exp-2": 1.2365289558139285, 
        "exp-1": 1.419099803267089, 
        "exp0": 1.6965037436788297, 
        "exp+1": 2.109462934003364, 
        "exp+2": 2.6655301612717524, 
        "obs": 1.3998971513953067
    }, 
    "3000.0": {
        "exp-2": 0.7855584552049815, 
        "exp-1": 0.8975230663491349, 
        "exp0": 1.0738366019482275, 
        "exp+1": 1.3386655470623663, 
        "exp+2": 1.6922064247376383, 
        "obs": 0.8861489498458384
    }, 
    "2500.0": {
        "exp-2": 0.6750651186862331, 
        "exp-1": 0.7747370273750949, 
        "exp0": 0.9261816905131832, 
        "exp+1": 1.153114397367203, 
        "exp+2": 1.4556573111918694, 
        "obs": 0.763367427415324
    }, 
    "4500.0": {
        "exp-2": 1.1244139204344892, 
        "exp-1": 1.2846751602534126, 
        "exp0": 1.5370425993824257, 
        "exp+1": 1.9136482257553622, 
        "exp+2": 2.41573258687182, 
        "obs": 1.2693847580321265
    }, 
    "3500.0": {
        "exp-2": 0.8973533059417912, 
        "exp-1": 1.0252519204922381, 
        "exp0": 1.226657061971159, 
        "exp+1": 1.527212151909386, 
        "exp+2": 1.927907207436403, 
        "obs": 1.0120748965617667
    }, 
    "1000.0": {
        "exp-2": 0.38330645708874894, 
        "exp-1": 0.43874814600973944, 
        "exp0": 0.5258921105330722, 
        "exp+1": 0.6555873158900735, 
        "exp+2": 0.8287275749152961, 
        "obs": 0.43847392470469754
    }, 
    "2000.0": {
        "exp-2": 0.5700663205096035, 
        "exp-1": 0.6542353814678008, 
        "exp0": 0.7821245257897607, 
        "exp+1": 0.9750116164175688, 
        "exp+2": 1.2325116833641827, 
        "obs": 0.6450473350936474
    }, 
    "4000.0": {
        "exp-2": 1.0091923575014785, 
        "exp-1": 1.1560243953519864, 
        "exp0": 1.3795379834146344, 
        "exp+1": 1.7197587954150282, 
        "exp+2": 2.1739462437375034, 
        "obs": 1.1400039300604357
    }, 
    "1500.0": {
        "exp-2": 0.471437601394167, 
        "exp-1": 0.5410443515243376, 
        "exp0": 0.6468070570421566, 
        "exp+1": 0.8063222335276424, 
        "exp+2": 1.0192715251896218, 
        "obs": 0.5336767717868961
    }
}