{
    "2500.0": {
        "exp-2": 0.23285640840138747, 
        "exp-1": 0.277155664630667, 
        "exp0": 0.34742355059765867, 
        "exp+1": 0.453190486385179, 
        "exp+2": 0.5984979823053779, 
        "obs": 0.25311190752456086
    }
}