{
    "5000.0": {
        "exp-2": 0.9442336175945242, 
        "exp-1": 1.0680069978641888, 
        "exp0": 1.2418484015032931, 
        "exp+1": 1.4811459404170695, 
        "exp+2": 1.7773451585030478, 
        "obs": 1.243448403996572
    }, 
    "3000.0": {
        "exp-2": 0.6105007630139581, 
        "exp-1": 0.6980273789990443, 
        "exp0": 0.8315084184781294, 
        "exp+1": 1.0231944953185803, 
        "exp+2": 1.2744310867517123, 
        "obs": 0.8323225634555773
    }, 
    "2500.0": {
        "exp-2": 0.5260139369895023, 
        "exp-1": 0.6014278062905207, 
        "exp0": 0.7164364774061565, 
        "exp+1": 0.8815952449911798, 
        "exp+2": 1.0980633289647344, 
        "obs": 0.7156756500441908
    }, 
    "4500.0": {
        "exp-2": 0.8561801478162636, 
        "exp-1": 0.9684111402431762, 
        "exp0": 1.1260411954461782, 
        "exp+1": 1.343023325469717, 
        "exp+2": 1.6116007996084465, 
        "obs": 1.1284407005952692
    }, 
    "3500.0": {
        "exp-2": 0.690326213501864, 
        "exp-1": 0.7841070196132586, 
        "exp0": 0.9236476471891985, 
        "exp+1": 1.1199977182467242, 
        "exp+2": 1.3701124456300473, 
        "obs": 0.9248300508953892
    }, 
    "1000.0": {
        "exp-2": 0.30344548538025123, 
        "exp-1": 0.347985187034384, 
        "exp0": 0.4178628698272105, 
        "exp+1": 0.522250352292378, 
        "exp+2": 0.6604149215707276, 
        "obs": 0.4158252554980481
    }, 
    "2000.0": {
        "exp-2": 0.4492323334340264, 
        "exp-1": 0.5175328360842428, 
        "exp0": 0.6209242007516466, 
        "exp+1": 0.7760390253896803, 
        "exp+2": 0.9836118252572759, 
        "obs": 0.6203628505836531
    }, 
    "4000.0": {
        "exp-2": 0.7777225204169755, 
        "exp-1": 0.8833761188353711, 
        "exp0": 1.0405827923253947, 
        "exp+1": 1.2600796093844187, 
        "exp+2": 1.542822335937993, 
        "obs": 1.0416827792637484
    }, 
    "1500.0": {
        "exp-2": 0.3715047066597037, 
        "exp-1": 0.42798763772455384, 
        "exp0": 0.5134898976610932, 
        "exp+1": 0.641766252675236, 
        "exp+2": 0.8115494743421143, 
        "obs": 0.5124418851198085
    }
}