{
    "4500.0": {
        "exp-2": 0.39627169086402353, 
        "exp-1": 0.4633477766315222, 
        "exp0": 0.5604127996044206, 
        "exp+1": 0.6959284293890166, 
        "exp+2": 0.8633705886942415, 
        "obs": 0.5510885279603707
    }
}