{
    "1500.0": {
        "exp-2": 0.44424212796434054, 
        "exp-1": 0.5084975976483996, 
        "exp0": 0.6094951755670717, 
        "exp+1": 0.7588334825393973, 
        "exp+2": 0.960184437995254, 
        "obs": 0.5604912066827311
    }
}