{
    "2000.0": {
        "exp-2": 0.19058737461668665, 
        "exp-1": 0.22722838643866536, 
        "exp0": 0.2843578343922183, 
        "exp+1": 0.3709255439611875, 
        "exp+2": 0.4898562397801915, 
        "obs": 0.20876510637663862
    }
}