{
    "4500.0": {
        "exp-2": 0.40829189375716546, 
        "exp-1": 0.48678726522296367, 
        "exp0": 0.6091746465505602, 
        "exp+1": 0.7946270670171584, 
        "exp+2": 1.0494101275255419, 
        "obs": 0.5976083945110304
    }
}