{
    "5000.0": {
        "exp-2": 0.5404194876725394, 
        "exp-1": 0.6428199938984973, 
        "exp0": 0.8028270361665706, 
        "exp+1": 1.0447773771110684, 
        "exp+2": 1.368112567202076, 
        "obs": 0.6277838051323195
    }, 
    "3000.0": {
        "exp-2": 0.33073736415926425, 
        "exp-1": 0.3934065963752077, 
        "exp0": 0.4913310971430241, 
        "exp+1": 0.63940497271257, 
        "exp+2": 0.8388025261112826, 
        "obs": 0.3666808367127377
    }, 
    "2500.0": {
        "exp-2": 0.27938835939899237, 
        "exp-1": 0.3323278112494763, 
        "exp0": 0.41504893571666407, 
        "exp+1": 0.5401334490390011, 
        "exp+2": 0.7085732773553993, 
        "obs": 0.3250334124447163
    }, 
    "4500.0": {
        "exp-2": 0.48774031621273967, 
        "exp-1": 0.5801589858085386, 
        "exp0": 0.7245688208570267, 
        "exp+1": 0.9429342445311776, 
        "exp+2": 1.2347512939162115, 
        "obs": 0.5661847436643025
    }, 
    "3500.0": {
        "exp-2": 0.38282845911508323, 
        "exp-1": 0.45536808059549566, 
        "exp0": 0.5687156687844366, 
        "exp+1": 0.7401111671354702, 
        "exp+2": 0.9709137778182028, 
        "obs": 0.4449090293461915
    }, 
    "1000.0": {
        "exp-2": 0.13095844845499208, 
        "exp-1": 0.1550634691918469, 
        "exp0": 0.19289123816255596, 
        "exp+1": 0.2510234328859389, 
        "exp+2": 0.32930473146309114, 
        "obs": 0.15340943911466648
    }, 
    "2000.0": {
        "exp-2": 0.22841043578109532, 
        "exp-1": 0.2716904139646576, 
        "exp0": 0.33931802227426133, 
        "exp+1": 0.4415792784368205, 
        "exp+2": 0.5792851534973946, 
        "obs": 0.2564634980872055
    }, 
    "4000.0": {
        "exp-2": 0.43478511687778476, 
        "exp-1": 0.5171696616608648, 
        "exp0": 0.6459005433663366, 
        "exp+1": 0.8405574870740448, 
        "exp+2": 1.1026840993059814, 
        "obs": 0.5054202320528068
    }, 
    "1500.0": {
        "exp-2": 0.17849468216868536, 
        "exp-1": 0.21231645623429812, 
        "exp0": 0.2651650429449553, 
        "exp+1": 0.3450785992588673, 
        "exp+2": 0.45269087022061133, 
        "obs": 0.20855436048859285
    }
}