{
    "2500.0": {
        "exp-2": 0.23163930593439894, 
        "exp-1": 0.2745429038590517, 
        "exp0": 0.3397494437372455, 
        "exp+1": 0.4358521832619639, 
        "exp+2": 0.5641755210100876, 
        "obs": 0.33359845881766537
    }
}