{
    "1000.0": {
        "exp-2": 0.5484468364048569, 
        "exp-1": 0.5886646923178239, 
        "exp+2": 0.8106061187078818, 
        "exp+1": 0.7208432125948901, 
        "exp0": 0.6447900505118427, 
        "obs": 0.5849773593904191
    }
}