{
    "5000.0": {
        "exp-2": 1.1046333526333523, 
        "exp-1": 1.267730092489069, 
        "exp0": 1.5155444566227676, 
        "exp+1": 1.8893071144822517, 
        "exp+2": 2.3938512038706987, 
        "obs": 1.3139109098154467
    }, 
    "3000.0": {
        "exp-2": 0.7012997141468832, 
        "exp-1": 0.8027361570463796, 
        "exp0": 0.9621752698962908, 
        "exp+1": 1.1994663442681934, 
        "exp+2": 1.5126945244409664, 
        "obs": 0.8375497941565463
    }, 
    "2500.0": {
        "exp-2": 0.6040027713996261, 
        "exp-1": 0.6913661190821956, 
        "exp0": 0.8286849593910396, 
        "exp+1": 1.0330547377641908, 
        "exp+2": 1.3058839896641123, 
        "obs": 0.7240125333481713
    }, 
    "4500.0": {
        "exp-2": 1.0030227513951437, 
        "exp-1": 1.1481006154153326, 
        "exp0": 1.3761358771270678, 
        "exp+1": 1.7155177154071042, 
        "exp+2": 2.1685850624885092, 
        "obs": 1.192636290566295
    }, 
    "3500.0": {
        "exp-2": 0.7999938815598168, 
        "exp-1": 0.9181112625205763, 
        "exp0": 1.0975825600646825, 
        "exp+1": 1.3682677442758178, 
        "exp+2": 1.7296265216613105, 
        "obs": 0.9542460086364325
    }, 
    "1000.0": {
        "exp-2": 0.34392751098523655, 
        "exp-1": 0.39367340796176525, 
        "exp0": 0.47186465220442186, 
        "exp+1": 0.5874807506816657, 
        "exp+2": 0.741618249327198, 
        "obs": 0.42815988593241083
    }, 
    "2000.0": {
        "exp-2": 0.5101269431699962, 
        "exp-1": 0.5854460880809877, 
        "exp0": 0.6998883882166245, 
        "exp+1": 0.8724944481222154, 
        "exp+2": 1.105496193912464, 
        "obs": 0.6152894088555187
    }, 
    "4000.0": {
        "exp-2": 0.9010085759490394, 
        "exp-1": 1.0326866777335157, 
        "exp0": 1.2361735507944327, 
        "exp+1": 1.5410379811878425, 
        "exp+2": 1.9480252635147908, 
        "obs": 1.0724903567219848
    }, 
    "1500.0": {
        "exp-2": 0.42196181075238187, 
        "exp-1": 0.4842635611041902, 
        "exp0": 0.5789268191411838, 
        "exp+1": 0.7217014087510496, 
        "exp+2": 0.9144335262735523, 
        "obs": 0.5137667765676791
    }
}