{
    "3500.0": {
        "exp-2": 0.40768227818343966, 
        "exp-1": 0.4849312879614601, 
        "exp0": 0.6056375821896, 
        "exp+1": 0.7881603560356052, 
        "exp+2": 1.0320783236190407, 
        "obs": 0.5778733224978079
    }
}