{
    "3000.0": {
        "exp-2": 0.613701573071539, 
        "exp-1": 0.7051106072971995, 
        "exp0": 0.8482518718394149, 
        "exp+1": 1.060156031856641, 
        "exp+2": 1.3406268797819034, 
        "obs": 0.6747711071794421
    }
}