{
    "1500.0": {
        "exp-2": 0.42490233252772336, 
        "exp-1": 0.48636047991017634, 
        "exp0": 0.582961190818051, 
        "exp+1": 0.7267307373842933, 
        "exp+2": 0.918659940185153, 
        "obs": 0.5201292837164171
    }
}