{
    "3500.0": {
        "exp-2": 0.8369683344417049, 
        "exp-1": 0.8971375443687796, 
        "exp+2": 1.2370417724921683, 
        "exp+1": 1.1000572945119282, 
        "exp0": 0.9839948356327153, 
        "obs": 0.8778723009061229
    }
}