{
    "3000.0": {
        "exp-2": 0.27865419939738373, 
        "exp-1": 0.3322263256792035, 
        "exp0": 0.4157542092390647, 
        "exp+1": 0.5423232158794906, 
        "exp+2": 0.7149458015013954, 
        "obs": 0.4076687718456554
    }
}