{
    "5000.0": {
        "exp-2": 0.6148790090065345, 
        "exp-1": 0.7313883495686998, 
        "exp0": 0.9134413083728248, 
        "exp+1": 1.1887277981743616, 
        "exp+2": 1.5566124428910624, 
        "obs": 0.7263224223894235
    }, 
    "3000.0": {
        "exp-2": 0.37723941505755265, 
        "exp-1": 0.44872000830478087, 
        "exp0": 0.5604127996044206, 
        "exp+1": 0.7293060351196461, 
        "exp+2": 0.9550099416784525, 
        "obs": 0.4470689884716662
    }, 
    "2500.0": {
        "exp-2": 0.3184683911479957, 
        "exp-1": 0.3788128570607826, 
        "exp0": 0.4731047685447355, 
        "exp+1": 0.6156857242746433, 
        "exp+2": 0.8062266841740364, 
        "obs": 0.3788239774690278
    }, 
    "4500.0": {
        "exp-2": 0.5549625198493138, 
        "exp-1": 0.6601186888352801, 
        "exp0": 0.8244316223920575, 
        "exp+1": 1.0728929696043215, 
        "exp+2": 1.4049293674756465, 
        "obs": 0.6560771347024206
    }, 
    "3500.0": {
        "exp-2": 0.4360047059570739, 
        "exp-1": 0.5186203449874277, 
        "exp0": 0.6477123250027472, 
        "exp+1": 0.8429152633484344, 
        "exp+2": 1.1037786929763331, 
        "obs": 0.5164833555500594
    }, 
    "1000.0": {
        "exp-2": 0.14889423473993252, 
        "exp-1": 0.1771072179917891, 
        "exp0": 0.22119172624644864, 
        "exp+1": 0.287852926904595, 
        "exp+2": 0.37830070401463256, 
        "obs": 0.1834927304285431
    }, 
    "2000.0": {
        "exp-2": 0.2607081816139733, 
        "exp-1": 0.31010804270119224, 
        "exp0": 0.3872983423156682, 
        "exp+1": 0.5040195840349604, 
        "exp+2": 0.6611973605630005, 
        "obs": 0.3118293780692895
    }, 
    "4000.0": {
        "exp-2": 0.49530265088322184, 
        "exp-1": 0.5891542762881516, 
        "exp0": 0.7358031488393196, 
        "exp+1": 0.9575542966920643, 
        "exp+2": 1.2538958872904642, 
        "obs": 0.5861016104494191
    }, 
    "1500.0": {
        "exp-2": 0.2041664932860073, 
        "exp-1": 0.2428526512049189, 
        "exp0": 0.3033021340507972, 
        "exp+1": 0.39470917872485983, 
        "exp+2": 0.5168628284354312, 
        "obs": 0.24600063574811706
    }
}