{
    "2500.0": {
        "exp-2": 0.5314330739242213, 
        "exp-1": 0.6122312364830029, 
        "exp0": 0.7345412045964475, 
        "exp+1": 0.9192095872110136, 
        "exp+2": 1.1665931689862383, 
        "obs": 0.7350355421650222
    }
}