{
    "1000.0": {
        "exp-2": 0.3037533255187042, 
        "exp-1": 0.34993545413896837, 
        "exp0": 0.4198446513295126, 
        "exp+1": 0.5240572775920048, 
        "exp+2": 0.6633526093072021, 
        "obs": 0.4177334604042729
    }
}