{
    "5000.0": {
        "exp-2": 0.5747048532708836, 
        "exp-1": 0.6836018589083785, 
        "exp0": 0.8537600797893152, 
        "exp+1": 1.111060245992088, 
        "exp+2": 1.4549085275008788, 
        "obs": 0.8079664029359799
    }, 
    "3000.0": {
        "exp-2": 0.3524987469813214, 
        "exp-1": 0.4192913911253658, 
        "exp0": 0.5236589902589958, 
        "exp+1": 0.6814756221049515, 
        "exp+2": 0.8923770669746747, 
        "obs": 0.502151852196611
    }, 
    "2500.0": {
        "exp-2": 0.29778846947986504, 
        "exp-1": 0.3542144359835782, 
        "exp0": 0.4423834524928973, 
        "exp+1": 0.57570585380919, 
        "exp+2": 0.7538739133234656, 
        "obs": 0.4275268289203929
    }, 
    "4500.0": {
        "exp-2": 0.51937554112669, 
        "exp-1": 0.6177885774294332, 
        "exp0": 0.7715649526502238, 
        "exp+1": 1.0017276978795973, 
        "exp+2": 1.3146549427017176, 
        "obs": 0.7312977901080714
    }, 
    "3500.0": {
        "exp-2": 0.40768227818343966, 
        "exp-1": 0.4849312879614601, 
        "exp0": 0.6056375821896, 
        "exp+1": 0.7881603560356052, 
        "exp+2": 1.0320783236190407, 
        "obs": 0.5778733224978079
    }, 
    "1000.0": {
        "exp-2": 0.13993155850076539, 
        "exp-1": 0.165688225536276, 
        "exp0": 0.20610790559801437, 
        "exp+1": 0.26822324240108036, 
        "exp+2": 0.3525030799318587, 
        "obs": 0.2175355139030938
    }, 
    "2000.0": {
        "exp-2": 0.2433252068745545, 
        "exp-1": 0.2894312851629248, 
        "exp0": 0.3614748476453545, 
        "exp+1": 0.4704135779821983, 
        "exp+2": 0.6182247089931228, 
        "obs": 0.35478295919740893
    }, 
    "4000.0": {
        "exp-2": 0.4631698989210882, 
        "exp-1": 0.5509328971579641, 
        "exp0": 0.6880679385635339, 
        "exp+1": 0.8954329630979838, 
        "exp+2": 1.1725494478449945, 
        "obs": 0.6536329644850355
    }, 
    "1500.0": {
        "exp-2": 0.19071942320318416, 
        "exp-1": 0.226857585133514, 
        "exp0": 0.28332566865670283, 
        "exp+1": 0.3678435086165334, 
        "exp+2": 0.4827532537460316, 
        "obs": 0.28438687299104126
    }
}