{
    "1500.0": {
        "exp-2": 0.6081528600081576, 
        "exp-1": 0.6518726441793457, 
        "exp+2": 0.8987200768061959, 
        "exp+1": 0.7988065291288491, 
        "exp0": 0.714984357868624, 
        "obs": 0.6414301092816469
    }
}