{
    "1500.0": {
        "exp-2": 0.3715047066597037, 
        "exp-1": 0.42798763772455384, 
        "exp0": 0.5134898976610932, 
        "exp+1": 0.641766252675236, 
        "exp+2": 0.8134241350551032, 
        "obs": 0.5125416650043704
    }
}