{
    "4000.0": {
        "exp-2": 0.49530265088322184, 
        "exp-1": 0.5891542762881516, 
        "exp0": 0.7358031488393196, 
        "exp+1": 0.9575542966920643, 
        "exp+2": 1.2538958872904642, 
        "obs": 0.5861016104494191
    }
}