{
    "2500.0": {
        "exp-2": 0.6081116614295199, 
        "exp-1": 0.6978980436734658, 
        "exp0": 0.8343223226541833, 
        "exp+1": 1.0400823879620207, 
        "exp+2": 1.3178389362653353, 
        "obs": 0.7338065840790374
    }
}