{
    "2000.0": {
        "exp-2": 0.5700663205096035, 
        "exp-1": 0.6542353814678008, 
        "exp0": 0.7821245257897607, 
        "exp+1": 0.9750116164175688, 
        "exp+2": 1.2325116833641827, 
        "obs": 0.6450473350936474
    }
}