{
    "3000.0": {
        "exp-2": 0.6181416921801409, 
        "exp-1": 0.7102120859082974, 
        "exp0": 0.8543889446557698, 
        "exp+1": 1.0664629239962666, 
        "exp+2": 1.349930588385967, 
        "obs": 0.8545445182160684
    }
}