{
    "6000.0": {
        "exp-2": 0.5429546985591892, 
        "exp-1": 0.6473394081362357, 
        "exp0": 0.8100925873009825, 
        "exp+1": 1.056710908988438, 
        "exp+2": 1.3930641385557034, 
        "obs": 0.7950340104986663
    }
}