{
    "4500.0": {
        "exp-2": 0.9368799370449503, 
        "exp-1": 1.0055817668910734, 
        "exp+2": 1.3847114351321514, 
        "exp+1": 1.2313746710125726, 
        "exp0": 1.101457460006145, 
        "obs": 0.9825645115907718
    }
}