{
    "5000.0": {
        "exp-2": 0.9782173478769941, 
        "exp-1": 1.1269438163068755, 
        "exp0": 1.352081728298996, 
        "exp+1": 1.689849066229935, 
        "exp+2": 2.136908988224884, 
        "obs": 1.3551809437013935
    }, 
    "3000.0": {
        "exp-2": 0.619999527469578, 
        "exp-1": 0.7133055433166215, 
        "exp0": 0.8569568250501305, 
        "exp+1": 1.0710356003038486, 
        "exp+2": 1.3543846786286984, 
        "obs": 0.8579847072688225
    }, 
    "2500.0": {
        "exp-2": 0.5340716655518363, 
        "exp-1": 0.6152709950039014, 
        "exp0": 0.7381882381886072, 
        "exp+1": 0.9225971173904408, 
        "exp+2": 1.1666758854819692, 
        "obs": 0.7387776063822042
    }, 
    "8000.0": {
        "exp-2": 1.5320868249099004, 
        "exp-1": 1.765022647701557, 
        "exp0": 2.117634293262177, 
        "exp+1": 2.64664643977369, 
        "exp+2": 3.208524442323116, 
        "obs": 2.1243099795141713
    }, 
    "4500.0": {
        "exp-2": 0.8872434433312962, 
        "exp-1": 1.0221383971476583, 
        "exp0": 1.2263385543967864, 
        "exp+1": 1.5326936106017706, 
        "exp+2": 1.9381771750071637, 
        "obs": 1.229020120822395
    }, 
    "3500.0": {
        "exp-2": 0.7077754198344804, 
        "exp-1": 0.8153843667233425, 
        "exp0": 0.978279740156158, 
        "exp+1": 1.2226665362330638, 
        "exp+2": 1.5461305310315934, 
        "obs": 0.9787624077818409
    }, 
    "1000.0": {
        "exp-2": 0.3037533255187042, 
        "exp-1": 0.34993545413896837, 
        "exp0": 0.4198446513295126, 
        "exp+1": 0.5240572775920048, 
        "exp+2": 0.6633526093072021, 
        "obs": 0.4177334604042729
    }, 
    "7500.0": {
        "exp-2": 1.4384762310123516, 
        "exp-1": 1.6571796615159118, 
        "exp0": 1.9882467150733583, 
        "exp+1": 2.484936152967752, 
        "exp+2": 3.012483373572343, 
        "obs": 1.9952734742013394
    }, 
    "2000.0": {
        "exp-2": 0.45104925958293346, 
        "exp-1": 0.5196260064697796, 
        "exp0": 0.6234355419768751, 
        "exp+1": 0.77917774025975, 
        "exp+2": 0.985313997034641, 
        "obs": 0.6236291680448213
    }, 
    "6000.0": {
        "exp-2": 1.1616743539768364, 
        "exp-1": 1.3382933073285652, 
        "exp0": 1.6056540723331412, 
        "exp+1": 2.0067670304471683, 
        "exp+2": 2.4327997715689924, 
        "obs": 1.6099883953390395
    }, 
    "4000.0": {
        "exp-2": 0.7974301069000499, 
        "exp-1": 0.9162049575704846, 
        "exp0": 1.1021995055342748, 
        "exp+1": 1.3757843034873927, 
        "exp+2": 1.7414701207916568, 
        "obs": 1.1038615825176603
    }, 
    "1500.0": {
        "exp-2": 0.3728781113681789, 
        "exp-1": 0.42956985250214075, 
        "exp0": 0.5153882032022076, 
        "exp+1": 0.644138771549517, 
        "exp+2": 0.8164312550489071, 
        "obs": 0.5143474169502277
    }, 
    "9000.0": {
        "exp-2": 1.7182882902579242, 
        "exp-1": 1.9795338607940691, 
        "exp0": 2.375, 
        "exp+1": 2.968305373776793, 
        "exp+2": 3.5984708876392224, 
        "obs": 2.3829709340014142
    }, 
    "8500.0": {
        "exp-2": 1.6253380057121964, 
        "exp-1": 1.8724515762485041, 
        "exp0": 2.2465250944514286, 
        "exp+1": 2.8077358161079577, 
        "exp+2": 3.4038127614040796, 
        "obs": 2.2535618606679777
    }, 
    "5500.0": {
        "exp-2": 1.0700558542664957, 
        "exp-1": 1.2327452898742024, 
        "exp0": 1.479019945774904, 
        "exp+1": 1.8461380057694592, 
        "exp+2": 2.3368446859478436, 
        "obs": 1.4803578303470368
    }, 
    "7000.0": {
        "exp-2": 1.3474694163968992, 
        "exp-1": 1.5481709917834672, 
        "exp0": 1.8624580532189174, 
        "exp+1": 2.3247520027385846, 
        "exp+2": 2.9426751509064344, 
        "obs": 1.8641242000280738
    }, 
    "6500.0": {
        "exp-2": 1.2531211034852139, 
        "exp-1": 1.4436434619782337, 
        "exp0": 1.7320508075688772, 
        "exp+1": 2.1647392894771995, 
        "exp+2": 2.6243092672642496, 
        "obs": 1.7380500060904087
    }
}