{
    "3000.0": {
        "exp-2": 0.2753282841672827, 
        "exp-1": 0.32826099529358, 
        "exp0": 0.41079192175629775, 
        "exp+1": 0.5371040482690409, 
        "exp+2": 0.7077130986830803, 
        "obs": 0.298926214273766
    }
}