{
    "5000.0": {
        "exp-2": 0.9744476918136566, 
        "exp-1": 1.1226010175589227, 
        "exp0": 1.3468713658542681, 
        "exp+1": 1.6833370570654647, 
        "exp+2": 2.0407062788895463, 
        "obs": 1.3504032148720353
    }, 
    "3000.0": {
        "exp-2": 0.6176867095824868, 
        "exp-1": 0.7106446721584133, 
        "exp0": 0.8537600797893152, 
        "exp+1": 1.067040279393236, 
        "exp+2": 1.3493323476533972, 
        "obs": 0.8546481831372581
    }, 
    "2500.0": {
        "exp-2": 0.5323460715970763, 
        "exp-1": 0.611637439414955, 
        "exp0": 0.7358031488393196, 
        "exp+1": 0.9184421049342015, 
        "exp+2": 1.1625655617223205, 
        "obs": 0.735789343374919
    }, 
    "4500.0": {
        "exp-2": 0.8833170773851748, 
        "exp-1": 1.0176150851575572, 
        "exp0": 1.220911554471436, 
        "exp+1": 1.525910859040445, 
        "exp+2": 1.9340573766495361, 
        "obs": 1.2228574741009244
    }, 
    "3500.0": {
        "exp-2": 0.7057503114092225, 
        "exp-1": 0.8108697455000574, 
        "exp0": 0.9754806629769028, 
        "exp+1": 1.2176116615648034, 
        "exp+2": 1.5412549508688953, 
        "obs": 0.9760096836662134
    }, 
    "1000.0": {
        "exp-2": 0.30344548538025123, 
        "exp-1": 0.347985187034384, 
        "exp0": 0.4178628698272105, 
        "exp+1": 0.522250352292378, 
        "exp+2": 0.6604149215707276, 
        "obs": 0.4158252554980481
    }, 
    "2000.0": {
        "exp-2": 0.4492323334340264, 
        "exp-1": 0.5175328360842428, 
        "exp0": 0.6209242007516466, 
        "exp+1": 0.7760390253896803, 
        "exp+2": 0.9836118252572759, 
        "obs": 0.6203628505836531
    }, 
    "4000.0": {
        "exp-2": 0.794089779255761, 
        "exp-1": 0.914821831027699, 
        "exp0": 1.0975825600646825, 
        "exp+1": 1.3717727501374688, 
        "exp+2": 1.7346836537143437, 
        "obs": 1.0982603995223277
    }, 
    "1500.0": {
        "exp-2": 0.3715047066597037, 
        "exp-1": 0.42798763772455384, 
        "exp0": 0.5134898976610932, 
        "exp+1": 0.641766252675236, 
        "exp+2": 0.8115494743421143, 
        "obs": 0.5124418851198085
    }
}