{
    "5000.0": {
        "exp-2": 1.2365289558139285, 
        "exp-1": 1.419099803267089, 
        "exp0": 1.6965037436788297, 
        "exp+1": 2.109462934003364, 
        "exp+2": 2.6655301612717524, 
        "obs": 1.3998971513953067
    }
}