{
    "3500.0": {
        "exp-2": 0.8973533059417912, 
        "exp-1": 1.0252519204922381, 
        "exp0": 1.226657061971159, 
        "exp+1": 1.527212151909386, 
        "exp+2": 1.927907207436403, 
        "obs": 1.0120748965617667
    }
}