{
    "5000.0": {
        "exp-2": 1.113614216586053, 
        "exp-1": 1.278036973528852, 
        "exp0": 1.5278661278503978, 
        "exp+1": 1.904667557071366, 
        "exp+2": 2.4133136661880306, 
        "obs": 1.3349481626014112
    }, 
    "3000.0": {
        "exp-2": 0.7057243619147634, 
        "exp-1": 0.8099230468364726, 
        "exp0": 0.9682458365518543, 
        "exp+1": 1.2070340647247977, 
        "exp+2": 1.5293754469758236, 
        "obs": 0.8499976097108831
    }, 
    "2500.0": {
        "exp-2": 0.6081116614295199, 
        "exp-1": 0.6978980436734658, 
        "exp0": 0.8343223226541833, 
        "exp+1": 1.0400823879620207, 
        "exp+2": 1.3178389362653353, 
        "obs": 0.7338065840790374
    }, 
    "4500.0": {
        "exp-2": 1.0104435133890464, 
        "exp-1": 1.1596333259628209, 
        "exp0": 1.3863170633011772, 
        "exp+1": 1.7282097324893253, 
        "exp+2": 2.184629027694968, 
        "obs": 1.2115687522333434
    }, 
    "3500.0": {
        "exp-2": 0.8061955219168089, 
        "exp-1": 0.9228041540815478, 
        "exp0": 1.106091111836505, 
        "exp+1": 1.3788746514090398, 
        "exp+2": 1.743034738396921, 
        "obs": 0.9685786030572543
    }, 
    "1000.0": {
        "exp-2": 0.34483139130017987, 
        "exp-1": 0.3957450061261313, 
        "exp0": 0.4731047685447355, 
        "exp+1": 0.589781600002059, 
        "exp+2": 0.74728418417904, 
        "obs": 0.43164886052847845
    }, 
    "2000.0": {
        "exp-2": 0.5137750790268744, 
        "exp-1": 0.5880878409180993, 
        "exp0": 0.7048936005377485, 
        "exp+1": 0.8787340461726136, 
        "exp+2": 1.1134020823440554, 
        "obs": 0.623147634717531
    }, 
    "4000.0": {
        "exp-2": 0.9078918579923029, 
        "exp-1": 1.0392099146853804, 
        "exp0": 1.245617335975907, 
        "exp+1": 1.5528107630335535, 
        "exp+2": 1.9629072653601252, 
        "obs": 1.0893098993040953
    }, 
    "1500.0": {
        "exp-2": 0.42490233252772336, 
        "exp-1": 0.48636047991017634, 
        "exp0": 0.582961190818051, 
        "exp+1": 0.7267307373842933, 
        "exp+2": 0.918659940185153, 
        "obs": 0.5201292837164171
    }
}