{
    "5000.0": {
        "exp-2": 0.4540753100610418, 
        "exp-1": 0.5413726840272459, 
        "exp0": 0.6774838558962125, 
        "exp+1": 0.8857996205948142, 
        "exp+2": 1.1671704782575067, 
        "obs": 0.6645184618287778
    }, 
    "3000.0": {
        "exp-2": 0.27865419939738373, 
        "exp-1": 0.3322263256792035, 
        "exp0": 0.4157542092390647, 
        "exp+1": 0.5423232158794906, 
        "exp+2": 0.7149458015013954, 
        "obs": 0.4076687718456554
    }, 
    "2500.0": {
        "exp-2": 0.23510628102819, 
        "exp-1": 0.2803061861583815, 
        "exp0": 0.350780380010057, 
        "exp+1": 0.45863990031585294, 
        "exp+2": 0.5394249126285925, 
        "obs": 0.3446558814818585
    }, 
    "8000.0": {
        "exp-2": 0.7207004784843007, 
        "exp-1": 0.8592573605561502, 
        "exp0": 1.0752906583803283, 
        "exp+1": 1.405925840527446, 
        "exp+2": 1.8525128078661441, 
        "obs": 1.0548951255958294
    }, 
    "4500.0": {
        "exp-2": 0.4099004038354355, 
        "exp-1": 0.48870501630755986, 
        "exp0": 0.6115745559619039, 
        "exp+1": 0.7996242445405031, 
        "exp+2": 1.0536217850665375, 
        "obs": 0.6000730521049502
    }, 
    "3500.0": {
        "exp-2": 0.322443132931389, 
        "exp-1": 0.3844338162710357, 
        "exp0": 0.4810876349481454, 
        "exp+1": 0.6275462259690491, 
        "exp+2": 0.8272954996968523, 
        "obs": 0.47148618658676544
    }, 
    "1000.0": {
        "exp-2": 0.11031266598783546, 
        "exp-1": 0.1312150817925262, 
        "exp0": 0.16387638252658618, 
        "exp+1": 0.21476484063353224, 
        "exp+2": 0.28332894259912167, 
        "obs": 0.16233850232301503
    }, 
    "7500.0": {
        "exp-2": 0.6767514711553552, 
        "exp-1": 0.8068590214903114, 
        "exp0": 1.0097184013377194, 
        "exp+1": 1.3171092796404844, 
        "exp+2": 1.7363478291512382, 
        "obs": 0.9895404902238936
    }, 
    "2000.0": {
        "exp-2": 0.1925339468216214, 
        "exp-1": 0.2295491898539212, 
        "exp0": 0.2872621298570349, 
        "exp+1": 0.37559077298944193, 
        "exp+2": 0.4417474828712065, 
        "obs": 0.2823959641668445
    }, 
    "6000.0": {
        "exp-2": 0.5429546985591892, 
        "exp-1": 0.6473394081362357, 
        "exp0": 0.8100925873009825, 
        "exp+1": 1.056710908988438, 
        "exp+2": 1.3930641385557034, 
        "obs": 0.7950340104986663
    }, 
    "4000.0": {
        "exp-2": 0.3657875156314071, 
        "exp-1": 0.43611128976471325, 
        "exp0": 0.5457577873929056, 
        "exp+1": 0.713569840109372, 
        "exp+2": 0.9402325543400658, 
        "obs": 0.5362259039224679
    }, 
    "1500.0": {
        "exp-2": 0.15037794183531372, 
        "exp-1": 0.17971138173498544, 
        "exp0": 0.22534695471649932, 
        "exp+1": 0.29394983687356546, 
        "exp+2": 0.3462384922304923, 
        "obs": 0.2212852245528684
    }, 
    "9000.0": {
        "exp-2": 0.8101114229401565, 
        "exp-1": 0.9658578338894624, 
        "exp0": 1.2086924753633572, 
        "exp+1": 1.576657434332971, 
        "exp+2": 2.078510793570252, 
        "obs": 1.1851662065877517
    }, 
    "8500.0": {
        "exp-2": 0.7655652081244452, 
        "exp-1": 0.9127474723620015, 
        "exp0": 1.1422291801560667, 
        "exp+1": 1.4899606115780226, 
        "exp+2": 1.9642181310545745, 
        "obs": 1.1210132482015354
    }, 
    "5500.0": {
        "exp-2": 0.4982957405191532, 
        "exp-1": 0.5940946281530556, 
        "exp0": 0.7434610783356449, 
        "exp+1": 0.9720637956844984, 
        "exp+2": 1.2808361315443306, 
        "obs": 0.7300732220043027
    }, 
    "7000.0": {
        "exp-2": 0.6338725688920053, 
        "exp-1": 0.7539808799687154, 
        "exp0": 0.9416574483324602, 
        "exp+1": 1.231202503198331, 
        "exp+2": 1.6222892305754208, 
        "obs": 0.9244427093732318
    }, 
    "6500.0": {
        "exp-2": 0.587205658896305, 
        "exp-1": 0.7000977516041224, 
        "exp0": 0.8761153605547617, 
        "exp+1": 1.145507240132663, 
        "exp+2": 1.5093732277048262, 
        "obs": 0.8591671941576225
    }
}