{
    "3000.0": {
        "exp-2": 0.6176867095824868, 
        "exp-1": 0.7106446721584133, 
        "exp0": 0.8537600797893152, 
        "exp+1": 1.067040279393236, 
        "exp+2": 1.3493323476533972, 
        "obs": 0.8546481831372581
    }
}