{
    "3000.0": {
        "exp-2": 0.6105007630139581, 
        "exp-1": 0.6980273789990443, 
        "exp0": 0.8315084184781294, 
        "exp+1": 1.0231944953185803, 
        "exp+2": 1.2744310867517123, 
        "obs": 0.8323225634555773
    }
}