{
    "3000.0": {
        "exp-2": 0.37723941505755265, 
        "exp-1": 0.44872000830478087, 
        "exp0": 0.5604127996044206, 
        "exp+1": 0.7293060351196461, 
        "exp+2": 0.9550099416784525, 
        "obs": 0.4470689884716662
    }
}