{
    "2000.0": {
        "exp-2": 0.45104925958293346, 
        "exp-1": 0.5196260064697796, 
        "exp0": 0.6234355419768751, 
        "exp+1": 0.77917774025975, 
        "exp+2": 0.985313997034641, 
        "obs": 0.6236291680448213
    }
}