{
    "4500.0": {
        "exp-2": 1.1244139204344892, 
        "exp-1": 1.2846751602534126, 
        "exp0": 1.5370425993824257, 
        "exp+1": 1.9136482257553622, 
        "exp+2": 2.41573258687182, 
        "obs": 1.2693847580321265
    }
}