{
    "4000.0": {
        "exp-2": 1.0091923575014785, 
        "exp-1": 1.1560243953519864, 
        "exp0": 1.3795379834146344, 
        "exp+1": 1.7197587954150282, 
        "exp+2": 2.1739462437375034, 
        "obs": 1.1400039300604357
    }
}