{
    "4500.0": {
        "exp-2": 0.48774031621273967, 
        "exp-1": 0.5801589858085386, 
        "exp0": 0.7245688208570267, 
        "exp+1": 0.9429342445311776, 
        "exp+2": 1.2347512939162115, 
        "obs": 0.5661847436643025
    }
}