{
    "2500.0": {
        "exp-2": 0.23510628102819, 
        "exp-1": 0.2803061861583815, 
        "exp0": 0.350780380010057, 
        "exp+1": 0.45863990031585294, 
        "exp+2": 0.5394249126285925, 
        "obs": 0.3446558814818585
    }
}