{
    "2500.0": {
        "exp-2": 0.23417146109925388, 
        "exp-1": 0.279191644224925, 
        "exp0": 0.34938562148434216, 
        "exp+1": 0.4568162722226331, 
        "exp+2": 0.5372800798511559, 
        "obs": 0.34275882753551956
    }
}