{
    "6000.0": {
        "exp-2": 1.1616743539768364, 
        "exp-1": 1.3382933073285652, 
        "exp0": 1.6056540723331412, 
        "exp+1": 2.0067670304471683, 
        "exp+2": 2.4327997715689924, 
        "obs": 1.6099883953390395
    }
}