{
    "1000.0": {
        "exp-2": 0.11031266598783546, 
        "exp-1": 0.1312150817925262, 
        "exp0": 0.16387638252658618, 
        "exp+1": 0.21476484063353224, 
        "exp+2": 0.28332894259912167, 
        "obs": 0.16233850232301503
    }
}