{
    "2500.0": {
        "exp-2": 0.5340716655518363, 
        "exp-1": 0.6152709950039014, 
        "exp0": 0.7381882381886072, 
        "exp+1": 0.9225971173904408, 
        "exp+2": 1.1666758854819692, 
        "obs": 0.7387776063822042
    }
}