{
    "1000.0": {
        "exp-2": 0.3034030543536325, 
        "exp-1": 0.3479365279854103, 
        "exp0": 0.4178044361600293, 
        "exp+1": 0.5221773322603375, 
        "exp+2": 0.6603225633943894, 
        "obs": 0.41588381435586474
    }
}