{
    "5000.0": {
        "exp-2": 0.43905971295432644, 
        "exp-1": 0.5126445345483177, 
        "exp0": 0.6209242007516466, 
        "exp+1": 0.7700751459312344, 
        "exp+2": 0.9562365599541711, 
        "obs": 0.6097801852459707
    }
}