{
    "7000.0": {
        "exp-2": 0.6338725688920053, 
        "exp-1": 0.7539808799687154, 
        "exp0": 0.9416574483324602, 
        "exp+1": 1.231202503198331, 
        "exp+2": 1.6222892305754208, 
        "obs": 0.9244427093732318
    }
}