{
    "2000.0": {
        "exp-2": 0.22841043578109532, 
        "exp-1": 0.2716904139646576, 
        "exp0": 0.33931802227426133, 
        "exp+1": 0.4415792784368205, 
        "exp+2": 0.5792851534973946, 
        "obs": 0.2564634980872055
    }
}