{
    "8500.0": {
        "exp-2": 0.7655652081244452, 
        "exp-1": 0.9127474723620015, 
        "exp0": 1.1422291801560667, 
        "exp+1": 1.4899606115780226, 
        "exp+2": 1.9642181310545745, 
        "obs": 1.1210132482015354
    }
}