{
    "1000.0": {
        "exp-2": 0.3007939323624959, 
        "exp-1": 0.34652611998163835, 
        "exp0": 0.4157542092390647, 
        "exp+1": 0.519614937144122, 
        "exp+2": 0.6570822796866566, 
        "obs": 0.3421985109993875
    }
}