{
    "1500.0": {
        "exp-2": 0.2041664932860073, 
        "exp-1": 0.2428526512049189, 
        "exp0": 0.3033021340507972, 
        "exp+1": 0.39470917872485983, 
        "exp+2": 0.5168628284354312, 
        "obs": 0.24600063574811706
    }
}