{
    "1000.0": {
        "exp-2": 0.11051305415268384, 
        "exp-1": 0.13145343959448316, 
        "exp0": 0.16417407034160122, 
        "exp+1": 0.21415395105837734, 
        "exp+2": 0.28181968055201423, 
        "obs": 0.16150957107346742
    }
}