{
    "4000.0": {
        "exp-2": 0.4631698989210882, 
        "exp-1": 0.5509328971579641, 
        "exp0": 0.6880679385635339, 
        "exp+1": 0.8954329630979838, 
        "exp+2": 1.1725494478449945, 
        "obs": 0.6536329644850355
    }
}