{
    "5000.0": {
        "exp-2": 1.166048033501929, 
        "exp-1": 1.3347059674728152, 
        "exp0": 1.599804690480596, 
        "exp+1": 1.9917882781096647, 
        "exp+2": 2.5143742265541276, 
        "obs": 1.466738812414235
    }, 
    "3000.0": {
        "exp-2": 0.7384858024642614, 
        "exp-1": 0.8475216525752379, 
        "exp0": 1.0131941829265918, 
        "exp+1": 1.2630675579224413, 
        "exp+2": 1.5337929921237703, 
        "obs": 0.9288051995915748
    }, 
    "2500.0": {
        "exp-2": 0.6361313433069463, 
        "exp-1": 0.7300547686372311, 
        "exp0": 0.8727650027355588, 
        "exp+1": 1.0880057857794352, 
        "exp+2": 1.3753475703591829, 
        "obs": 0.8008230080873789
    }, 
    "4500.0": {
        "exp-2": 1.0562314635687429, 
        "exp-1": 1.2121817810285587, 
        "exp0": 1.4491376417140533, 
        "exp+1": 1.806523103757882, 
        "exp+2": 2.2836249543497518, 
        "obs": 1.3301086718030704
    }, 
    "3500.0": {
        "exp-2": 0.8424469104192857, 
        "exp-1": 0.9668323857114773, 
        "exp0": 1.155827625556683, 
        "exp+1": 1.440877181548493, 
        "exp+2": 1.8256668779740912, 
        "obs": 1.0606213124193984
    }, 
    "1000.0": {
        "exp-2": 0.3607142207814688, 
        "exp-1": 0.4128881571686039, 
        "exp0": 0.49489582538169813, 
        "exp+1": 0.6161550263734513, 
        "exp+2": 0.7778157856903627, 
        "obs": 0.46106571311954386
    }, 
    "2000.0": {
        "exp-2": 0.5374636504723562, 
        "exp-1": 0.6152027424748708, 
        "exp0": 0.7373940521044844, 
        "exp+1": 0.9192497243790035, 
        "exp+2": 1.1620231019381095, 
        "obs": 0.6767265317132967
    }, 
    "4000.0": {
        "exp-2": 0.9494550120506722, 
        "exp-1": 1.0896400069795922, 
        "exp0": 1.3026415378599525, 
        "exp+1": 1.6218143194530121, 
        "exp+2": 2.052151002752513, 
        "obs": 1.1946071200169772
    }, 
    "1500.0": {
        "exp-2": 0.44424212796434054, 
        "exp-1": 0.5084975976483996, 
        "exp0": 0.6094951755670717, 
        "exp+1": 0.7588334825393973, 
        "exp+2": 0.960184437995254, 
        "obs": 0.5604915026185306
    }
}