{
    "5000.0": {
        "exp-2": 0.4496092053105675, 
        "exp-1": 0.5360479513522186, 
        "exp0": 0.670820384364601, 
        "exp+1": 0.8750397468803648, 
        "exp+2": 1.1535667007666595, 
        "obs": 0.48413675599149275
    }
}