{
    "2000.0": {
        "exp-2": 0.5374636504723562, 
        "exp-1": 0.6152027424748708, 
        "exp0": 0.7373940521044844, 
        "exp+1": 0.9192497243790035, 
        "exp+2": 1.1620231019381095, 
        "obs": 0.6767622816305344
    }
}