{
    "3500.0": {
        "exp-2": 0.31472353237436246, 
        "exp-1": 0.3689445701579536, 
        "exp0": 0.45220811750734363, 
        "exp+1": 0.5716286978286068, 
        "exp+2": 0.7229835799926125, 
        "obs": 0.44458002312768014
    }
}