{
    "2500.0": {
        "exp-2": 0.233984048935499, 
        "exp-1": 0.27896820416743767, 
        "exp0": 0.3491060053626008, 
        "exp+1": 0.4564506723059046, 
        "exp+2": 0.5368500794565463, 
        "obs": 0.3426525619167697
    }
}