{
  "2500.0": {
    "exp+1": 0.6920297741889954,
    "exp+2": 0.9625372886657715,
    "exp-1": 0.37730735540390015,
    "exp-2": 0.29999542236328125,
    "exp0": 0.501953125,
    "obs": 0.5210800212127121
  },
  "3000.0": {
    "exp+1": 0.9343757629394531,
    "exp+2": 1.2976876497268677,
    "exp-1": 0.5095994472503662,
    "exp-2": 0.406524658203125,
    "exp0": 0.67578125,
    "obs": 0.7043997847201646
  },
  "3500.0": {
    "exp+1": 1.476608395576477,
    "exp+2": 2.372169256210327,
    "exp-1": 0.6567106246948242,
    "exp-2": 0.49481201171875,
    "exp0": 0.9453125,
    "obs": 0.9469183384078735
  },
  "4000.0": {
    "exp+1": 1.5446906089782715,
    "exp+2": 2.145310163497925,
    "exp-1": 0.8424592018127441,
    "exp-2": 0.67205810546875,
    "exp0": 1.1171875,
    "obs": 1.1648822194360564
  },
  "4500.0": {
    "exp+1": 1.9119596481323242,
    "exp+2": 2.655383825302124,
    "exp-1": 1.0427641868591309,
    "exp-2": 0.83184814453125,
    "exp0": 1.3828125,
    "obs": 1.4438363628113884
  },
  "5000.0": {
    "exp+1": 2.329132318496704,
    "exp+2": 3.2299909591674805,
    "exp-1": 1.266634464263916,
    "exp-2": 1.01043701171875,
    "exp0": 1.6796875,
    "obs": 1.755224706192789
  },
  "5500.0": {
    "exp+1": 2.784125566482544,
    "exp+2": 3.8609659671783447,
    "exp-1": 1.520319938659668,
    "exp-2": 1.20782470703125,
    "exp0": 2.0078125,
    "obs": 2.0983549486451483
  },
  "6000.0": {
    "exp+1": 3.274350881576538,
    "exp+2": 4.554261684417725,
    "exp-1": 1.7909622192382812,
    "exp-2": 1.4287109375,
    "exp0": 2.375,
    "obs": 2.4743148222080817
  },
  "6500.0": {
    "exp+1": 3.8128955364227295,
    "exp+2": 5.303318023681641,
    "exp-1": 2.0855283737182617,
    "exp-2": 1.6636962890625,
    "exp0": 2.765625,
    "obs": 2.8831524412338756
  },
  "7000.0": {
    "exp+1": 4.394523620605469,
    "exp+2": 6.112298965454102,
    "exp-1": 2.4036598205566406,
    "exp-2": 1.91748046875,
    "exp0": 3.1875,
    "obs": 3.324602677808485
  },
  "7500.0": {
    "exp+1": 5.03374719619751,
    "exp+2": 6.991011142730713,
    "exp-1": 2.745356559753418,
    "exp-2": 2.1900634765625,
    "exp0": 3.640625,
    "obs": 3.7987039547362644
  },
  "8000.0": {
    "exp+1": 5.703473091125488,
    "exp+2": 7.921145439147949,
    "exp-1": 3.1106185913085938,
    "exp-2": 2.4814453125,
    "exp0": 4.125,
    "obs": 4.30542403801844
  },
  "8500.0": {
    "exp+1": 6.416407108306885,
    "exp+2": 8.911288261413574,
    "exp-1": 3.499445915222168,
    "exp-2": 2.7916259765625,
    "exp0": 4.640625,
    "obs": 4.8447935730900635
  },
  "9000.0": {
    "exp+1": 7.172549247741699,
    "exp+2": 9.961440086364746,
    "exp-1": 3.9118385314941406,
    "exp-2": 3.12060546875,
    "exp0": 5.1875,
    "obs": 5.416814303213198
  }
}