{
    "2500.0": {
        "exp-2": 0.23229053536953592, 
        "exp-1": 0.2769491047426166, 
        "exp0": 0.3465792658252943, 
        "exp+1": 0.45314699974586325, 
        "exp+2": 0.5960402988452366, 
        "obs": 0.2530981716922749
    }
}