{
    "8000.0": {
        "exp-2": 1.5320868249099004, 
        "exp-1": 1.765022647701557, 
        "exp0": 2.117634293262177, 
        "exp+1": 2.64664643977369, 
        "exp+2": 3.208524442323116, 
        "obs": 2.1243099795141713
    }
}