{
    "1500.0": {
        "exp-2": 0.3698499011361017, 
        "exp-1": 0.4249379442293718, 
        "exp0": 0.5112026319968086, 
        "exp+1": 0.6380918709788789, 
        "exp+2": 0.8076977764545348, 
        "obs": 0.41143258509306546
    }
}