{
    "4000.0": {
        "exp-2": 0.43478511687778476, 
        "exp-1": 0.5171696616608648, 
        "exp0": 0.6459005433663366, 
        "exp+1": 0.8405574870740448, 
        "exp+2": 1.1026840993059814, 
        "obs": 0.5054202320528068
    }
}