{
    "3000.0": {
        "exp-2": 0.2770754093576388, 
        "exp-1": 0.3303440084018839, 
        "exp0": 0.41339864235384227, 
        "exp+1": 0.5405122915100146, 
        "exp+2": 0.635718349589987, 
        "obs": 0.4057080493794986
    }
}