{
    "5000.0": {
        "exp-2": 0.4522602116163111, 
        "exp-1": 0.5392086273277846, 
        "exp0": 0.674775715052787, 
        "exp+1": 0.8801992103660663, 
        "exp+2": 1.1624194845393827, 
        "obs": 0.6615061702554217
    }
}