{
    "3000.0": {
        "exp-2": 0.7855584552049815, 
        "exp-1": 0.8975230663491349, 
        "exp0": 1.0738366019482275, 
        "exp+1": 1.3386655470623663, 
        "exp+2": 1.6922064247376383, 
        "obs": 0.8861489498458384
    }
}