{
    "3000.0": {
        "exp-2": 0.2741786856876891, 
        "exp-1": 0.3249613174929657, 
        "exp0": 0.4021427059645176, 
        "exp+1": 0.5158942415527924, 
        "exp+2": 0.6677834995668712, 
        "obs": 0.39495509766659603
    }
}