{
    "4500.0": {
        "exp-2": 0.5549625198493138, 
        "exp-1": 0.6601186888352801, 
        "exp0": 0.8244316223920575, 
        "exp+1": 1.0728929696043215, 
        "exp+2": 1.4049293674756465, 
        "obs": 0.6560771347024206
    }
}