{
    "4000.0": {
        "exp-2": 0.3573738441088337, 
        "exp-1": 0.4202085004713829, 
        "exp0": 0.5134898976610932, 
        "exp+1": 0.6490939620597411, 
        "exp+2": 0.8209599800647718, 
        "obs": 0.5050889441520939
    }
}