{
    "4500.0": {
        "exp-2": 1.0562314635687429, 
        "exp-1": 1.2121817810285587, 
        "exp0": 1.4491376417140533, 
        "exp+1": 1.806523103757882, 
        "exp+2": 2.2836249543497518, 
        "obs": 1.3301277291954352
    }
}