{
    "5000.0": {
        "exp-2": 0.6148790090065345, 
        "exp-1": 0.7313883495686998, 
        "exp0": 0.9134413083728248, 
        "exp+1": 1.1887277981743616, 
        "exp+2": 1.5566124428910624, 
        "obs": 0.7263224223894235
    }
}