{
    "6500.0": {
        "exp-2": 0.587205658896305, 
        "exp-1": 0.7000977516041224, 
        "exp0": 0.8761153605547617, 
        "exp+1": 1.145507240132663, 
        "exp+2": 1.5093732277048262, 
        "obs": 0.8591671941576225
    }
}