{
    "3000.0": {
        "exp-2": 0.7057243619147634, 
        "exp-1": 0.8099230468364726, 
        "exp0": 0.9682458365518543, 
        "exp+1": 1.2070340647247977, 
        "exp+2": 1.5293754469758236, 
        "obs": 0.8499976097108831
    }
}