{
    "5000.0": {
        "exp-2": 0.975076995156985, 
        "exp-1": 1.1233260098076172, 
        "exp0": 1.347741165802989, 
        "exp+1": 1.6822736126981088, 
        "exp+2": 2.1294248176840385, 
        "obs": 1.3487663203674891
    }
}