{
    "3500.0": {
        "exp-2": 0.4360047059570739, 
        "exp-1": 0.5186203449874277, 
        "exp0": 0.6477123250027472, 
        "exp+1": 0.8429152633484344, 
        "exp+2": 1.1037786929763331, 
        "obs": 0.5164833555500594
    }
}