{
    "4000.0": {
        "exp-2": 0.3657875156314071, 
        "exp-1": 0.43611128976471325, 
        "exp0": 0.5457577873929056, 
        "exp+1": 0.713569840109372, 
        "exp+2": 0.9402325543400658, 
        "obs": 0.5362259039224679
    }
}