{
    "7500.0": {
        "exp-2": 1.4384762310123516, 
        "exp-1": 1.6571796615159118, 
        "exp0": 1.9882467150733583, 
        "exp+1": 2.484936152967752, 
        "exp+2": 3.012483373572343, 
        "obs": 1.9952734742013394
    }
}