{
    "2000.0": {
        "exp-2": 0.4492323334340264, 
        "exp-1": 0.5175328360842428, 
        "exp0": 0.6209242007516466, 
        "exp+1": 0.7760390253896803, 
        "exp+2": 0.9836118252572759, 
        "obs": 0.6203628505836531
    }
}