{
    "5000.0": {
        "exp-2": 1.005204960054789, 
        "exp-1": 1.1254485613584995, 
        "exp0": 1.2960275845829825, 
        "exp+1": 1.5261495072556635, 
        "exp+2": 1.7972175603324936, 
        "obs": 1.3248489371218097
    }, 
    "3000.0": {
        "exp-2": 0.6375928624154484, 
        "exp-1": 0.7138623447488782, 
        "exp0": 0.8220591523728691, 
        "exp+1": 0.966631141097499, 
        "exp+2": 1.1391609410995742, 
        "obs": 0.8392852820824184
    }, 
    "2500.0": {
        "exp-2": 0.5477183786977403, 
        "exp-1": 0.6142534944173295, 
        "exp0": 0.7084865030471647, 
        "exp+1": 0.8318832695691117, 
        "exp+2": 0.9810898473971543, 
        "obs": 0.7218587266305728
    }, 
    "8000.0": {
        "exp-2": 1.57526039514107, 
        "exp-1": 1.763694585609593, 
        "exp0": 2.03100960115899, 
        "exp+1": 2.388194525394757, 
        "exp+2": 2.81445295557555, 
        "obs": 2.074951574861071
    }, 
    "4500.0": {
        "exp-2": 0.9120570949952914, 
        "exp-1": 1.0211582574993607, 
        "exp0": 1.1759304826391737, 
        "exp+1": 1.3827362901624896, 
        "exp+2": 1.6295348493671817, 
        "obs": 1.2015974212736096
    }, 
    "3500.0": {
        "exp-2": 0.7271293151947767, 
        "exp-1": 0.8157877792509192, 
        "exp0": 0.9375, 
        "exp+1": 1.1039619555932523, 
        "exp+2": 1.300042890794834, 
        "obs": 0.958195835138634
    }, 
    "1000.0": {
        "exp-2": 0.30897054725696044, 
        "exp-1": 0.34592990656705597, 
        "exp0": 0.3983608994994363, 
        "exp+1": 0.46841891040014655, 
        "exp+2": 0.5520249521828602, 
        "obs": 0.40478123073035926
    }, 
    "7500.0": {
        "exp-2": 1.4798863052824363, 
        "exp-1": 1.6569117537616231, 
        "exp0": 1.9080421903092184, 
        "exp+1": 2.243601389774376, 
        "exp+2": 2.6440520310180573, 
        "obs": 1.9490264120160774
    }, 
    "2000.0": {
        "exp-2": 0.46218547952144573, 
        "exp-1": 0.5183303261431501, 
        "exp0": 0.597847702178406, 
        "exp+1": 0.7029885901478863, 
        "exp+2": 0.8284619563524457, 
        "obs": 0.6096394194389161
    }, 
    "6000.0": {
        "exp-2": 1.19528696868158, 
        "exp-1": 1.338268365926013, 
        "exp0": 1.541103500742244, 
        "exp+1": 1.8095167536048231, 
        "exp+2": 2.1340716212015294, 
        "obs": 1.572995493384543
    }, 
    "4000.0": {
        "exp-2": 0.8197915012176876, 
        "exp-1": 0.9178557630765001, 
        "exp0": 1.0569709078304852, 
        "exp+1": 1.2428558279133874, 
        "exp+2": 1.4646877358324282, 
        "obs": 1.0792970950744083
    }, 
    "1500.0": {
        "exp-2": 0.3812197813971825, 
        "exp-1": 0.4275291682214203, 
        "exp0": 0.49311668243935936, 
        "exp+1": 0.5798389956609105, 
        "exp+2": 0.6833319244331474, 
        "obs": 0.5022696818962167
    }, 
    "9000.0": {
        "exp-2": 1.766523554541518, 
        "exp-1": 1.9778368313625219, 
        "exp0": 2.277608394786075, 
        "exp+1": 2.678161542502935, 
        "exp+2": 3.156174913778504, 
        "obs": 2.327405057830114
    }, 
    "8500.0": {
        "exp-2": 1.6708159613082765, 
        "exp-1": 1.8706806021398115, 
        "exp0": 2.1542109924517607, 
        "exp+1": 2.5330627920181694, 
        "exp+2": 2.9851780954263973, 
        "obs": 2.20108917881354
    }, 
    "5500.0": {
        "exp-2": 1.0990107856755775, 
        "exp-1": 1.2330125460268715, 
        "exp0": 1.4169730060943293, 
        "exp+1": 1.668569916570038, 
        "exp+2": 1.964934087235077, 
        "obs": 1.4485699667759055
    }, 
    "7000.0": {
        "exp-2": 1.384731190069033, 
        "exp-1": 1.5503740905202978, 
        "exp0": 1.7853571071357126, 
        "exp+1": 2.0963119091884845, 
        "exp+2": 2.472306406061777, 
        "obs": 1.8233493021932152
    }, 
    "6500.0": {
        "exp-2": 1.2898435134009474, 
        "exp-1": 1.4441358570848732, 
        "exp0": 1.6630168369562588, 
        "exp+1": 1.9526637028486828, 
        "exp+2": 2.3028934025876318, 
        "obs": 1.697984817727731
    }
}