{
    "2500.0": {
        "exp-2": 0.6750651186862331, 
        "exp-1": 0.7747370273750949, 
        "exp0": 0.9261816905131832, 
        "exp+1": 1.153114397367203, 
        "exp+2": 1.4556573111918694, 
        "obs": 0.763367427415324
    }
}