{
    "5000.0": {
        "exp-2": 0.9839371652314486, 
        "exp-1": 1.0546719016442605, 
        "exp+2": 1.4542621466467387, 
        "exp+1": 1.2932236596043307, 
        "exp0": 1.1567810338169873, 
        "obs": 1.0316384440156277
    }
}