{
    "7500.0": {
        "exp-2": 0.6767514711553552, 
        "exp-1": 0.8068590214903114, 
        "exp0": 1.0097184013377194, 
        "exp+1": 1.3171092796404844, 
        "exp+2": 1.7363478291512382, 
        "obs": 0.9895404902238936
    }
}