{
    "3000.0": {
        "exp-2": 0.7384858024642614, 
        "exp-1": 0.8475216525752379, 
        "exp0": 1.0131941829265918, 
        "exp+1": 1.2630675579224413, 
        "exp+2": 1.5337929921237703, 
        "obs": 0.9288121884720157
    }
}