{
    "3000.0": {
        "exp-2": 0.619999527469578, 
        "exp-1": 0.7133055433166215, 
        "exp0": 0.8569568250501305, 
        "exp+1": 1.0710356003038486, 
        "exp+2": 1.3543846786286984, 
        "obs": 0.8579847072688225
    }
}