{
    "5000.0": {
        "exp-2": 0.4522602116163111, 
        "exp-1": 0.5392086273277846, 
        "exp0": 0.674775715052787, 
        "exp+1": 0.8801992103660663, 
        "exp+2": 1.1624194845393827, 
        "obs": 0.6615061702554217
    }, 
    "3000.0": {
        "exp-2": 0.2770754093576388, 
        "exp-1": 0.3303440084018839, 
        "exp0": 0.41339864235384227, 
        "exp+1": 0.5405122915100146, 
        "exp+2": 0.635718349589987, 
        "obs": 0.4057080493794986
    }, 
    "2500.0": {
        "exp-2": 0.23417146109925388, 
        "exp-1": 0.279191644224925, 
        "exp0": 0.34938562148434216, 
        "exp+1": 0.4568162722226331, 
        "exp+2": 0.5372800798511559, 
        "obs": 0.34275882753551956
    }, 
    "4500.0": {
        "exp-2": 0.40829189375716546, 
        "exp-1": 0.48678726522296367, 
        "exp0": 0.6091746465505602, 
        "exp+1": 0.7946270670171584, 
        "exp+2": 1.0494101275255419, 
        "obs": 0.5976083945110304
    }, 
    "3500.0": {
        "exp-2": 0.32065247892001214, 
        "exp-1": 0.3822989035223709, 
        "exp0": 0.4784159653873395, 
        "exp+1": 0.6255214423293919, 
        "exp+2": 0.7357010333908599, 
        "obs": 0.4691575722888016
    }, 
    "1000.0": {
        "exp-2": 0.11093767192988438, 
        "exp-1": 0.13195851596730904, 
        "exp0": 0.16480486804475772, 
        "exp+1": 0.2139672084662007, 
        "exp+2": 0.2527828747822908, 
        "obs": 1.3800107580119318
    }, 
    "2000.0": {
        "exp-2": 0.19203487631816826, 
        "exp-1": 0.22895417151227884, 
        "exp0": 0.2865175128264414, 
        "exp+1": 0.3737426979091598, 
        "exp+2": 0.4927057534997781, 
        "obs": 0.2813655821344638
    }, 
    "4000.0": {
        "exp-2": 0.3642853018280173, 
        "exp-1": 0.4343202707405462, 
        "exp0": 0.5435164728414402, 
        "exp+1": 0.7106393461364577, 
        "exp+2": 0.8358116411669515, 
        "obs": 0.5334562035368299
    }, 
    "1500.0": {
        "exp-2": 0.14974400610542632, 
        "exp-1": 0.17895378747243057, 
        "exp0": 0.22439697838039174, 
        "exp+1": 0.29271066105868454, 
        "exp+2": 0.34477888364039455, 
        "obs": 0.305046788699126
    }
}