{
    "1000.0": {
        "exp-2": 0.14889423473993252, 
        "exp-1": 0.1771072179917891, 
        "exp0": 0.22119172624644864, 
        "exp+1": 0.287852926904595, 
        "exp+2": 0.37830070401463256, 
        "obs": 0.1834927304285431
    }
}