{
    "2000.0": {
        "exp-2": 0.2607081816139733, 
        "exp-1": 0.31010804270119224, 
        "exp0": 0.3872983423156682, 
        "exp+1": 0.5040195840349604, 
        "exp+2": 0.6611973605630005, 
        "obs": 0.3118293780692895
    }
}