{
    "9000.0": {
        "exp-2": 1.7182882902579242, 
        "exp-1": 1.9795338607940691, 
        "exp0": 2.375, 
        "exp+1": 2.968305373776793, 
        "exp+2": 3.5984708876392224, 
        "obs": 2.3829709340014142
    }
}