{
    "3500.0": {
        "exp-2": 0.7050618938574981, 
        "exp-1": 0.8122582809646048, 
        "exp0": 0.9745291330945423, 
        "exp+1": 1.2179789916483288, 
        "exp+2": 1.540202846296311, 
        "obs": 0.9761986361219337
    }
}