{
    "4500.0": {
        "exp-2": 0.4052722609169668, 
        "exp-1": 0.48318709560442, 
        "exp0": 0.6046693261936936, 
        "exp+1": 0.7887501617770022, 
        "exp+2": 1.039811000981792, 
        "obs": 0.4373151500120021
    }
}