{
    "4000.0": {
        "exp-2": 0.794089779255761, 
        "exp-1": 0.914821831027699, 
        "exp0": 1.0975825600646825, 
        "exp+1": 1.3717727501374688, 
        "exp+2": 1.7346836537143437, 
        "obs": 1.0982603995223277
    }
}