{
    "4500.0": {
        "exp-2": 0.51937554112669, 
        "exp-1": 0.6177885774294332, 
        "exp0": 0.7715649526502238, 
        "exp+1": 1.0017276978795973, 
        "exp+2": 1.3146549427017176, 
        "obs": 0.7312977901080714
    }
}