{
    "5000.0": {
        "exp-2": 0.9782173478769941, 
        "exp-1": 1.1269438163068755, 
        "exp0": 1.352081728298996, 
        "exp+1": 1.689849066229935, 
        "exp+2": 2.136908988224884, 
        "obs": 1.3551809437013935
    }
}