{
    "5000.0": {
        "exp-2": 0.975076995156985, 
        "exp-1": 1.1233260098076172, 
        "exp0": 1.347741165802989, 
        "exp+1": 1.6822736126981088, 
        "exp+2": 2.1294248176840385, 
        "obs": 1.3487663203674891
    }, 
    "3000.0": {
        "exp-2": 0.6181416921801409, 
        "exp-1": 0.7102120859082974, 
        "exp0": 0.8543889446557698, 
        "exp+1": 1.0664629239962666, 
        "exp+2": 1.349930588385967, 
        "obs": 0.8545445182160684
    }, 
    "2500.0": {
        "exp-2": 0.5314330739242213, 
        "exp-1": 0.6122312364830029, 
        "exp0": 0.7345412045964475, 
        "exp+1": 0.9192095872110136, 
        "exp+2": 1.1665931689862383, 
        "obs": 0.7350355421650222
    }, 
    "4500.0": {
        "exp-2": 0.8843580911590267, 
        "exp-1": 1.018814361037009, 
        "exp0": 1.2223504509754965, 
        "exp+1": 1.5277092147624152, 
        "exp+2": 1.9318741367008647, 
        "obs": 1.2233992627671393
    }, 
    "3500.0": {
        "exp-2": 0.7050618938574981, 
        "exp-1": 0.8122582809646048, 
        "exp0": 0.9745291330945423, 
        "exp+1": 1.2179789916483288, 
        "exp+2": 1.540202846296311, 
        "obs": 0.9761986361219337
    }, 
    "1000.0": {
        "exp-2": 0.3034030543536325, 
        "exp-1": 0.3479365279854103, 
        "exp0": 0.4178044361600293, 
        "exp+1": 0.5221773322603375, 
        "exp+2": 0.6603225633943894, 
        "obs": 0.41588381435586474
    }, 
    "2000.0": {
        "exp-2": 0.4493461096632876, 
        "exp-1": 0.5176639125912014, 
        "exp0": 0.6210814660734935, 
        "exp+1": 0.7762355860847724, 
        "exp+2": 0.9838609412818143, 
        "obs": 0.6211064462886042
    }, 
    "4000.0": {
        "exp-2": 0.7945402761901257, 
        "exp-1": 0.9128846951423896, 
        "exp0": 1.0982052119253487, 
        "exp+1": 1.3707985410748775, 
        "exp+2": 1.7351591382438465, 
        "obs": 1.0985411917200403
    }, 
    "1500.0": {
        "exp-2": 0.3715047066597037, 
        "exp-1": 0.42798763772455384, 
        "exp0": 0.5134898976610932, 
        "exp+1": 0.641766252675236, 
        "exp+2": 0.8134241350551032, 
        "obs": 0.5125416650043704
    }
}