{
    "1500.0": {
        "exp-2": 0.14936234944336219, 
        "exp-1": 0.1797098166663763, 
        "exp0": 0.2238250555789989, 
        "exp+1": 0.29264778357141763, 
        "exp+2": 0.3441948829511567, 
        "obs": 0.21978208385871026
    }
}