{
    "4000.0": {
        "exp-2": 0.8876293724612133, 
        "exp-1": 0.952719627706799, 
        "exp+2": 1.3134333078698184, 
        "exp+1": 1.1666428882625135, 
        "exp0": 1.0435552628767792, 
        "obs": 0.9313732661029134
    }
}