{
    "5000.0": {
        "exp-2": 0.5347911675360084, 
        "exp-1": 0.6346659420677798, 
        "exp0": 0.7910633590800873, 
        "exp+1": 1.029468442454505, 
        "exp+2": 1.3505066733225426, 
        "obs": 0.6154104363587821
    }, 
    "3000.0": {
        "exp-2": 0.3266989053457981, 
        "exp-1": 0.3886029167919373, 
        "exp0": 0.485331713387625, 
        "exp+1": 0.6301092406203289, 
        "exp+2": 0.8269475447475908, 
        "obs": 0.3769893610508248
    }, 
    "2500.0": {
        "exp-2": 0.27556096213195636, 
        "exp-1": 0.3277751783539094, 
        "exp0": 0.409363079625489, 
        "exp+1": 0.5327340322757171, 
        "exp+2": 0.6988663664536815, 
        "obs": 0.318351574183462
    }, 
    "4500.0": {
        "exp-2": 0.48116376277565726, 
        "exp-1": 0.5723362901822676, 
        "exp0": 0.7147989311134488, 
        "exp+1": 0.9302199626051857, 
        "exp+2": 1.2181022096227265, 
        "obs": 0.5555134516832845
    }, 
    "3500.0": {
        "exp-2": 0.3779425409383628, 
        "exp-1": 0.4495563731036565, 
        "exp0": 0.5614573564208336, 
        "exp+1": 0.7289436453398574, 
        "exp+2": 0.9566565889620786, 
        "obs": 0.436328237763347
    }, 
    "1000.0": {
        "exp-2": 0.1277827518325434, 
        "exp-1": 0.15199545635942563, 
        "exp0": 0.18982928578097774, 
        "exp+1": 0.24703869221507774, 
        "exp+2": 0.3240773570592036, 
        "obs": 0.1492010164939765
    }, 
    "2000.0": {
        "exp-2": 0.2251911589743176, 
        "exp-1": 0.2678611400283297, 
        "exp0": 0.3345355900496745, 
        "exp+1": 0.4353555507143512, 
        "exp+2": 0.5711205649701531, 
        "obs": 0.2603330969237866
    }, 
    "4000.0": {
        "exp-2": 0.4292540357907664, 
        "exp-1": 0.5105905398877228, 
        "exp0": 0.6376837923607087, 
        "exp+1": 0.8298644026332329, 
        "exp+2": 1.0866888726389714, 
        "obs": 0.49581695865529635
    }, 
    "1500.0": {
        "exp-2": 0.17587237645153336, 
        "exp-1": 0.2091972657127556, 
        "exp0": 0.2612694399276657, 
        "exp+1": 0.34000896953924864, 
        "exp+2": 0.4460402949385001, 
        "obs": 0.2042617082727081
    }
}