{
    "5000.0": {
        "exp-2": 0.9442336175945242, 
        "exp-1": 1.0680069978641888, 
        "exp0": 1.2418484015032931, 
        "exp+1": 1.4811459404170695, 
        "exp+2": 1.7773451585030478, 
        "obs": 1.243448403996572
    }
}