{
    "1000.0": {
        "exp-2": 0.11093767192988438, 
        "exp-1": 0.13195851596730904, 
        "exp0": 0.16480486804475772, 
        "exp+1": 0.2139672084662007, 
        "exp+2": 0.2527828747822908, 
        "obs": 1.3800107580119318
    }
}