{
    "3500.0": {
        "exp-2": 0.7057503114092225, 
        "exp-1": 0.8108697455000574, 
        "exp0": 0.9754806629769028, 
        "exp+1": 1.2176116615648034, 
        "exp+2": 1.5412549508688953, 
        "obs": 0.9760096836662134
    }
}