{
    "1000.0": {
        "exp-2": 0.13095844845499208, 
        "exp-1": 0.1550634691918469, 
        "exp0": 0.19289123816255596, 
        "exp+1": 0.2510234328859389, 
        "exp+2": 0.32930473146309114, 
        "obs": 0.15340943911466648
    }
}