{
    "4000.0": {
        "exp-2": 0.3620505868541111, 
        "exp-1": 0.43165591804029324, 
        "exp0": 0.5401822498741244, 
        "exp+1": 0.7046311671034676, 
        "exp+2": 0.9305586379903221, 
        "obs": 0.39051581805381863
    }
}