{
    "5000.0": {
        "exp-2": 0.43905971295432644, 
        "exp-1": 0.5126445345483177, 
        "exp0": 0.6209242007516466, 
        "exp+1": 0.7700751459312344, 
        "exp+2": 0.9562365599541711, 
        "obs": 0.6097801852459707
    }, 
    "3000.0": {
        "exp-2": 0.2741786856876891, 
        "exp-1": 0.3249613174929657, 
        "exp0": 0.4021427059645176, 
        "exp+1": 0.5158942415527924, 
        "exp+2": 0.6677834995668712, 
        "obs": 0.39495509766659603
    }, 
    "2500.0": {
        "exp-2": 0.23163930593439894, 
        "exp-1": 0.2745429038590517, 
        "exp0": 0.3397494437372455, 
        "exp+1": 0.4358521832619639, 
        "exp+2": 0.5641755210100876, 
        "obs": 0.33359845881766537
    }, 
    "4500.0": {
        "exp-2": 0.39627169086402353, 
        "exp-1": 0.4633477766315222, 
        "exp0": 0.5604127996044206, 
        "exp+1": 0.6959284293890166, 
        "exp+2": 0.8633705886942415, 
        "obs": 0.5510885279603707
    }, 
    "3500.0": {
        "exp-2": 0.31472353237436246, 
        "exp-1": 0.3689445701579536, 
        "exp0": 0.45220811750734363, 
        "exp+1": 0.5716286978286068, 
        "exp+2": 0.7229835799926125, 
        "obs": 0.44458002312768014
    }, 
    "1000.0": {
        "exp-2": 0.11051305415268384, 
        "exp-1": 0.13145343959448316, 
        "exp0": 0.16417407034160122, 
        "exp+1": 0.21415395105837734, 
        "exp+2": 0.28181968055201423, 
        "obs": 0.16150957107346742
    }, 
    "2000.0": {
        "exp-2": 0.19162037608321678, 
        "exp-1": 0.22845997907196638, 
        "exp0": 0.28589907007503146, 
        "exp+1": 0.3738085973855127, 
        "exp+2": 0.43965139366860884, 
        "obs": 0.2808121535876146
    }, 
    "4000.0": {
        "exp-2": 0.3573738441088337, 
        "exp-1": 0.4202085004713829, 
        "exp0": 0.5134898976610932, 
        "exp+1": 0.6490939620597411, 
        "exp+2": 0.8209599800647718, 
        "obs": 0.5050889441520939
    }, 
    "1500.0": {
        "exp-2": 0.14936234944336219, 
        "exp-1": 0.1797098166663763, 
        "exp0": 0.2238250555789989, 
        "exp+1": 0.29264778357141763, 
        "exp+2": 0.3441948829511567, 
        "obs": 0.21978208385871026
    }
}