{
    "3500.0": {
        "exp-2": 0.7005159928581217, 
        "exp-1": 0.8048557735160439, 
        "exp0": 0.9682458365518543, 
        "exp+1": 1.2101260512089032, 
        "exp+2": 1.5302723468905655, 
        "obs": 0.7706577232818187
    }
}