{
    "1500.0": {
        "exp-2": 0.19071942320318416, 
        "exp-1": 0.226857585133514, 
        "exp0": 0.28332566865670283, 
        "exp+1": 0.3678435086165334, 
        "exp+2": 0.4827532537460316, 
        "obs": 0.28438687299104126
    }
}