{
    "2500.0": {
        "exp-2": 0.6361313433069463, 
        "exp-1": 0.7300547686372311, 
        "exp0": 0.8727650027355588, 
        "exp+1": 1.0880057857794352, 
        "exp+2": 1.3753475703591829, 
        "obs": 0.8008338496796956
    }
}