{
    "5500.0": {
        "exp-2": 1.0700558542664957, 
        "exp-1": 1.2327452898742024, 
        "exp0": 1.479019945774904, 
        "exp+1": 1.8461380057694592, 
        "exp+2": 2.3368446859478436, 
        "obs": 1.4803578303470368
    }
}