{
    "5000.0": {
        "exp-2": 3.6119106353147776, 
        "exp-1": 3.898810298119499, 
        "exp0": 4.272001872658765, 
        "exp+1": 4.717095495529048, 
        "exp+2": 5.176499802716072, 
        "obs": 4.359979825812542
    }, 
    "3000.0": {
        "exp-2": 2.2617693485272765, 
        "exp-1": 2.4414251952389927, 
        "exp0": 2.675116819879087, 
        "exp+1": 2.9441605397072586, 
        "exp+2": 3.233905408005504, 
        "obs": 2.722463665246544
    }, 
    "2500.0": {
        "exp-2": 1.9314737431071902, 
        "exp-1": 2.0848936976862524, 
        "exp0": 2.2844583603121333, 
        "exp+1": 2.522472752252867, 
        "exp+2": 2.7614240043940113, 
        "obs": 2.326899066669162
    }, 
    "4500.0": {
        "exp-2": 3.271133959777939, 
        "exp-1": 3.530965202797487, 
        "exp0": 3.86894688513554, 
        "exp+1": 4.265057760118092, 
        "exp+2": 4.682610364795603, 
        "obs": 3.9468930531614044
    }, 
    "3500.0": {
        "exp-2": 2.593067493035517, 
        "exp-1": 2.799038865114311, 
        "exp0": 3.0669610365963242, 
        "exp+1": 3.386503324950008, 
        "exp+2": 3.716319339642935, 
        "obs": 3.128522202845034
    }, 
    "1000.0": {
        "exp-2": 0.9984347491159287, 
        "exp-1": 1.077741969525304, 
        "exp0": 1.180902726730699, 
        "exp+1": 1.2996693117190306, 
        "exp+2": 1.4205755646911427, 
        "obs": 1.1847570849694673
    }, 
    "2000.0": {
        "exp-2": 1.6088060280647571, 
        "exp-1": 1.7389660804252707, 
        "exp0": 1.9080421903092184, 
        "exp+1": 2.09993910928277, 
        "exp+2": 2.300954193713687, 
        "obs": 1.9363734440517442
    }, 
    "4000.0": {
        "exp-2": 2.9326547473556275, 
        "exp-1": 3.165600061647898, 
        "exp0": 3.468609231377902, 
        "exp+1": 3.817456634814783, 
        "exp+2": 4.193145590148945, 
        "obs": 3.536176003919656
    }, 
    "1500.0": {
        "exp-2": 1.2983037592825446, 
        "exp-1": 1.4023368644014016, 
        "exp0": 1.5334805182981621, 
        "exp+1": 1.693251662475004, 
        "exp+2": 1.8536516467270598, 
        "obs": 1.554714811921072
    }
}