{
  "1500.0": {
    "exp+1": 0.29695621132850647,
    "exp+2": 0.3323651850223541,
    "exp-1": 0.22523999214172363,
    "exp-2": 0.19914627075195312,
    "exp0": 0.2587890625,
    "obs": 0.2710945645073396
  },
  "2000.0": {
    "exp+1": 0.3496239185333252,
    "exp+2": 0.39131295680999756,
    "exp-1": 0.26552295684814453,
    "exp-2": 0.2350616455078125,
    "exp0": 0.3046875,
    "obs": 0.3196181731360149
  },
  "2500.0": {
    "exp+1": 0.4056533873081207,
    "exp+2": 0.4540233612060547,
    "exp-1": 0.3080747127532959,
    "exp-2": 0.2727317810058594,
    "exp0": 0.353515625,
    "obs": 0.3708822672303274
  },
  "3000.0": {
    "exp+1": 0.4623124897480011,
    "exp+2": 0.5177471041679382,
    "exp-1": 0.35277271270751953,
    "exp-2": 0.3126983642578125,
    "exp0": 0.404296875,
    "obs": 0.42430345505251627
  },
  "3500.0": {
    "exp+1": 0.5221946835517883,
    "exp+2": 0.5844610333442688,
    "exp-1": 0.398693323135376,
    "exp-2": 0.3519744873046875,
    "exp0": 0.455078125,
    "obs": 0.47851612836055685
  }
}