{
  "1500.0": {
    "exp+1": 0.09963074326515198,
    "exp+2": 0.1320064216852188,
    "exp-1": 0.052567243576049805,
    "exp-2": 0.039520263671875,
    "exp0": 0.072265625,
    "obs": 0.6846414587954406
  },
  "2000.0": {
    "exp+1": 0.10016929358243942,
    "exp+2": 0.13177648186683655,
    "exp-1": 0.05259418487548828,
    "exp-2": 0.03973388671875,
    "exp0": 0.07265625149011612,
    "obs": 0.6844374445548042
  },
  "2500.0": {
    "exp+1": 0.10041666775941849,
    "exp+2": 0.1322699934244156,
    "exp-1": 0.052876949310302734,
    "exp-2": 0.039947509765625,
    "exp0": 0.07304687798023224,
    "obs": 0.6843129231675512
  },
  "3000.0": {
    "exp+1": 0.09963074326515198,
    "exp+2": 0.1320064216852188,
    "exp-1": 0.05231142044067383,
    "exp-2": 0.039520263671875,
    "exp0": 0.072265625,
    "obs": 0.6842429042139292
  },
  "3500.0": {
    "exp+1": 0.10020685195922852,
    "exp+2": 0.13196028769016266,
    "exp-1": 0.052567243576049805,
    "exp-2": 0.039520263671875,
    "exp0": 0.072265625,
    "obs": 0.6829910876524332
  }
}