{
  "1500.0": {
    "exp+1": 0.29695621132850647,
    "exp+2": 0.3323651850223541,
    "exp-1": 0.22523999214172363,
    "exp-2": 0.19914627075195312,
    "exp0": 0.2587890625,
    "obs": 0.2710945645073396
  },
  "2000.0": {
    "exp+1": 0.3496239185333252,
    "exp+2": 0.39131295680999756,
    "exp-1": 0.26552295684814453,
    "exp-2": 0.2350616455078125,
    "exp0": 0.3046875,
    "obs": 0.3196181731360149
  },
  "2500.0": {
    "exp+1": 0.4056533873081207,
    "exp+2": 0.4540233612060547,
    "exp-1": 0.3080747127532959,
    "exp-2": 0.2727317810058594,
    "exp0": 0.353515625,
    "obs": 0.3708822672303274
  },
  "3000.0": {
    "exp+1": 0.4623124897480011,
    "exp+2": 0.5177471041679382,
    "exp-1": 0.35277271270751953,
    "exp-2": 0.3126983642578125,
    "exp0": 0.404296875,
    "obs": 0.42430345505251627
  },
  "3500.0": {
    "exp+1": 0.5221946835517883,
    "exp+2": 0.5844610333442688,
    "exp-1": 0.398693323135376,
    "exp-2": 0.3519744873046875,
    "exp0": 0.455078125,
    "obs": 0.47851612836055685
  },
  "4000.0": {
    "exp+1": 0.580883800983429,
    "exp+2": 0.6547125577926636,
    "exp-1": 0.44480037689208984,
    "exp-2": 0.3942718505859375,
    "exp0": 0.509765625,
    "obs": 0.5349813773982812
  },
  "4500.0": {
    "exp+1": 0.6432008147239685,
    "exp+2": 0.7207576632499695,
    "exp-1": 0.4905202388763428,
    "exp-2": 0.4365692138671875,
    "exp0": 0.564453125,
    "obs": 0.5916342810284039
  },
  "5000.0": {
    "exp+1": 0.7055178880691528,
    "exp+2": 0.7905888557434082,
    "exp-1": 0.5402364730834961,
    "exp-2": 0.4788665771484375,
    "exp0": 0.619140625,
    "obs": 0.6488349860399707
  },
  "5500.0": {
    "exp+1": 0.7678349018096924,
    "exp+2": 0.8604200482368469,
    "exp-1": 0.5879545211791992,
    "exp-2": 0.5211639404296875,
    "exp0": 0.673828125,
    "obs": 0.7067301374435605
  },
  "6000.0": {
    "exp+1": 0.833055853843689,
    "exp+2": 0.9329453110694885,
    "exp-1": 0.638251543045044,
    "exp-2": 0.5634613037109375,
    "exp0": 0.728515625,
    "obs": 0.7649156142398834
  }
}