{
    "5000.0": {
        "exp-2": 3.862426046015315, 
        "exp-1": 4.171922319122444, 
        "exp0": 4.562071897723665, 
        "exp+1": 5.037387492624971, 
        "exp+2": 5.52798537988565, 
        "obs": 4.603009664910079
    }, 
    "3000.0": {
        "exp-2": 2.4212196694021797, 
        "exp-1": 2.6100079345582516, 
        "exp0": 2.8559149146989657, 
        "exp+1": 3.1534685021504774, 
        "exp+2": 3.4605890447379126, 
        "obs": 2.877528861574395
    }, 
    "2500.0": {
        "exp-2": 2.06830681147799, 
        "exp-1": 2.2325956288667483, 
        "exp0": 2.4462982238476156, 
        "exp+1": 2.696755374098565, 
        "exp+2": 2.960769849877371, 
        "obs": 2.4597535739391208
    }, 
    "4500.0": {
        "exp-2": 3.497191255806222, 
        "exp-1": 3.777421258172609, 
        "exp0": 4.130677910464576, 
        "exp+1": 4.561047257412555, 
        "exp+2": 5.005253701958741, 
        "obs": 4.167518277859262
    }, 
    "3500.0": {
        "exp-2": 2.776132053719257, 
        "exp-1": 2.9966445277340026, 
        "exp0": 3.2834813841409245, 
        "exp+1": 3.6137099882884303, 
        "exp+2": 3.969347450762592, 
        "obs": 3.273957327784649
    }, 
    "1000.0": {
        "exp-2": 1.0803729960281658, 
        "exp-1": 1.1677472469074428, 
        "exp0": 1.2778155187663045, 
        "exp+1": 1.4063288772502163, 
        "exp+2": 1.5447305013423356, 
        "obs": 0.9945660211735011
    }, 
    "2000.0": {
        "exp-2": 1.7269159706051855, 
        "exp-1": 1.8640875841037396, 
        "exp0": 2.042516829796024, 
        "exp+1": 2.251634004451532, 
        "exp+2": 2.472070802440054, 
        "obs": 2.050882140111977
    }, 
    "4000.0": {
        "exp-2": 3.1333579637357505, 
        "exp-1": 3.3822455162296636, 
        "exp0": 3.7059917700933984, 
        "exp+1": 4.085419076740203, 
        "exp+2": 4.485384837367048, 
        "obs": 3.7312609847974754
    }, 
    "1500.0": {
        "exp-2": 1.396089596734169, 
        "exp-1": 1.5089971602547774, 
        "exp0": 1.6512306017028633, 
        "exp+1": 1.8202870903370048, 
        "exp+2": 1.9984946546218236, 
        "obs": 1.6555046673013818
    }
}