{
    "5000.0": {
        "exp-2": 0.7089601622931644, 
        "exp-1": 0.9132593000530029, 
        "exp0": 1.6909686573085854, 
        "exp+1": 2.0862548815268425, 
        "exp+2": 2.5508307880071954, 
        "obs": 1.714987940107828
    }
}