{
    "2000.0": {
        "exp-2": 0.43901801715474303, 
        "exp-1": 0.6810087756825238, 
        "exp0": 0.8057411110766727, 
        "exp+1": 0.9703822382684376, 
        "exp+2": 1.1804138877738095, 
        "obs": 0.6829114638470907
    }
}