{
    "5000.0": {
        "exp-2": 1.342677597787133, 
        "exp-1": 1.6438848897030085, 
        "exp0": 1.929216149713734, 
        "exp+1": 2.317028560319168, 
        "exp+2": 2.819236655844144, 
        "obs": 1.8543168006974884
    }, 
    "3000.0": {
        "exp-2": 0.7817498324778017, 
        "exp-1": 1.0050584882351672, 
        "exp0": 1.1818946754435684, 
        "exp+1": 1.4194799519971053, 
        "exp+2": 1.7321898983507449, 
        "obs": 1.1415331850840618
    }, 
    "2500.0": {
        "exp-2": 0.6353825080528543, 
        "exp-1": 0.8468584094234803, 
        "exp0": 0.9968700899104869, 
        "exp+1": 1.1989147285510633, 
        "exp+2": 1.4617741275085956, 
        "obs": 0.9659259391785199
    }, 
    "4500.0": {
        "exp-2": 1.2129670393947818, 
        "exp-1": 1.4850758554370136, 
        "exp0": 1.7428424784335985, 
        "exp+1": 2.0931899047520646, 
        "exp+2": 2.546881740069686, 
        "obs": 1.675047520267819
    }, 
    "3500.0": {
        "exp-2": 0.9363273916611646, 
        "exp-1": 1.165326398795756, 
        "exp0": 1.3675936722273485, 
        "exp+1": 1.64250830684518, 
        "exp+2": 2.001435956446358, 
        "obs": 1.3184152170379995
    }, 
    "1000.0": {
        "exp-2": 0.27006570376433886, 
        "exp-1": 0.3684890082077373, 
        "exp0": 0.44568240546328003, 
        "exp+1": 0.5426192222064404, 
        "exp+2": 0.6657161990447531, 
        "obs": 0.4496426906254232
    }, 
    "2000.0": {
        "exp-2": 0.5081128919221594, 
        "exp-1": 0.6871275760046486, 
        "exp0": 0.8129806197438356, 
        "exp+1": 0.9791010401762614, 
        "exp+2": 1.1944623928545115, 
        "obs": 0.7921283643390665
    }, 
    "4000.0": {
        "exp-2": 1.0647953148375513, 
        "exp-1": 1.3252139782416785, 
        "exp0": 1.5552331168296654, 
        "exp+1": 1.8678671904572133, 
        "exp+2": 2.2727210105462934, 
        "obs": 1.496297870945201
    }, 
    "1500.0": {
        "exp-2": 0.3778456365285674, 
        "exp-1": 0.5291103865013348, 
        "exp0": 0.6302901023172354, 
        "exp+1": 0.7611636755845341, 
        "exp+2": 0.9296397990323049, 
        "obs": 0.6201597044093012
    }
}