{
    "3500.0": {
        "exp-2": 0.8514513765677334, 
        "exp-1": 0.975332935660623, 
        "exp0": 1.1639104142142058, 
        "exp+1": 1.4453601726196037, 
        "exp+2": 1.819462262455452, 
        "obs": 1.1671140375800744
    }
}