{
    "5000.0": {
        "exp-2": 1.1810267848079128, 
        "exp-1": 1.3468943335612555, 
        "exp0": 1.6085708238580705, 
        "exp+1": 2.000125642644668, 
        "exp+2": 2.515386724145867, 
        "obs": 1.614984422260975
    }
}