{
    "3000.0": {
        "exp-2": 0.9275053363965282, 
        "exp-1": 1.0585333324800756, 
        "exp0": 1.2587195969880893, 
        "exp+1": 1.5610740258249205, 
        "exp+2": 1.9670314857239748, 
        "obs": 1.0225896178402167
    }
}