{
    "2000.0": {
        "exp-2": 0.5421901032223169, 
        "exp-1": 0.6194677601785049, 
        "exp0": 0.7411588266019639, 
        "exp+1": 0.9191910742432584, 
        "exp+2": 1.1582267977529095, 
        "obs": 0.7411113765213647
    }
}