{
    "2500.0": {
        "exp-2": 0.36386672392082064, 
        "exp-1": 0.46255023528829026, 
        "exp0": 0.8537600797893152, 
        "exp+1": 1.068400882563196, 
        "exp+2": 1.311861973044028, 
        "obs": 0.7453593474491814
    }
}