{
    "3000.0": {
        "exp-2": 0.7389320048641147, 
        "exp-1": 0.8387813501994323, 
        "exp0": 0.9921567416492215, 
        "exp+1": 1.2144320363753303, 
        "exp+2": 1.50654659595969, 
        "obs": 0.9947488609261761
    }
}