{
    "3000.0": {
        "exp-2": 0.4310312759962498, 
        "exp-1": 0.5507277875343902, 
        "exp0": 1.0224052639936172, 
        "exp+1": 1.2712769229254806, 
        "exp+2": 1.5581756260401756, 
        "obs": 1.0396681063200097
    }
}