{
    "8000.0": {
        "exp-2": 1.1264638913154297, 
        "exp-1": 1.4510739525760659, 
        "exp0": 2.6867731575255847, 
        "exp+1": 3.3148418281759984, 
        "exp+2": 4.0424247633727575, 
        "obs": 2.7251179291212786
    }
}