{
    "4500.0": {
        "exp-2": 1.0364923455617712, 
        "exp-1": 1.1618792650658527, 
        "exp0": 1.3451301229560342, 
        "exp+1": 1.5975720073249458, 
        "exp+2": 1.9036403365431998, 
        "obs": 1.3498629851294284
    }
}