{
    "3500.0": {
        "exp-2": 0.9691059012536741, 
        "exp-1": 1.1060107624399482, 
        "exp0": 1.3151758256279973, 
        "exp+1": 1.6310915113606033, 
        "exp+2": 2.055257043842903, 
        "obs": 1.1328177507058166
    }
}