{
    "5000.0": {
        "exp-2": 1.0702839868464817, 
        "exp-1": 1.6314153214790574, 
        "exp0": 1.9145822247601254, 
        "exp+1": 2.293089881309904, 
        "exp+2": 2.7866500550859445, 
        "obs": 1.6000103576183922
    }
}