{
    "2000.0": {
        "exp-2": 0.542566740659469, 
        "exp-1": 0.6203537617371735, 
        "exp0": 0.738981570758655, 
        "exp+1": 0.9188628367466272, 
        "exp+2": 1.161080656813288, 
        "obs": 0.7402423025134163
    }
}