{
    "5000.0": {
        "exp-2": 1.3404802417629376, 
        "exp-1": 1.5298488979897793, 
        "exp0": 1.819168779328547, 
        "exp+1": 2.256147569354853, 
        "exp+2": 2.8428589818802013, 
        "obs": 1.5640865016213086
    }
}