{
    "9000.0": {
        "exp-2": 1.2664927580724652, 
        "exp-1": 1.6314545601804524, 
        "exp0": 3.020761493398643, 
        "exp+1": 3.7220213790025376, 
        "exp+2": 4.542883730328157, 
        "obs": 3.062740224754894
    }
}