{
    "2500.0": {
        "exp-2": 0.6394472927044249, 
        "exp-1": 0.7324833958537327, 
        "exp0": 0.8741067004901963, 
        "exp+1": 1.085477882655437, 
        "exp+2": 1.369701450215065, 
        "obs": 0.7155599568553165
    }
}