{
    "6500.0": {
        "exp-2": 1.5164100737329431, 
        "exp-1": 1.7370395297228627, 
        "exp0": 2.072890493972125, 
        "exp+1": 2.5708152951721113, 
        "exp+2": 3.2393559972024266, 
        "obs": 2.0795043867518563
    }
}