{
    "1500.0": {
        "exp-2": 0.44799638378863654, 
        "exp-1": 0.5109145856379483, 
        "exp0": 0.6101757559302073, 
        "exp+1": 0.7587033963541838, 
        "exp+2": 0.9564319524753074, 
        "obs": 0.6106074223206401
    }
}