{
    "5000.0": {
        "exp-2": 0.705562182351111, 
        "exp-1": 0.9038521515558288, 
        "exp0": 1.6828640022295325, 
        "exp+1": 2.0789724357359347, 
        "exp+2": 2.5397250675479994, 
        "obs": 1.7067830001378488
    }
}