{
    "4000.0": {
        "exp-2": 0.8626358588651413, 
        "exp-1": 1.3149008363966386, 
        "exp0": 1.5431299053004477, 
        "exp+1": 1.8482024532700185, 
        "exp+2": 2.246005963807583, 
        "obs": 1.290218644216362
    }
}