{
    "1500.0": {
        "exp-2": 0.3403686656964899, 
        "exp-1": 0.522883363881657, 
        "exp0": 0.6246874266066706, 
        "exp+1": 0.7533660297204712, 
        "exp+2": 0.9196005419970554, 
        "obs": 0.5317255981613543
    }
}