{
    "4500.0": {
        "exp-2": 1.0663418593197493, 
        "exp-1": 1.2192217574032977, 
        "exp0": 1.4523687548277813, 
        "exp+1": 1.8059011894730388, 
        "exp+2": 2.2711272676485863, 
        "obs": 1.1887648269744202
    }
}