{
    "4500.0": {
        "exp-2": 0.635007771008918, 
        "exp-1": 0.8090996012279229, 
        "exp0": 1.5062370173104511, 
        "exp+1": 1.8680471572151465, 
        "exp+2": 2.2849298348703755, 
        "obs": 1.2976977997003702
    }
}