{
    "3500.0": {
        "exp-2": 0.9363273916611646, 
        "exp-1": 1.165326398795756, 
        "exp0": 1.3675936722273485, 
        "exp+1": 1.64250830684518, 
        "exp+2": 2.001435956446358, 
        "obs": 1.3184152170379995
    }
}