{
    "4000.0": {
        "exp-2": 0.5665745978265737, 
        "exp-1": 0.7258037584179642, 
        "exp0": 1.3513592694024783, 
        "exp+1": 1.6759665504568169, 
        "exp+2": 2.0473672988237173, 
        "obs": 1.600342874499542
    }
}