{
    "4000.0": {
        "exp-2": 1.0913925377565314, 
        "exp-1": 1.2455727375893608, 
        "exp0": 1.4811312921657447, 
        "exp+1": 1.8369108176722404, 
        "exp+2": 2.314599604739712, 
        "obs": 1.2749797076408558
    }
}