{
    "5000.0": {
        "exp-2": 0.7050754198355308, 
        "exp-1": 0.9032285901490398, 
        "exp0": 1.6817030058842137, 
        "exp+1": 2.0802494748599334, 
        "exp+2": 2.542376143027762, 
        "obs": 1.7088117677177668
    }, 
    "3000.0": {
        "exp-2": 0.43215731942253244, 
        "exp-1": 0.5521665156575618, 
        "exp0": 1.0250762166785454, 
        "exp+1": 1.2745980433230104, 
        "exp+2": 1.5583140186738, 
        "obs": 1.041543168597809
    }, 
    "2500.0": {
        "exp-2": 0.3651873716412576, 
        "exp-1": 0.4654027318732487, 
        "exp0": 0.8615030470056388, 
        "exp+1": 1.0739664232237314, 
        "exp+2": 1.3156772485356936, 
        "obs": 1.0321783152970823
    }, 
    "4500.0": {
        "exp-2": 0.6354113302371543, 
        "exp-1": 0.813986225911416, 
        "exp0": 1.5155444566227676, 
        "exp+1": 1.8771532410514638, 
        "exp+2": 2.295125593517869, 
        "obs": 1.5397542707459684
    }, 
    "3500.0": {
        "exp-2": 0.4985636106136558, 
        "exp-1": 0.6386790610559508, 
        "exp0": 1.189143599402528, 
        "exp+1": 1.4747853559364477, 
        "exp+2": 1.803905763621903, 
        "obs": 1.2082934800680267
    }, 
    "1000.0": {
        "exp-2": 0.17277706286468825, 
        "exp-1": 0.22092704891214338, 
        "exp0": 0.3710731902199349, 
        "exp+1": 0.47833667445206635, 
        "exp+2": 0.5932518224322478, 
        "obs": 0.3795747621313243
    }, 
    "2000.0": {
        "exp-2": 0.29880897610215584, 
        "exp-1": 0.3809471616075235, 
        "exp0": 0.6973723001381686, 
        "exp+1": 0.8760218103602602, 
        "exp+2": 1.072811300542057, 
        "obs": 0.8430443484780945
    }, 
    "4000.0": {
        "exp-2": 0.5668774979272417, 
        "exp-1": 0.7261917645058085, 
        "exp0": 1.352081728298996, 
        "exp+1": 1.674688307385927, 
        "exp+2": 2.047579229216944, 
        "obs": 1.373162638086237
    }, 
    "1500.0": {
        "exp-2": 0.23362510241102624, 
        "exp-1": 0.29800461135727035, 
        "exp0": 0.5340002340823456, 
        "exp+1": 0.6783801253704892, 
        "exp+2": 0.8339362030053519, 
        "obs": 0.5447306332776457
    }
}