{
    "3000.0": {
        "exp-2": 0.43215731942253244, 
        "exp-1": 0.5521665156575618, 
        "exp0": 1.0250762166785454, 
        "exp+1": 1.2745980433230104, 
        "exp+2": 1.5583140186738, 
        "obs": 1.041543168597809
    }
}