{
    "8500.0": {
        "exp-2": 1.1973787288542002, 
        "exp-1": 1.5424241275768007, 
        "exp0": 2.8559149146989657, 
        "exp+1": 3.5189062107571125, 
        "exp+2": 4.294973167539897, 
        "obs": 2.893888991000398
    }
}