{
    "1000.0": {
        "exp-2": 0.1713003120077552, 
        "exp-1": 0.21903875570544132, 
        "exp0": 0.3679015744196598, 
        "exp+1": 0.4765180817212483, 
        "exp+2": 0.5888258127129417, 
        "obs": 0.3382493609280541
    }
}