{
    "1000.0": {
        "exp-2": 0.4090778342418964, 
        "exp-1": 0.4668679442632165, 
        "exp0": 0.5551604551482971, 
        "exp+1": 0.6894059854013004, 
        "exp+2": 0.867844684843321, 
        "obs": 0.49438761819747584
    }
}