{
    "4500.0": {
        "exp-2": 0.6157271092349881, 
        "exp-1": 0.768142841898561, 
        "exp0": 1.3863170633011772, 
        "exp+1": 1.648813286203699, 
        "exp+2": 1.925494932977809, 
        "obs": 1.4088877394485795
    }
}