{
    "3000.0": {
        "exp-2": 0.7428861842923854, 
        "exp-1": 0.8509721021730136, 
        "exp0": 1.015504800579495, 
        "exp+1": 1.261067981421251, 
        "exp+2": 1.587469779500393, 
        "obs": 0.8311134723560147
    }
}