{
    "4000.0": {
        "exp-2": 1.191722540223559, 
        "exp-1": 1.3600762849337655, 
        "exp0": 1.6172893694798616, 
        "exp+1": 2.00577510073543, 
        "exp+2": 2.527377144594385, 
        "obs": 1.406394384204504
    }
}