{
    "2500.0": {
        "exp-2": 0.6441701166308138, 
        "exp-1": 0.7378933811085786, 
        "exp0": 0.8805626752253357, 
        "exp+1": 1.0934949850064206, 
        "exp+2": 1.379817801831871, 
        "obs": 0.882691995816554
    }
}