{
    "1500.0": {
        "exp-2": 0.44657509817367813, 
        "exp-1": 0.5115493610538046, 
        "exp0": 0.610455777235718, 
        "exp+1": 0.7580724840458891, 
        "exp+2": 0.9565676130515192, 
        "obs": 0.6096709690346759
    }
}