{
    "1500.0": {
        "exp-2": 0.3778456365285674, 
        "exp-1": 0.5291103865013348, 
        "exp0": 0.6302901023172354, 
        "exp+1": 0.7611636755845341, 
        "exp+2": 0.9296397990323049, 
        "obs": 0.6201597044093012
    }
}