{
    "1000.0": {
        "exp-2": 0.24692938483248605, 
        "exp-1": 0.3636449203581738, 
        "exp0": 0.4417207154755505, 
        "exp+1": 0.5363477543560977, 
        "exp+2": 0.6573721737130821, 
        "obs": 0.3766777443352938
    }
}