{
    "3000.0": {
        "exp-2": 0.8486943019631167, 
        "exp-1": 0.9661405242746633, 
        "exp0": 1.1517649603290847, 
        "exp+1": 1.4284280534731089, 
        "exp+2": 1.799890856612807, 
        "obs": 0.9930285466714855
    }
}