{
    "5000.0": {
        "exp-2": 1.1767398817033798, 
        "exp-1": 1.3420053733740849, 
        "exp0": 1.6027320127309395, 
        "exp+1": 1.9902949300581338, 
        "exp+2": 2.511437573868593, 
        "obs": 1.3106309827315143
    }, 
    "3000.0": {
        "exp-2": 0.7428861842923854, 
        "exp-1": 0.8509721021730136, 
        "exp0": 1.015504800579495, 
        "exp+1": 1.261067981421251, 
        "exp+2": 1.587469779500393, 
        "obs": 0.8311257707815035
    }, 
    "2500.0": {
        "exp-2": 0.6394472927044249, 
        "exp-1": 0.7324833958537327, 
        "exp0": 0.8741067004901963, 
        "exp+1": 1.085477882655437, 
        "exp+2": 1.369701450215065, 
        "obs": 0.7155599568553165
    }, 
    "4500.0": {
        "exp-2": 1.0663418593197493, 
        "exp-1": 1.2192217574032977, 
        "exp0": 1.4523687548277813, 
        "exp+1": 1.8059011894730388, 
        "exp+2": 2.2765438710054653, 
        "obs": 1.1887693431437618
    }, 
    "3500.0": {
        "exp-2": 0.8485000910424547, 
        "exp-1": 0.9719522525221398, 
        "exp0": 1.1598760606884435, 
        "exp+1": 1.4403502361562657, 
        "exp+2": 1.8131556147318526, 
        "obs": 0.9485237494995694
    }, 
    "1000.0": {
        "exp-2": 0.36161411411555866, 
        "exp-1": 0.413458203253661, 
        "exp0": 0.4925222015701785, 
        "exp+1": 0.6124108814099996, 
        "exp+2": 0.7738460656155963, 
        "obs": 0.39313219811386646
    }, 
    "2000.0": {
        "exp-2": 0.5414011714196189, 
        "exp-1": 0.6174374569173582, 
        "exp0": 0.7373940521044844, 
        "exp+1": 0.9168888964181751, 
        "exp+2": 1.1585863582609368, 
        "obs": 0.6058968693966854
    }, 
    "4000.0": {
        "exp-2": 0.9555680592190768, 
        "exp-1": 1.094598059892181, 
        "exp0": 1.306235029508964, 
        "exp+1": 1.6221008849090595, 
        "exp+2": 2.041948636364545, 
        "obs": 1.0679050362487978
    }, 
    "1500.0": {
        "exp-2": 0.4467903177013961, 
        "exp-1": 0.5095391190478933, 
        "exp0": 0.608533082026712, 
        "exp+1": 0.7566608841782938, 
        "exp+2": 0.9561212378183627, 
        "obs": 0.5045614020871664
    }
}