{
    "3000.0": {
        "exp-2": 0.8839490545467471, 
        "exp-1": 1.0088238631650097, 
        "exp0": 1.1996093014636648, 
        "exp+1": 1.4877650048908369, 
        "exp+2": 1.8746584263254644, 
        "obs": 1.1217022592048826
    }
}