{
    "2500.0": {
        "exp-2": 0.3651873716412576, 
        "exp-1": 0.4654027318732487, 
        "exp0": 0.8615030470056388, 
        "exp+1": 1.0739664232237314, 
        "exp+2": 1.3156772485356936, 
        "obs": 1.0321783152970823
    }
}