{
    "2500.0": {
        "exp-2": 0.7293419536436225, 
        "exp-1": 0.8323755402649895, 
        "exp0": 0.9897916507633963, 
        "exp+1": 1.2291370754667135, 
        "exp+2": 1.5472741430867207, 
        "obs": 0.8557294071281274
    }
}