{
    "1500.0": {
        "exp-2": 0.23416983048387807, 
        "exp-1": 0.29722889085495136, 
        "exp0": 0.5325352045072096, 
        "exp+1": 0.6765189802167346, 
        "exp+2": 0.8335469369515909, 
        "obs": 0.543623801553611
    }
}