{
    "5500.0": {
        "exp-2": 1.2962865758460782, 
        "exp-1": 1.478341620220252, 
        "exp0": 1.7655558614781919, 
        "exp+1": 2.1953235775271005, 
        "exp+2": 2.7674551043362206, 
        "obs": 1.773405186082027
    }
}