{
    "3000.0": {
        "exp-2": 0.6468919926867073, 
        "exp-1": 0.9964649182090836, 
        "exp0": 1.1719375085054058, 
        "exp+1": 1.4075212031202127, 
        "exp+2": 1.712596628846024, 
        "obs": 0.9853765229237245
    }
}