{
    "4500.0": {
        "exp-2": 0.8371267682723699, 
        "exp-1": 1.3960830218431797, 
        "exp0": 1.6742535365447397, 
        "exp+1": 2.016362136778034, 
        "exp+2": 2.456335408907392, 
        "obs": 1.435243165428461
    }
}