{
    "2000.0": {
        "exp-2": 0.29880897610215584, 
        "exp-1": 0.3809471616075235, 
        "exp0": 0.6973723001381686, 
        "exp+1": 0.8760218103602602, 
        "exp+2": 1.072811300542057, 
        "obs": 0.8430443484780945
    }
}