{
    "7500.0": {
        "exp-2": 1.0572884595599963, 
        "exp-1": 1.3619644232317252, 
        "exp0": 2.521780125229002, 
        "exp+1": 3.107203199555452, 
        "exp+2": 3.792472264710854, 
        "obs": 2.556424922947625
    }
}