{
    "4500.0": {
        "exp-2": 1.2129670393947818, 
        "exp-1": 1.4850758554370136, 
        "exp0": 1.7428424784335985, 
        "exp+1": 2.0931899047520646, 
        "exp+2": 2.546881740069686, 
        "obs": 1.675047520267819
    }
}