{
    "4000.0": {
        "exp-2": 0.5736604428675011, 
        "exp-1": 0.7329647646185543, 
        "exp0": 1.3607213160673275, 
        "exp+1": 1.6810045623308911, 
        "exp+2": 2.056223132297101, 
        "obs": 1.379949811998203
    }
}