{
    "5000.0": {
        "exp-2": 0.703125, 
        "exp-1": 0.9007300277134692, 
        "exp0": 1.6770509831248424, 
        "exp+1": 2.077195153116837, 
        "exp+2": 2.539709484126763, 
        "obs": 1.7024210584371877
    }, 
    "3000.0": {
        "exp-2": 0.4310312759962498, 
        "exp-1": 0.5507277875343902, 
        "exp0": 1.0224052639936172, 
        "exp+1": 1.2712769229254806, 
        "exp+2": 1.5581756260401756, 
        "obs": 1.0396681063200097
    }, 
    "2500.0": {
        "exp-2": 0.36422508440437623, 
        "exp-1": 0.464176372081894, 
        "exp0": 0.85923294280422, 
        "exp+1": 1.072509293238073, 
        "exp+2": 1.3127446627779904, 
        "obs": 0.874189240854174
    }, 
    "4500.0": {
        "exp-2": 0.6341132229915077, 
        "exp-1": 0.8123232942776644, 
        "exp0": 1.5124483146979166, 
        "exp+1": 1.875750455083211, 
        "exp+2": 2.2914240506375263, 
        "obs": 1.535929044521915
    }, 
    "3500.0": {
        "exp-2": 0.4999389611180049, 
        "exp-1": 0.6352255695423787, 
        "exp0": 1.1858541225631423, 
        "exp+1": 1.4726101895928039, 
        "exp+2": 1.8019681978287874, 
        "obs": 1.2038965647618074
    }, 
    "1000.0": {
        "exp-2": 0.17281349215472758, 
        "exp-1": 0.2195370344166933, 
        "exp0": 0.3694907853793275, 
        "exp+1": 0.47857648501388717, 
        "exp+2": 0.5925974199627688, 
        "obs": 0.37826284464367715
    }, 
    "2000.0": {
        "exp-2": 0.2984487456554666, 
        "exp-1": 0.3784492528966242, 
        "exp0": 0.6965315772304017, 
        "exp+1": 0.8738599230011743, 
        "exp+2": 1.0711019347342108, 
        "obs": 0.708361277293267
    }, 
    "4000.0": {
        "exp-2": 0.5685546644362167, 
        "exp-1": 0.7224090978334702, 
        "exp0": 1.348610404765534, 
        "exp+1": 1.6725573706943986, 
        "exp+2": 2.0484211447475293, 
        "obs": 1.3697355799352093
    }, 
    "1500.0": {
        "exp-2": 0.23416983048387807, 
        "exp-1": 0.29722889085495136, 
        "exp0": 0.5325352045072096, 
        "exp+1": 0.6765189802167346, 
        "exp+2": 0.8335469369515909, 
        "obs": 0.543623801553611
    }
}