{
    "5000.0": {
        "exp-2": 0.9274460836507269, 
        "exp-1": 1.5467092251814343, 
        "exp0": 1.8548921673014538, 
        "exp+1": 2.233911639632168, 
        "exp+2": 2.717424266781122, 
        "obs": 1.5922836392762005
    }, 
    "3000.0": {
        "exp-2": 0.5676844413932797, 
        "exp-1": 0.9407293014743103, 
        "exp0": 1.1353688827865593, 
        "exp+1": 1.369242099805339, 
        "exp+2": 1.6665868104241337, 
        "obs": 0.9718803712348814
    }, 
    "2500.0": {
        "exp-2": 0.4780330793993236, 
        "exp-1": 0.7904729040956274, 
        "exp0": 0.9560661587986472, 
        "exp+1": 1.154583942069466, 
        "exp+2": 1.4081349349740242, 
        "obs": 0.8181192938353119
    }, 
    "4500.0": {
        "exp-2": 0.8371267682723699, 
        "exp-1": 1.3960830218431797, 
        "exp0": 1.6742535365447397, 
        "exp+1": 2.016362136778034, 
        "exp+2": 2.456335408907392, 
        "obs": 1.435243165428461
    }, 
    "3500.0": {
        "exp-2": 0.6566962813664049, 
        "exp-1": 1.0928679588149512, 
        "exp0": 1.3133925627328098, 
        "exp+1": 1.583936659991488, 
        "exp+2": 1.9279044249259791, 
        "obs": 1.1249305559486407
    }, 
    "1000.0": {
        "exp-2": 0.22178076233742355, 
        "exp-1": 0.3308012112922529, 
        "exp0": 0.42412593591970743, 
        "exp+1": 0.5205232142018065, 
        "exp+2": 0.6386646655314492, 
        "obs": 0.36305849206135443
    }, 
    "2000.0": {
        "exp-2": 0.38956104340595393, 
        "exp-1": 0.6358398268765116, 
        "exp0": 0.7791220868119079, 
        "exp+1": 0.9434673176488882, 
        "exp+2": 1.1503089137437252, 
        "obs": 0.6652230061995505
    }, 
    "4000.0": {
        "exp-2": 0.7468684702950908, 
        "exp-1": 1.2455585251070533, 
        "exp0": 1.4937369405901817, 
        "exp+1": 1.7989597334540623, 
        "exp+2": 2.1914954617814724, 
        "obs": 1.2798676500385366
    }, 
    "1500.0": {
        "exp-2": 0.3032191179594284, 
        "exp-1": 0.48307106415289713, 
        "exp0": 0.6017552351904145, 
        "exp+1": 0.731652509324987, 
        "exp+2": 0.8934914154831505, 
        "obs": 0.513259893113713
    }
}