{
    "3500.0": {
        "exp-2": 1.0078669688564688, 
        "exp-1": 1.1523634052216738, 
        "exp0": 1.3727253826451022, 
        "exp+1": 1.6980472428677067, 
        "exp+2": 2.143795477826822, 
        "obs": 1.2809643823632477
    }
}