{
    "5000.0": {
        "exp-2": 1.1607282365233043, 
        "exp-1": 1.2953397557022006, 
        "exp0": 1.4869221566712898, 
        "exp+1": 1.740843592397878, 
        "exp+2": 2.049121468402214, 
        "obs": 1.5181341176791225
    }, 
    "3000.0": {
        "exp-2": 0.7350811100016447, 
        "exp-1": 0.8203296477932417, 
        "exp0": 0.9416574483324602, 
        "exp+1": 1.102464131055093, 
        "exp+2": 1.2954634832685323, 
        "obs": 0.960929599521831
    }, 
    "2500.0": {
        "exp-2": 0.6314365828831309, 
        "exp-1": 0.7060806881666601, 
        "exp0": 0.808886194096549, 
        "exp+1": 0.9483955172904627, 
        "exp+2": 1.1155221971862153, 
        "obs": 0.8259539115745456
    }, 
    "8000.0": {
        "exp-2": 1.8176784859058546, 
        "exp-1": 2.032551979066568, 
        "exp0": 2.3284920012746446, 
        "exp+1": 2.7300891530497413, 
        "exp+2": 3.2111866800933857, 
        "obs": 2.3786547428182723
    }, 
    "4500.0": {
        "exp-2": 1.0532107717297141, 
        "exp-1": 1.1753533177082345, 
        "exp0": 1.3491895715576814, 
        "exp+1": 1.5795904474979525, 
        "exp+2": 1.8561163806025376, 
        "obs": 1.377839532856181
    }, 
    "3500.0": {
        "exp-2": 0.8379793987063465, 
        "exp-1": 0.9370395801371746, 
        "exp0": 1.0734727523323542, 
        "exp+1": 1.258615557282173, 
        "exp+2": 1.48040932407736, 
        "obs": 1.0980197908615579
    }, 
    "1000.0": {
        "exp-2": 0.3526675341570833, 
        "exp-1": 0.39435747304137536, 
        "exp0": 0.45177600921253, 
        "exp+1": 0.5304616239403367, 
        "exp+2": 0.6234833196184586, 
        "obs": 0.4602473952338994
    }, 
    "7500.0": {
        "exp-2": 1.7097063207244103, 
        "exp-1": 1.907983710677311, 
        "exp0": 2.190176933491904, 
        "exp+1": 2.564193073228062, 
        "exp+2": 3.0130852791574116, 
        "obs": 2.234167084309373
    }, 
    "2000.0": {
        "exp-2": 0.5316304359328539, 
        "exp-1": 0.5942490638626037, 
        "exp0": 0.6832253471586077, 
        "exp+1": 0.7998996254417553, 
        "exp+2": 0.9415500895039636, 
        "obs": 0.6967930099523768
    }, 
    "6000.0": {
        "exp-2": 1.379962635363726, 
        "exp-1": 1.5399991201423013, 
        "exp0": 1.7677669529663689, 
        "exp+1": 2.069648261846658, 
        "exp+2": 2.4277693361571564, 
        "obs": 1.8026238448129572
    }, 
    "4000.0": {
        "exp-2": 0.9447958298787363, 
        "exp-1": 1.0543653208000587, 
        "exp0": 1.2103072956898178, 
        "exp+1": 1.4169912620872667, 
        "exp+2": 1.667919578095461, 
        "obs": 1.2369882355180477
    }, 
    "1500.0": {
        "exp-2": 0.4384232724437795, 
        "exp-1": 0.4892679240082246, 
        "exp0": 0.5616312736128571, 
        "exp+1": 0.6584963272820706, 
        "exp+2": 0.7745368542679116, 
        "obs": 0.5731927982917786
    }, 
    "9000.0": {
        "exp-2": 2.042158210386747, 
        "exp-1": 2.2789905803196175, 
        "exp0": 2.6160561920570435, 
        "exp+1": 3.062799711548093, 
        "exp+2": 3.5927705176326814, 
        "obs": 2.668328419961107
    }, 
    "8500.0": {
        "exp-2": 1.929481896941508, 
        "exp-1": 2.1532470137042723, 
        "exp0": 2.4717149916606487, 
        "exp+1": 2.8938092812713263, 
        "exp+2": 3.4062604991506054, 
        "obs": 2.5233883604475134
    }, 
    "5500.0": {
        "exp-2": 1.2685152184246746, 
        "exp-1": 1.4184703937892538, 
        "exp0": 1.625, 
        "exp+1": 1.9025009685619159, 
        "exp+2": 2.239405910354205, 
        "obs": 1.6596722262423573
    }, 
    "7000.0": {
        "exp-2": 1.5974222398915072, 
        "exp-1": 1.786258549172596, 
        "exp0": 2.0463381929681126, 
        "exp+1": 2.3957910506345876, 
        "exp+2": 2.820050425518278, 
        "obs": 2.0899430475083123
    }, 
    "6500.0": {
        "exp-2": 1.4894649574175955, 
        "exp-1": 1.6622006024831983, 
        "exp0": 1.9080421903092184, 
        "exp+1": 2.233878233846591, 
        "exp+2": 2.6249449587909703, 
        "obs": 1.9460804410959684
    }
}