{
    "3000.0": {
        "exp-2": 0.7817498324778017, 
        "exp-1": 1.0050584882351672, 
        "exp0": 1.1818946754435684, 
        "exp+1": 1.4194799519971053, 
        "exp+2": 1.7321898983507449, 
        "obs": 1.1415331850840618
    }
}