{
    "4500.0": {
        "exp-2": 1.2662758743037592, 
        "exp-1": 1.445161718803004, 
        "exp0": 1.71846588560844, 
        "exp+1": 2.131255087748521, 
        "exp+2": 2.6854881030500835, 
        "obs": 1.6064294801617192
    }
}