{
    "4500.0": {
        "exp-2": 0.639719252997946, 
        "exp-1": 0.8240654246828433, 
        "exp0": 1.5258194519667128, 
        "exp+1": 1.8849630776186561, 
        "exp+2": 2.3027183266841647, 
        "obs": 1.5473252735007081
    }
}