{
    "5000.0": {
        "exp-2": 1.3404802417629376, 
        "exp-1": 1.5298488979897793, 
        "exp0": 1.819168779328547, 
        "exp+1": 2.256147569354853, 
        "exp+2": 2.8428589818802013, 
        "obs": 1.5640865016213086
    }, 
    "3000.0": {
        "exp-2": 0.8486943019631167, 
        "exp-1": 0.9661405242746633, 
        "exp0": 1.1517649603290847, 
        "exp+1": 1.4284280534731089, 
        "exp+2": 1.799890856612807, 
        "obs": 0.9930285466714855
    }, 
    "2500.0": {
        "exp-2": 0.7293419536436225, 
        "exp-1": 0.8323755402649895, 
        "exp0": 0.9897916507633963, 
        "exp+1": 1.2291370754667135, 
        "exp+2": 1.5472741430867207, 
        "obs": 0.8557294071281274
    }, 
    "4500.0": {
        "exp-2": 1.2170811989902761, 
        "exp-1": 1.3855065003527902, 
        "exp0": 1.651703694785306, 
        "exp+1": 2.0458000796762663, 
        "exp+2": 2.5803178189308182, 
        "obs": 1.418973502518476
    }, 
    "3500.0": {
        "exp-2": 0.9691059012536741, 
        "exp-1": 1.1060107624399482, 
        "exp0": 1.3151758256279973, 
        "exp+1": 1.6310915113606033, 
        "exp+2": 2.055257043842903, 
        "obs": 1.1328177507058166
    }, 
    "1000.0": {
        "exp-2": 0.4090778342418964, 
        "exp-1": 0.4668679442632165, 
        "exp0": 0.5551604551482971, 
        "exp+1": 0.6894059854013004, 
        "exp+2": 0.867844684843321, 
        "obs": 0.49438761819747584
    }, 
    "2000.0": {
        "exp-2": 0.6158163315547246, 
        "exp-1": 0.7010358290596936, 
        "exp0": 0.835725739654421, 
        "exp+1": 1.0364737134140585, 
        "exp+2": 1.3060087720450775, 
        "obs": 0.7247485934329906
    }, 
    "4000.0": {
        "exp-2": 1.0913925377565314, 
        "exp-1": 1.2455727375893608, 
        "exp0": 1.4811312921657447, 
        "exp+1": 1.8369108176722404, 
        "exp+2": 2.314599604739712, 
        "obs": 1.2749797076408558
    }, 
    "1500.0": {
        "exp-2": 0.506434434096448, 
        "exp-1": 0.5775598650615135, 
        "exp0": 0.6897689917073172, 
        "exp+1": 0.8543478184403643, 
        "exp+2": 1.0775680762113984, 
        "obs": 0.6020190159537153
    }
}