{
    "1500.0": {
        "exp-2": 0.23382503835040916, 
        "exp-1": 0.2982596431637726, 
        "exp0": 0.534457230515221, 
        "exp+1": 0.6772816269841445, 
        "exp+2": 0.8340741718914818, 
        "obs": 0.66579679763524
    }
}