{
    "5000.0": {
        "exp-2": 1.3409855373350816, 
        "exp-1": 1.6463613588617922, 
        "exp0": 1.9267849115475841, 
        "exp+1": 2.314108624149963, 
        "exp+2": 2.8156838092314476, 
        "obs": 1.853472649959993
    }, 
    "3000.0": {
        "exp-2": 0.7804370846973694, 
        "exp-1": 1.003370683952792, 
        "exp0": 1.1799099440881673, 
        "exp+1": 1.4170962505131344, 
        "exp+2": 1.724247065987012, 
        "obs": 1.1407615892869925
    }, 
    "2500.0": {
        "exp-2": 0.6459572247657236, 
        "exp-1": 0.8451802176661304, 
        "exp0": 0.9945162080524735, 
        "exp+1": 1.1960837674612008, 
        "exp+2": 1.4583224795709613, 
        "obs": 0.9651378496177837
    }, 
    "4500.0": {
        "exp-2": 1.211093769449985, 
        "exp-1": 1.4827823326330227, 
        "exp0": 1.7401508692305148, 
        "exp+1": 2.087067601540707, 
        "exp+2": 2.5416037650741146, 
        "obs": 1.674178692377379
    }, 
    "3500.0": {
        "exp-2": 0.9351533129653127, 
        "exp-1": 1.1638651943045684, 
        "exp0": 1.3658788466924356, 
        "exp+1": 1.6404487878537015, 
        "exp+2": 1.99601049678848, 
        "obs": 1.3176387029753305
    }, 
    "1000.0": {
        "exp-2": 0.2692678657358373, 
        "exp-1": 0.3687265687707263, 
        "exp0": 0.4443657665929811, 
        "exp+1": 0.5402883054524239, 
        "exp+2": 0.6616222874254107, 
        "obs": 0.4488362549420109
    }, 
    "2000.0": {
        "exp-2": 0.5072111824415447, 
        "exp-1": 0.6859082087560465, 
        "exp0": 0.8115379065957782, 
        "exp+1": 0.9773635325575674, 
        "exp+2": 1.1906256948554146, 
        "obs": 0.7912919234574849
    }, 
    "4000.0": {
        "exp-2": 1.062729754570747, 
        "exp-1": 1.322643186681581, 
        "exp0": 1.552216142267656, 
        "exp+1": 1.8642437446267275, 
        "exp+2": 2.2683122154708437, 
        "obs": 1.4955023208544957
    }, 
    "1500.0": {
        "exp-2": 0.37672941457809905, 
        "exp-1": 0.5275473025206989, 
        "exp0": 0.6284280937701111, 
        "exp+1": 0.7589150499694075, 
        "exp+2": 0.925575652007996, 
        "obs": 0.6192815255919777
    }
}