{
    "8500.0": {
        "exp-2": 1.9654920960633497, 
        "exp-1": 2.2514605550036415, 
        "exp0": 2.6867731575255847, 
        "exp+1": 3.3321574680263284, 
        "exp+2": 4.198685240454813, 
        "obs": 2.696079968293393
    }
}