{
    "2000.0": {
        "exp-2": 0.6421190610554911, 
        "exp-1": 0.7309784360515162, 
        "exp0": 0.8714212392167993, 
        "exp+1": 1.0807435674359007, 
        "exp+2": 1.3617910202904577, 
        "obs": 0.8162679268255588
    }
}