{
    "5000.0": {
        "exp-2": 0.7034764788897276, 
        "exp-1": 0.898830427409725, 
        "exp0": 1.6686446453083665, 
        "exp+1": 2.06946635679155, 
        "exp+2": 2.531298695790521, 
        "obs": 1.4372407873865267
    }, 
    "3000.0": {
        "exp-2": 0.4304680410611222, 
        "exp-1": 0.5485978373063167, 
        "exp0": 1.015504800579495, 
        "exp+1": 1.2675705073381947, 
        "exp+2": 1.5514983625879724, 
        "obs": 0.8828587262350583
    }, 
    "2500.0": {
        "exp-2": 0.36386672392082064, 
        "exp-1": 0.46255023528829026, 
        "exp0": 0.8537600797893152, 
        "exp+1": 1.068400882563196, 
        "exp+2": 1.311861973044028, 
        "obs": 0.7453593474491814
    }, 
    "4500.0": {
        "exp-2": 0.635007771008918, 
        "exp-1": 0.8090996012279229, 
        "exp0": 1.5062370173104511, 
        "exp+1": 1.8680471572151465, 
        "exp+2": 2.2849298348703755, 
        "obs": 1.2977024036841491
    }, 
    "3500.0": {
        "exp-2": 0.4993159412939189, 
        "exp-1": 0.6345899837752391, 
        "exp0": 1.1779219191795847, 
        "exp+1": 1.4665358878841903, 
        "exp+2": 1.7981756395853938, 
        "obs": 1.0211892336709683
    }, 
    "1000.0": {
        "exp-2": 0.1713003120077552, 
        "exp-1": 0.21903875570544132, 
        "exp0": 0.3679015744196598, 
        "exp+1": 0.4765180817212483, 
        "exp+2": 0.5888258127129417, 
        "obs": 0.3382493609280541
    }, 
    "2000.0": {
        "exp-2": 0.296278190539058, 
        "exp-1": 0.3777206986485057, 
        "exp0": 0.6914658386069875, 
        "exp+1": 0.8707936201820369, 
        "exp+2": 1.0696434101509977, 
        "obs": 0.6082198015894481
    }, 
    "4000.0": {
        "exp-2": 0.5656163726064376, 
        "exp-1": 0.722686849410231, 
        "exp0": 1.341640768729202, 
        "exp+1": 1.668220018672802, 
        "exp+2": 2.039553294546722, 
        "obs": 1.1584127942153322
    }, 
    "1500.0": {
        "exp-2": 0.2327138365268721, 
        "exp-1": 0.2961268031611681, 
        "exp0": 0.5292240669877656, 
        "exp+1": 0.6723125940081488, 
        "exp+2": 0.8283642117471437, 
        "obs": 0.4734052585619108
    }
}