{
    "1000.0": {
        "exp-2": 0.42659040436631923, 
        "exp-1": 0.48562394909149714, 
        "exp0": 0.5789268191411838, 
        "exp+1": 0.717989643776675, 
        "exp+2": 0.9047029049209098, 
        "obs": 0.5580548751261216
    }
}