{
    "4500.0": {
        "exp-2": 1.0712672520854098, 
        "exp-1": 1.221719791476797, 
        "exp0": 1.459077191241094, 
        "exp+1": 1.8142425447762616, 
        "exp+2": 2.281617539988988, 
        "obs": 1.4649090727055893
    }
}