{
    "3500.0": {
        "exp-2": 0.6566962813664049, 
        "exp-1": 1.0928679588149512, 
        "exp0": 1.3133925627328098, 
        "exp+1": 1.583936659991488, 
        "exp+2": 1.9279044249259791, 
        "obs": 1.1249305559486407
    }
}