{
    "4000.0": {
        "exp-2": 1.0647953148375513, 
        "exp-1": 1.3252139782416785, 
        "exp0": 1.5552331168296654, 
        "exp+1": 1.8678671904572133, 
        "exp+2": 2.2727210105462934, 
        "obs": 1.496297870945201
    }
}