{
    "4000.0": {
        "exp-2": 0.9410382259785403, 
        "exp-1": 1.0614428590514475, 
        "exp0": 1.2418484015032931, 
        "exp+1": 1.4976552279712132, 
        "exp+2": 1.8228861415668771, 
        "obs": 1.2462468475861002
    }
}