{
    "3000.0": {
        "exp-2": 0.4319564561444623, 
        "exp-1": 0.5519098663116563, 
        "exp0": 1.0245997694221876, 
        "exp+1": 1.2740055993524504, 
        "exp+2": 1.55758971187072, 
        "obs": 1.2206944791158845
    }
}