{
    "1500.0": {
        "exp-2": 0.2327138365268721, 
        "exp-1": 0.2961268031611681, 
        "exp0": 0.5292240669877656, 
        "exp+1": 0.6723125940081488, 
        "exp+2": 0.8283642117471437, 
        "obs": 0.4734054429556568
    }
}