{
    "2500.0": {
        "exp-2": 0.8710587156631937, 
        "exp-1": 0.9334716078532608, 
        "exp0": 1.0387981336621663, 
        "exp+1": 1.2001727158706064, 
        "exp+2": 1.4222906993152857, 
        "obs": 1.0321402355370188
    }
}