{
    "2500.0": {
        "exp-2": 0.4780330793993236, 
        "exp-1": 0.7904729040956274, 
        "exp0": 0.9560661587986472, 
        "exp+1": 1.154583942069466, 
        "exp+2": 1.4081349349740242, 
        "obs": 0.8181192938353119
    }
}