{
    "4000.0": {
        "exp-2": 0.9616803655083938, 
        "exp-1": 1.0967421339808148, 
        "exp0": 1.3098187079453842, 
        "exp+1": 1.6286519169935252, 
        "exp+2": 2.053101017781416, 
        "obs": 1.3149617187600506
    }
}