{
    "2000.0": {
        "exp-2": 0.6740267916838834, 
        "exp-1": 0.7692460436863366, 
        "exp0": 0.9147233123076459, 
        "exp+1": 1.1344471154527629, 
        "exp+2": 1.429460184338696, 
        "obs": 0.7943380454638276
    }
}