{
    "3500.0": {
        "exp-2": 0.5040879033043865, 
        "exp-1": 0.6440720743192312, 
        "exp0": 1.195695404356812, 
        "exp+1": 1.4790629856504558, 
        "exp+2": 1.8099684959114666, 
        "obs": 1.2143093961059053
    }
}