{
    "1000.0": {
        "exp-2": 0.27006570376433886, 
        "exp-1": 0.3684890082077373, 
        "exp0": 0.44568240546328003, 
        "exp+1": 0.5426192222064404, 
        "exp+2": 0.6657161990447531, 
        "obs": 0.4496426906254232
    }
}