{
    "3500.0": {
        "exp-2": 0.8538753353850351, 
        "exp-1": 0.9737965896586686, 
        "exp0": 1.1629871291205247, 
        "exp+1": 1.446078947827192, 
        "exp+2": 1.8229469587443135, 
        "obs": 1.1671814125260491
    }
}