{
    "9000.0": {
        "exp-2": 2.0847521210566016, 
        "exp-1": 2.3775420387955783, 
        "exp0": 2.839454172900137, 
        "exp+1": 3.5260737467911896, 
        "exp+2": 4.438726121456338, 
        "obs": 2.850946593856694
    }
}