{
    "7500.0": {
        "exp-2": 1.7398211227199478, 
        "exp-1": 1.992955676805662, 
        "exp0": 2.378287198805056, 
        "exp+1": 2.953390119651066, 
        "exp+2": 3.7178151213761823, 
        "obs": 2.3870149281772184
    }
}