{
    "2500.0": {
        "exp-2": 0.6438650676514427, 
        "exp-1": 0.7342917212483884, 
        "exp0": 0.8769509500251426, 
        "exp+1": 1.0904164330717037, 
        "exp+2": 1.3745939348746115, 
        "obs": 0.8785036395264832
    }
}