{
    "4500.0": {
        "exp-2": 1.3271227926060036, 
        "exp-1": 1.5146044411777861, 
        "exp0": 1.8010413919084236, 
        "exp+1": 2.233665833939522, 
        "exp+2": 2.8145308050359543, 
        "obs": 1.5660818412198707
    }
}