{
    "1000.0": {
        "exp-2": 0.3624865340329655, 
        "exp-1": 0.41339541626891113, 
        "exp0": 0.49371044748968446, 
        "exp+1": 0.6130965130766699, 
        "exp+2": 0.7717840843866876, 
        "obs": 0.4924617116144045
    }
}