{
    "7000.0": {
        "exp-2": 1.6280957590944245, 
        "exp-1": 1.8649748776459398, 
        "exp0": 2.225561726845607, 
        "exp+1": 2.760159366540043, 
        "exp+2": 3.477939016025775, 
        "obs": 2.2332185716416264
    }
}