{
    "5500.0": {
        "exp-2": 0.7790986002466248, 
        "exp-1": 1.0036093424940347, 
        "exp0": 1.8582585934148133, 
        "exp+1": 2.2926510748385267, 
        "exp+2": 2.7995318361990615, 
        "obs": 1.882908701613007
    }
}