{
    "7000.0": {
        "exp-2": 0.9874394265441045, 
        "exp-1": 1.2719871827685378, 
        "exp0": 2.3551804601770967, 
        "exp+1": 2.9057349292082373, 
        "exp+2": 3.543521993524424, 
        "obs": 2.387839181217642
    }
}