{
    "4000.0": {
        "exp-2": 0.5656163726064376, 
        "exp-1": 0.722686849410231, 
        "exp0": 1.341640768729202, 
        "exp+1": 1.668220018672802, 
        "exp+2": 2.039553294546722, 
        "obs": 1.1584116236485937
    }
}