{
    "5000.0": {
        "exp-2": 1.4656466712244176, 
        "exp-1": 1.6684696061952957, 
        "exp0": 1.989032416104947, 
        "exp+1": 2.4604127354688727, 
        "exp+2": 3.1062868971907105, 
        "obs": 1.727054823175786
    }
}