{
    "1500.0": {
        "exp-2": 0.23362510241102624, 
        "exp-1": 0.29800461135727035, 
        "exp0": 0.5340002340823456, 
        "exp+1": 0.6783801253704892, 
        "exp+2": 0.8339362030053519, 
        "obs": 0.5447306332776457
    }
}