{
    "5000.0": {
        "exp-2": 1.1437243849590688, 
        "exp-1": 1.282083379881648, 
        "exp0": 1.4842927608797396, 
        "exp+1": 1.7603589411493812, 
        "exp+2": 2.0992532401451154, 
        "obs": 1.4886251484565958
    }, 
    "3000.0": {
        "exp-2": 0.7389320048641147, 
        "exp-1": 0.8387813501994323, 
        "exp0": 0.9921567416492215, 
        "exp+1": 1.2144320363753303, 
        "exp+2": 1.50654659595969, 
        "obs": 0.9947488609261761
    }, 
    "2500.0": {
        "exp-2": 0.6358578484443425, 
        "exp-1": 0.7217791208775138, 
        "exp0": 0.8537600797893152, 
        "exp+1": 1.0450300214187647, 
        "exp+2": 1.2963972935362016, 
        "obs": 0.855106931633837
    }, 
    "4500.0": {
        "exp-2": 1.0364923455617712, 
        "exp-1": 1.1618792650658527, 
        "exp0": 1.3451301229560342, 
        "exp+1": 1.5975720073249458, 
        "exp+2": 1.9036403365431998, 
        "obs": 1.3498629851294284
    }, 
    "3500.0": {
        "exp-2": 0.834947552490028, 
        "exp-1": 0.941778022517299, 
        "exp0": 1.101845021913828, 
        "exp+1": 1.3306323897773376, 
        "exp+2": 1.6182131992907376, 
        "obs": 1.1061371385222516
    }, 
    "1000.0": {
        "exp-2": 0.3624865340329655, 
        "exp-1": 0.41339541626891113, 
        "exp0": 0.49371044748968446, 
        "exp+1": 0.6130965130766699, 
        "exp+2": 0.7717840843866876, 
        "obs": 0.4924617116144045
    }, 
    "2000.0": {
        "exp-2": 0.542566740659469, 
        "exp-1": 0.6203537617371735, 
        "exp0": 0.738981570758655, 
        "exp+1": 0.9188628367466272, 
        "exp+2": 1.161080656813288, 
        "obs": 0.7402423025134163
    }, 
    "4000.0": {
        "exp-2": 0.9410382259785403, 
        "exp-1": 1.0614428590514475, 
        "exp0": 1.2418484015032931, 
        "exp+1": 1.4976552279712132, 
        "exp+2": 1.8228861415668771, 
        "obs": 1.2462468475861002
    }, 
    "1500.0": {
        "exp-2": 0.44657509817367813, 
        "exp-1": 0.5115493610538046, 
        "exp0": 0.610455777235718, 
        "exp+1": 0.7580724840458891, 
        "exp+2": 0.9565676130515192, 
        "obs": 0.6096709690346759
    }
}