{
    "1000.0": {
        "exp-2": 0.4482019776237687, 
        "exp-1": 0.5118049665430695, 
        "exp0": 0.610455777235718, 
        "exp+1": 0.7570921236646551, 
        "exp+2": 0.9539739861210466, 
        "obs": 0.5357276206487047
    }
}