{
    "5000.0": {
        "exp-2": 1.342677597787133, 
        "exp-1": 1.6438848897030085, 
        "exp0": 1.929216149713734, 
        "exp+1": 2.317028560319168, 
        "exp+2": 2.819236655844144, 
        "obs": 1.8543168006974884
    }
}