{
    "3500.0": {
        "exp-2": 0.48852807482239846, 
        "exp-1": 0.6135972782011231, 
        "exp0": 1.1166355930578766, 
        "exp+1": 1.3540112577418304, 
        "exp+2": 1.6095422454153265, 
        "obs": 1.1364318055650142
    }
}