{
    "5000.0": {
        "exp-2": 1.3962797855352356, 
        "exp-1": 1.59353120087312, 
        "exp0": 1.894894468745876, 
        "exp+1": 2.350063213553315, 
        "exp+2": 2.9611972503665833, 
        "obs": 1.7714382382822866
    }
}