{
    "3000.0": {
        "exp-2": 0.4304680410611222, 
        "exp-1": 0.5485978373063167, 
        "exp0": 1.015504800579495, 
        "exp+1": 1.2675705073381947, 
        "exp+2": 1.5514983625879724, 
        "obs": 0.8828644602629282
    }
}