{
    "2000.0": {
        "exp-2": 0.5414011714196189, 
        "exp-1": 0.6174374569173582, 
        "exp0": 0.7373940521044844, 
        "exp+1": 0.9168888964181751, 
        "exp+2": 1.1585863582609368, 
        "obs": 0.6058968693966854
    }
}