{
    "4500.0": {
        "exp-2": 0.6364910444062626, 
        "exp-1": 0.8153693810736753, 
        "exp0": 1.5181197251863898, 
        "exp+1": 1.8778985824825811, 
        "exp+2": 2.295073133313154, 
        "obs": 1.7937060454612035
    }
}