{
    "5000.0": {
        "exp-2": 1.1817035752860148, 
        "exp-1": 1.353635047829511, 
        "exp0": 1.6153559979150107, 
        "exp+1": 2.0059715767060946, 
        "exp+2": 2.525176497230062, 
        "obs": 1.6213462722775882
    }, 
    "3000.0": {
        "exp-2": 0.7484929520167508, 
        "exp-1": 0.8573946242466253, 
        "exp0": 1.0231690964840563, 
        "exp+1": 1.270585640496106, 
        "exp+2": 1.5994508545967085, 
        "obs": 1.02474123489864
    }, 
    "2500.0": {
        "exp-2": 0.6441701166308138, 
        "exp-1": 0.7378933811085786, 
        "exp0": 0.8805626752253357, 
        "exp+1": 1.0934949850064206, 
        "exp+2": 1.379817801831871, 
        "obs": 0.882691995816554
    }, 
    "8000.0": {
        "exp-2": 1.8583242829562874, 
        "exp-1": 2.119313879006369, 
        "exp0": 2.5310570914145734, 
        "exp+1": 3.1431018684523653, 
        "exp+2": 3.956629952118713, 
        "obs": 2.5414174659651336
    }, 
    "4500.0": {
        "exp-2": 1.0722638461961567, 
        "exp-1": 1.2282724306561277, 
        "exp0": 1.4657549249448218, 
        "exp+1": 1.8178409283942956, 
        "exp+2": 2.290570592299147, 
        "obs": 1.4701912432678044
    }, 
    "3500.0": {
        "exp-2": 0.8572594699553485, 
        "exp-1": 0.9776560039864417, 
        "exp0": 1.1675963557668378, 
        "exp+1": 1.4518100983149325, 
        "exp+2": 1.8301717923518173, 
        "obs": 1.1716464648265867
    }, 
    "1000.0": {
        "exp-2": 0.36422508440437623, 
        "exp-1": 0.41537813585069433, 
        "exp0": 0.49607837082461076, 
        "exp+1": 0.6160370207985385, 
        "exp+2": 0.7754856695158333, 
        "obs": 0.49442537537605524
    }, 
    "7500.0": {
        "exp-2": 1.7398211227199478, 
        "exp-1": 1.992955676805662, 
        "exp0": 2.378287198805056, 
        "exp+1": 2.953390119651066, 
        "exp+2": 3.7178151213761823, 
        "obs": 2.3870149281772184
    }, 
    "2000.0": {
        "exp-2": 0.5438743010761712, 
        "exp-1": 0.6221990526967086, 
        "exp0": 0.7434610783356449, 
        "exp+1": 0.9232403294573044, 
        "exp+2": 1.1622023088496927, 
        "obs": 0.743982137930153
    }, 
    "6000.0": {
        "exp-2": 1.4069008910323073, 
        "exp-1": 1.608606247485146, 
        "exp0": 1.9162137145944864, 
        "exp+1": 2.3826543036305394, 
        "exp+2": 3.0036066945181097, 
        "obs": 1.9261563656391103
    }, 
    "4000.0": {
        "exp-2": 0.964740948470754, 
        "exp-1": 1.1030544701525555, 
        "exp0": 1.31398725260179, 
        "exp+1": 1.6338351756791814, 
        "exp+2": 2.064523917638215, 
        "obs": 1.3201332905877154
    }, 
    "1500.0": {
        "exp-2": 0.4496092053105675, 
        "exp-1": 0.5127539029021683, 
        "exp0": 0.6123724356957945, 
        "exp+1": 0.7614348053504465, 
        "exp+2": 0.9621535879206902, 
        "obs": 0.6122455653977188
    }, 
    "9000.0": {
        "exp-2": 2.0847521210566016, 
        "exp-1": 2.3775420387955783, 
        "exp0": 2.839454172900137, 
        "exp+1": 3.5260737467911896, 
        "exp+2": 4.438726121456338, 
        "obs": 2.850946593856694
    }, 
    "8500.0": {
        "exp-2": 1.9654920960633497, 
        "exp-1": 2.2514605550036415, 
        "exp0": 2.6867731575255847, 
        "exp+1": 3.3321574680263284, 
        "exp+2": 4.198685240454813, 
        "obs": 2.696079968293393
    }, 
    "5500.0": {
        "exp-2": 1.2962865758460782, 
        "exp-1": 1.478341620220252, 
        "exp0": 1.7655558614781919, 
        "exp+1": 2.1953235775271005, 
        "exp+2": 2.7674551043362206, 
        "obs": 1.773405186082027
    }, 
    "7000.0": {
        "exp-2": 1.6280957590944245, 
        "exp-1": 1.8649748776459398, 
        "exp0": 2.225561726845607, 
        "exp+1": 2.760159366540043, 
        "exp+2": 3.477939016025775, 
        "obs": 2.2332185716416264
    }, 
    "6500.0": {
        "exp-2": 1.5164100737329431, 
        "exp-1": 1.7370395297228627, 
        "exp0": 2.072890493972125, 
        "exp+1": 2.5708152951721113, 
        "exp+2": 3.2393559972024266, 
        "obs": 2.0795043867518563
    }
}