{
    "5000.0": {
        "exp-2": 1.330952898640885, 
        "exp-1": 1.5151362466765297, 
        "exp0": 1.8062392000185679, 
        "exp+1": 2.237207711164859, 
        "exp+2": 2.821735561977074, 
        "obs": 1.540866340286564
    }, 
    "3000.0": {
        "exp-2": 0.8396384054695164, 
        "exp-1": 0.9600161655872959, 
        "exp0": 1.1435962803001258, 
        "exp+1": 1.4164582922033517, 
        "exp+2": 1.7865442935589089, 
        "obs": 0.9783927751999466
    }, 
    "2500.0": {
        "exp-2": 0.7249667373787804, 
        "exp-1": 0.8252909768536081, 
        "exp0": 0.9838540348654006, 
        "exp+1": 1.2201835808445074, 
        "exp+2": 1.5374924450200242, 
        "obs": 0.8443118408138173
    }, 
    "4500.0": {
        "exp-2": 1.2065798708661428, 
        "exp-1": 1.3735519500367535, 
        "exp0": 1.637452318501956, 
        "exp+1": 2.028148337113843, 
        "exp+2": 2.55805406775461, 
        "obs": 1.398054549993812
    }, 
    "3500.0": {
        "exp-2": 0.9611947250347673, 
        "exp-1": 1.0969819954096187, 
        "exp0": 1.3044395439581928, 
        "exp+1": 1.61777629361562, 
        "exp+2": 2.0384791917410228, 
        "obs": 1.1165397964453905
    }, 
    "1000.0": {
        "exp-2": 0.4075194295978579, 
        "exp-1": 0.46391384492427934, 
        "exp0": 0.5530455559182526, 
        "exp+1": 0.6858915022458086, 
        "exp+2": 0.8642576400842872, 
        "obs": 0.49092213575476296
    }, 
    "2000.0": {
        "exp-2": 0.6116693537659137, 
        "exp-1": 0.6963149784182014, 
        "exp0": 0.8300978714333281, 
        "exp+1": 1.0294939753618748, 
        "exp+2": 1.297213958198387, 
        "obs": 0.7155760703397788
    }, 
    "4000.0": {
        "exp-2": 1.080466230035079, 
        "exp-1": 1.2353711032452797, 
        "exp0": 1.4716062976786393, 
        "exp+1": 1.8227314082876893, 
        "exp+2": 2.293415812332521, 
        "obs": 1.256381153968747
    }, 
    "1500.0": {
        "exp-2": 0.5026783731920441, 
        "exp-1": 0.5747466482867011, 
        "exp0": 0.6846531968814576, 
        "exp+1": 0.8491123543410773, 
        "exp+2": 1.0699240543472808, 
        "obs": 0.5947638446736857
    }
}