{
    "2000.0": {
        "exp-2": 0.6158163315547246, 
        "exp-1": 0.7010358290596936, 
        "exp0": 0.835725739654421, 
        "exp+1": 1.0364737134140585, 
        "exp+2": 1.3060087720450775, 
        "obs": 0.7247485934329906
    }
}