{
    "1000.0": {
        "exp-2": 0.36422508440437623, 
        "exp-1": 0.41537813585069433, 
        "exp0": 0.49607837082461076, 
        "exp+1": 0.6160370207985385, 
        "exp+2": 0.7754856695158333, 
        "obs": 0.49442537537605524
    }
}