{
    "5000.0": {
        "exp-2": 0.7034764788897276, 
        "exp-1": 0.898830427409725, 
        "exp0": 1.6686446453083665, 
        "exp+1": 2.06946635679155, 
        "exp+2": 2.531298695790521, 
        "obs": 1.4372407873865267
    }
}