{
    "4500.0": {
        "exp-2": 0.6354113302371543, 
        "exp-1": 0.813986225911416, 
        "exp0": 1.5155444566227676, 
        "exp+1": 1.8771532410514638, 
        "exp+2": 2.295125593517869, 
        "obs": 1.5397542707459684
    }
}