{
    "4000.0": {
        "exp-2": 1.1370770915358563, 
        "exp-1": 1.2977111143379505, 
        "exp0": 1.5431299053004477, 
        "exp+1": 1.9138019618000888, 
        "exp+2": 2.411486291139706, 
        "obs": 1.44276785494072
    }
}