{
    "6000.0": {
        "exp-2": 1.4069008910323073, 
        "exp-1": 1.608606247485146, 
        "exp0": 1.9162137145944864, 
        "exp+1": 2.3826543036305394, 
        "exp+2": 3.0036066945181097, 
        "obs": 1.9261563656391103
    }
}