{
    "6000.0": {
        "exp-2": 0.8482950501962746, 
        "exp-1": 1.092745946788929, 
        "exp0": 2.023301757029831, 
        "exp+1": 2.496275225088301, 
        "exp+2": 3.048175084459556, 
        "obs": 2.0510471030031376
    }
}