{
    "5000.0": {
        "exp-2": 1.1817035752860148, 
        "exp-1": 1.353635047829511, 
        "exp0": 1.6153559979150107, 
        "exp+1": 2.0059715767060946, 
        "exp+2": 2.525176497230062, 
        "obs": 1.6213462722775882
    }
}