{
    "5000.0": {
        "exp-2": 1.4656466712244176, 
        "exp-1": 1.6684696061952957, 
        "exp0": 1.989032416104947, 
        "exp+1": 2.4604127354688727, 
        "exp+2": 3.1062868971907105, 
        "obs": 1.727054823175786
    }, 
    "3000.0": {
        "exp-2": 0.9275053363965282, 
        "exp-1": 1.0585333324800756, 
        "exp0": 1.2587195969880893, 
        "exp+1": 1.5610740258249205, 
        "exp+2": 1.9670314857239748, 
        "obs": 1.0225896178402167
    }, 
    "2500.0": {
        "exp-2": 0.7992725954533935, 
        "exp-1": 0.9098796178504301, 
        "exp0": 1.08469467947608, 
        "exp+1": 1.3452469671328984, 
        "exp+2": 1.6950785391962164, 
        "obs": 0.9409040484843585
    }, 
    "4500.0": {
        "exp-2": 1.3271227926060036, 
        "exp-1": 1.5146044411777861, 
        "exp0": 1.8010413919084236, 
        "exp+1": 2.233665833939522, 
        "exp+2": 2.8145308050359543, 
        "obs": 1.5660818412198707
    }, 
    "3500.0": {
        "exp-2": 1.0582405430123154, 
        "exp-1": 1.2077373920494046, 
        "exp0": 1.4361406616345072, 
        "exp+1": 1.7811130671821926, 
        "exp+2": 2.2442916938790187, 
        "obs": 1.248437337851336
    }, 
    "1000.0": {
        "exp-2": 0.4482019776237687, 
        "exp-1": 0.5118049665430695, 
        "exp0": 0.610455777235718, 
        "exp+1": 0.7570921236646551, 
        "exp+2": 0.9539739861210466, 
        "obs": 0.5357276206487047
    }, 
    "2000.0": {
        "exp-2": 0.6740267916838834, 
        "exp-1": 0.7692460436863366, 
        "exp0": 0.9147233123076459, 
        "exp+1": 1.1344471154527629, 
        "exp+2": 1.429460184338696, 
        "obs": 0.7943380454638276
    }, 
    "4000.0": {
        "exp-2": 1.191722540223559, 
        "exp-1": 1.3600762849337655, 
        "exp0": 1.6172893694798616, 
        "exp+1": 2.00577510073543, 
        "exp+2": 2.527377144594385, 
        "obs": 1.406394384204504
    }, 
    "1500.0": {
        "exp-2": 0.5560914392254487, 
        "exp-1": 0.6330459305474793, 
        "exp0": 0.7546729503042553, 
        "exp+1": 0.9371633879029648, 
        "exp+2": 1.1797290314696256, 
        "obs": 0.6564800430346184
    }
}