{
    "3500.0": {
        "exp-2": 0.8485000910424547, 
        "exp-1": 0.9719522525221398, 
        "exp0": 1.1598760606884435, 
        "exp+1": 1.4403502361562657, 
        "exp+2": 1.8131556147318526, 
        "obs": 0.9485237494995694
    }
}