{
    "2500.0": {
        "exp-2": 0.36422508440437623, 
        "exp-1": 0.464176372081894, 
        "exp0": 0.85923294280422, 
        "exp+1": 1.072509293238073, 
        "exp+2": 1.3127446627779904, 
        "obs": 0.874189240854174
    }
}