{
    "1000.0": {
        "exp-2": 0.17351512374702474, 
        "exp-1": 0.22333466757783837, 
        "exp0": 0.37434839220971683, 
        "exp+1": 0.48023792087430545, 
        "exp+2": 0.5952710445117394, 
        "obs": 0.38223577698652256
    }
}