{
    "3500.0": {
        "exp-2": 0.4985636106136558, 
        "exp-1": 0.6386790610559508, 
        "exp0": 1.189143599402528, 
        "exp+1": 1.4747853559364477, 
        "exp+2": 1.803905763621903, 
        "obs": 1.2082934800680267
    }
}