{
    "3500.0": {
        "exp-2": 0.4999389611180049, 
        "exp-1": 0.6352255695423787, 
        "exp0": 1.1858541225631423, 
        "exp+1": 1.4726101895928039, 
        "exp+2": 1.8019681978287874, 
        "obs": 1.2038965647618074
    }
}