{
    "3500.0": {
        "exp-2": 1.0582405430123154, 
        "exp-1": 1.2077373920494046, 
        "exp0": 1.4361406616345072, 
        "exp+1": 1.7811130671821926, 
        "exp+2": 2.2442916938790187, 
        "obs": 1.248437337851336
    }
}