{
    "1500.0": {
        "exp-2": 0.506434434096448, 
        "exp-1": 0.5775598650615135, 
        "exp0": 0.6897689917073172, 
        "exp+1": 0.8543478184403643, 
        "exp+2": 1.0775680762113984, 
        "obs": 0.6020190159537153
    }
}