{
    "1000.0": {
        "exp-2": 0.22178076233742355, 
        "exp-1": 0.3308012112922529, 
        "exp0": 0.42412593591970743, 
        "exp+1": 0.5205232142018065, 
        "exp+2": 0.6386646655314492, 
        "obs": 0.36305849206135443
    }
}