{
    "1500.0": {
        "exp-2": 0.5291202715061577, 
        "exp-1": 0.602342372551319, 
        "exp0": 0.7180703308172536, 
        "exp+1": 0.8905565335910963, 
        "exp+2": 1.1221458469395094, 
        "obs": 0.677560131271255
    }
}