{
    "5000.0": {
        "exp-2": 1.1811159088078793, 
        "exp-1": 1.346995979770362, 
        "exp0": 1.6086922095292189, 
        "exp+1": 2.0002765464322754, 
        "exp+2": 2.521576091537314, 
        "obs": 1.6134960131512186
    }
}