{
    "3500.0": {
        "exp-2": 0.834947552490028, 
        "exp-1": 0.941778022517299, 
        "exp0": 1.101845021913828, 
        "exp+1": 1.3306323897773376, 
        "exp+2": 1.6182131992907376, 
        "obs": 1.1061371385222516
    }
}