{
  "1000.0": {
    "exp+1": 0.2813895344734192,
    "exp+2": 0.388731449842453,
    "exp-1": 0.1555178165435791,
    "exp-2": 0.1243743896484375,
    "exp0": 0.2041015625,
    "obs": 0.2118276648195892
  },
  "1500.0": {
    "exp+1": 0.43361741304397583,
    "exp+2": 0.5999073386192322,
    "exp-1": 0.23938310146331787,
    "exp-2": 0.1922149658203125,
    "exp0": 0.3154296875,
    "obs": 0.3285499840135596
  },
  "2500.0": {
    "exp+1": 0.8994540572166443,
    "exp+2": 1.2443897724151611,
    "exp-1": 0.4985499382019043,
    "exp-2": 0.398712158203125,
    "exp0": 0.654296875,
    "obs": 0.6821998640452922
  },
  "3000.0": {
    "exp+1": 1.2154271602630615,
    "exp+2": 1.6782256364822388,
    "exp-1": 0.672940731048584,
    "exp-2": 0.54034423828125,
    "exp0": 0.88671875,
    "obs": 0.9233856952371865
  },
  "3500.0": {
    "exp+1": 1.5841131210327148,
    "exp+2": 2.1916117668151855,
    "exp-1": 0.8780431747436523,
    "exp-2": 0.70220947265625,
    "exp0": 1.15234375,
    "obs": 1.2056474611236592
  },
  "4000.0": {
    "exp+1": 2.007864236831665,
    "exp+2": 2.7819557189941406,
    "exp-1": 1.1116862297058105,
    "exp-2": 0.89263916015625,
    "exp0": 1.46484375,
    "obs": 1.5301398948100529
  },
  "4500.0": {
    "exp+1": 2.4951059818267822,
    "exp+2": 3.4451680183410645,
    "exp-1": 1.381455421447754,
    "exp-2": 1.1092529296875,
    "exp0": 1.8203125,
    "obs": 1.898441778301339
  },
  "5000.0": {
    "exp+1": 3.030536413192749,
    "exp+2": 4.198898792266846,
    "exp-1": 1.6779050827026367,
    "exp-2": 1.3472900390625,
    "exp0": 2.2109375,
    "obs": 2.3047311992613677
  },
  "5500.0": {
    "exp+1": 3.6195099353790283,
    "exp+2": 5.014938831329346,
    "exp-1": 2.0120582580566406,
    "exp-2": 1.609130859375,
    "exp0": 2.640625,
    "obs": 2.7545118985602626
  },
  "6000.0": {
    "exp+1": 4.283443927764893,
    "exp+2": 5.894063949584961,
    "exp-1": 2.3715972900390625,
    "exp-2": 1.904296875,
    "exp0": 3.125,
    "obs": 3.2494527258882484
  },
  "6500.0": {
    "exp+1": 4.9902119636535645,
    "exp+2": 6.890336036682129,
    "exp-1": 2.762910842895508,
    "exp-2": 2.218505859375,
    "exp0": 3.640625,
    "obs": 3.787229083216279
  },
  "7000.0": {
    "exp+1": 5.739814758300781,
    "exp+2": 7.95268440246582,
    "exp-1": 3.1907196044921875,
    "exp-2": 2.5517578125,
    "exp0": 4.1875,
    "obs": 4.367861941828331
  },
  "7500.0": {
    "exp+1": 6.5750861167907715,
    "exp+2": 9.078682899475098,
    "exp-1": 3.640401840209961,
    "exp-2": 2.923095703125,
    "exp0": 4.796875,
    "obs": 4.991502560611445
  },
  "8000.0": {
    "exp+1": 7.4533867835998535,
    "exp+2": 10.31171989440918,
    "exp-1": 4.131267547607422,
    "exp-2": 3.303955078125,
    "exp0": 5.421875,
    "obs": 5.657998385531862
  },
  "8500.0": {
    "exp+1": 8.37413215637207,
    "exp+2": 11.60261058807373,
    "exp-1": 4.636472702026367,
    "exp-2": 3.722900390625,
    "exp0": 6.109375,
    "obs": 6.36748881764199
  },
  "9000.0": {
    "exp+1": 9.380742073059082,
    "exp+2": 12.907999992370605,
    "exp-1": 5.193798065185547,
    "exp-2": 4.17041015625,
    "exp0": 6.84375,
    "obs": 7.119976556772139
  }
}