{
    "1000.0": {
        "exp-2": 0.17281349215472758, 
        "exp-1": 0.2195370344166933, 
        "exp0": 0.3694907853793275, 
        "exp+1": 0.47857648501388717, 
        "exp+2": 0.5925974199627688, 
        "obs": 0.37826284464367715
    }
}