{
    "3500.0": {
        "exp-2": 0.8572594699553485, 
        "exp-1": 0.9776560039864417, 
        "exp0": 1.1675963557668378, 
        "exp+1": 1.4518100983149325, 
        "exp+2": 1.8301717923518173, 
        "obs": 1.1716464648265867
    }
}