{
    "3500.0": {
        "exp-2": 0.4993159412939189, 
        "exp-1": 0.6345899837752391, 
        "exp0": 1.1779219191795847, 
        "exp+1": 1.4665358878841903, 
        "exp+2": 1.7981756395853938, 
        "obs": 1.021186589408813
    }
}