{
    "2500.0": {
        "exp-2": 0.5393002303758352, 
        "exp-1": 0.8397777797604703, 
        "exp0": 0.9897916507633963, 
        "exp+1": 1.188760289449515, 
        "exp+2": 1.4443039958277106, 
        "obs": 0.8327298093097611
    }
}