{
    "4000.0": {
        "exp-2": 0.964740948470754, 
        "exp-1": 1.1030544701525555, 
        "exp0": 1.31398725260179, 
        "exp+1": 1.6338351756791814, 
        "exp+2": 2.064523917638215, 
        "obs": 1.3201332905877154
    }
}