{
    "5000.0": {
        "exp-2": 1.0702839868464817, 
        "exp-1": 1.6314153214790574, 
        "exp0": 1.9145822247601254, 
        "exp+1": 2.293089881309904, 
        "exp+2": 2.7866500550859445, 
        "obs": 1.5999674207640888
    }, 
    "3000.0": {
        "exp-2": 0.6468919926867073, 
        "exp-1": 0.9964649182090836, 
        "exp0": 1.1719375085054058, 
        "exp+1": 1.4075212031202127, 
        "exp+2": 1.712596628846024, 
        "obs": 0.9851634574197625
    }, 
    "2500.0": {
        "exp-2": 0.5393002303758352, 
        "exp-1": 0.8397777797604703, 
        "exp0": 0.9897916507633963, 
        "exp+1": 1.188760289449515, 
        "exp+2": 1.4443039958277106, 
        "obs": 0.8327329694782323
    }, 
    "4500.0": {
        "exp-2": 0.9667317686411262, 
        "exp-1": 1.473572382816016, 
        "exp0": 1.7293423329788027, 
        "exp+1": 2.071228515660914, 
        "exp+2": 2.5170357107267045, 
        "obs": 1.445542732312831
    }, 
    "3500.0": {
        "exp-2": 0.7587381588861865, 
        "exp-1": 1.1565313770113017, 
        "exp0": 1.3572720890970453, 
        "exp+1": 1.627857996157806, 
        "exp+2": 1.9765591225576382, 
        "obs": 1.1380223599708754
    }, 
    "1000.0": {
        "exp-2": 0.24692938483248605, 
        "exp-1": 0.3636449203581738, 
        "exp0": 0.4417207154755505, 
        "exp+1": 0.5363477543560977, 
        "exp+2": 0.6573721737130821, 
        "obs": 0.37667783790803794
    }, 
    "2000.0": {
        "exp-2": 0.43901801715474303, 
        "exp-1": 0.6810087756825238, 
        "exp0": 0.8057411110766727, 
        "exp+1": 0.9703822382684376, 
        "exp+2": 1.1804138877738095, 
        "obs": 0.6823746471108424
    }, 
    "4000.0": {
        "exp-2": 0.8626358588651413, 
        "exp-1": 1.3149008363966386, 
        "exp0": 1.5431299053004477, 
        "exp+1": 1.8482024532700185, 
        "exp+2": 2.246005963807583, 
        "obs": 1.2901883864313763
    }, 
    "1500.0": {
        "exp-2": 0.3403686656964899, 
        "exp-1": 0.522883363881657, 
        "exp0": 0.6246874266066706, 
        "exp+1": 0.7533660297204712, 
        "exp+2": 0.9196005419970554, 
        "obs": 0.5317094381571372
    }
}