{
    "1000.0": {
        "exp-2": 0.3627768675977873, 
        "exp-1": 0.41372652638394847, 
        "exp0": 0.49410588440130926, 
        "exp+1": 0.613587564155982, 
        "exp+2": 0.7724022149722454, 
        "obs": 0.498009012691285
    }
}