{
    "2000.0": {
        "exp-2": 0.5081128919221594, 
        "exp-1": 0.6871275760046486, 
        "exp0": 0.8129806197438356, 
        "exp+1": 0.9791010401762614, 
        "exp+2": 1.1944623928545115, 
        "obs": 0.7921283643390665
    }
}