{
    "5000.0": {
        "exp-2": 0.9249155366842964, 
        "exp-1": 1.5424890472666248, 
        "exp0": 1.8498310733685928, 
        "exp+1": 2.2247529824971317, 
        "exp+2": 2.704656795369295, 
        "obs": 1.5854185980129074
    }, 
    "3000.0": {
        "exp-2": 0.5611801026622861, 
        "exp-1": 0.938197607525597, 
        "exp0": 1.1312327452128752, 
        "exp+1": 1.362383221512661, 
        "exp+2": 1.659657266463912, 
        "obs": 0.9679110948620568
    }, 
    "2500.0": {
        "exp-2": 0.47245604633576554, 
        "exp-1": 0.7864770360748051, 
        "exp0": 0.9523818761815405, 
        "exp+1": 1.150134694462696, 
        "exp+2": 1.4007085761107214, 
        "obs": 0.8147067506290211
    }, 
    "4500.0": {
        "exp-2": 0.8343223226541833, 
        "exp-1": 1.3914060221034126, 
        "exp0": 1.6686446453083665, 
        "exp+1": 2.0096071290150923, 
        "exp+2": 2.4410302444828456, 
        "obs": 1.4304148368200995
    }, 
    "3500.0": {
        "exp-2": 0.6549093539726921, 
        "exp-1": 1.0875858996436552, 
        "exp0": 1.3098187079453842, 
        "exp+1": 1.5774605740367589, 
        "exp+2": 1.9188895258668983, 
        "obs": 1.120085995887772
    }, 
    "1000.0": {
        "exp-2": 0.22069448268477398, 
        "exp-1": 0.3276415851532923, 
        "exp0": 0.4220485683420044, 
        "exp+1": 0.5179736946986154, 
        "exp+2": 0.6355364769927319, 
        "obs": 0.36183703381778803
    }, 
    "2000.0": {
        "exp-2": 0.27385918934887016, 
        "exp-1": 0.6328266048036857, 
        "exp0": 0.776108071133828, 
        "exp+1": 0.9385393103860342, 
        "exp+2": 1.1436633051132865, 
        "obs": 0.6623879859354506
    }, 
    "4000.0": {
        "exp-2": 0.745297751290765, 
        "exp-1": 1.2403177068153635, 
        "exp0": 1.49059550258153, 
        "exp+1": 1.7927079021387582, 
        "exp+2": 2.1794147936133794, 
        "obs": 1.2742801360643434
    }, 
    "1500.0": {
        "exp-2": 0.30174359038086873, 
        "exp-1": 0.48072034559770555, 
        "exp0": 0.5988269883037411, 
        "exp+1": 0.7280921421086483, 
        "exp+2": 0.8891435314721217, 
        "obs": 0.5112490577856706
    }
}