{
    "5000.0": {
        "exp-2": 1.1811159088078793, 
        "exp-1": 1.346995979770362, 
        "exp0": 1.6086922095292189, 
        "exp+1": 2.0002765464322754, 
        "exp+2": 2.521576091537314, 
        "obs": 1.6134960131512186
    }, 
    "3000.0": {
        "exp-2": 0.7460451759384384, 
        "exp-1": 0.8545907100010073, 
        "exp0": 1.019823054505045, 
        "exp+1": 1.2647926513453567, 
        "exp+2": 1.593702053770025, 
        "obs": 1.0206209168918479
    }, 
    "2500.0": {
        "exp-2": 0.6438650676514427, 
        "exp-1": 0.7342917212483884, 
        "exp0": 0.8769509500251426, 
        "exp+1": 1.0904164330717037, 
        "exp+2": 1.3745939348746115, 
        "obs": 0.8785036395264832
    }, 
    "4500.0": {
        "exp-2": 1.0712672520854098, 
        "exp-1": 1.221719791476797, 
        "exp0": 1.459077191241094, 
        "exp+1": 1.8142425447762616, 
        "exp+2": 2.281617539988988, 
        "obs": 1.4649090727055893
    }, 
    "3500.0": {
        "exp-2": 0.8538753353850351, 
        "exp-1": 0.9737965896586686, 
        "exp0": 1.1629871291205247, 
        "exp+1": 1.446078947827192, 
        "exp+2": 1.8229469587443135, 
        "obs": 1.1671814125260491
    }, 
    "1000.0": {
        "exp-2": 0.3627768675977873, 
        "exp-1": 0.41372652638394847, 
        "exp0": 0.49410588440130926, 
        "exp+1": 0.613587564155982, 
        "exp+2": 0.7724022149722454, 
        "obs": 0.498009012691285
    }, 
    "2000.0": {
        "exp-2": 0.5421901032223169, 
        "exp-1": 0.6194677601785049, 
        "exp0": 0.7411588266019639, 
        "exp+1": 0.9191910742432584, 
        "exp+2": 1.1582267977529095, 
        "obs": 0.7411113765213647
    }, 
    "4000.0": {
        "exp-2": 0.9590619399639941, 
        "exp-1": 1.0986002599343994, 
        "exp0": 1.3110110602126894, 
        "exp+1": 1.6280317634933033, 
        "exp+2": 2.0494146534817004, 
        "obs": 1.314246482653753
    }, 
    "1500.0": {
        "exp-2": 0.44799638378863654, 
        "exp-1": 0.5109145856379483, 
        "exp0": 0.6101757559302073, 
        "exp+1": 0.7587033963541838, 
        "exp+2": 0.9564319524753074, 
        "obs": 0.6106074223206401
    }
}