{
    "6500.0": {
        "exp-2": 0.9182595948824874, 
        "exp-1": 1.1828719856089158, 
        "exp0": 2.190176933491904, 
        "exp+1": 2.698619372981887, 
        "exp+2": 3.2937785427876327, 
        "obs": 2.219378008753201
    }
}