{
    "5000.0": {
        "exp-2": 1.3962797855352356, 
        "exp-1": 1.59353120087312, 
        "exp0": 1.894894468745876, 
        "exp+1": 2.350063213553315, 
        "exp+2": 2.9611972503665833, 
        "obs": 1.771418190059252
    }, 
    "3000.0": {
        "exp-2": 0.8839490545467471, 
        "exp-1": 1.007549754350655, 
        "exp0": 1.1996093014636648, 
        "exp+1": 1.4877650048908369, 
        "exp+2": 1.8746584263254644, 
        "obs": 1.1216941892485783
    }, 
    "2500.0": {
        "exp-2": 0.7601004208550921, 
        "exp-1": 0.8674792580777005, 
        "exp0": 1.0315340402323823, 
        "exp+1": 1.2809733580618807, 
        "exp+2": 1.6125272231058825, 
        "obs": 0.9661107659304679
    }, 
    "4500.0": {
        "exp-2": 1.2662758743037592, 
        "exp-1": 1.445161718803004, 
        "exp0": 1.71846588560844, 
        "exp+1": 2.131255087748521, 
        "exp+2": 2.6854881030500835, 
        "obs": 1.6064108411420448
    }, 
    "3500.0": {
        "exp-2": 1.0078669688564688, 
        "exp-1": 1.1523634052216738, 
        "exp0": 1.3727253826451022, 
        "exp+1": 1.6980472428677067, 
        "exp+2": 2.143795477826822, 
        "obs": 1.2809499417293964
    }, 
    "1000.0": {
        "exp-2": 0.42659040436631923, 
        "exp-1": 0.48562394909149714, 
        "exp0": 0.5789268191411838, 
        "exp+1": 0.717989643776675, 
        "exp+2": 0.9047029049209098, 
        "obs": 0.5580258042924475
    }, 
    "2000.0": {
        "exp-2": 0.6421190610554911, 
        "exp-1": 0.7309784360515162, 
        "exp0": 0.8714212392167993, 
        "exp+1": 1.0807435674359007, 
        "exp+2": 1.3617910202904577, 
        "obs": 0.8162795667778098
    }, 
    "4000.0": {
        "exp-2": 1.1370770915358563, 
        "exp-1": 1.2977111143379505, 
        "exp0": 1.5431299053004477, 
        "exp+1": 1.9138019618000888, 
        "exp+2": 2.411486291139706, 
        "obs": 1.4427497732099597
    }, 
    "1500.0": {
        "exp-2": 0.5291202715061577, 
        "exp-1": 0.602342372551319, 
        "exp0": 0.7180703308172536, 
        "exp+1": 0.8905565335910963, 
        "exp+2": 1.1221458469395094, 
        "obs": 0.6775283501078342
    }
}