{
    "5000.0": {
        "exp-2": 1.1767398817033798, 
        "exp-1": 1.3420053733740849, 
        "exp0": 1.6027320127309395, 
        "exp+1": 1.9902949300581338, 
        "exp+2": 2.5054423222279505, 
        "obs": 1.3106353878130301
    }
}