{
    "2000.0": {
        "exp-2": 0.2984487456554666, 
        "exp-1": 0.3784492528966242, 
        "exp0": 0.6965315772304017, 
        "exp+1": 0.8738599230011743, 
        "exp+2": 1.0711019347342108, 
        "obs": 0.708361277293267
    }
}