{
    "2500.0": {
        "exp-2": 0.6353825080528543, 
        "exp-1": 0.8468584094234803, 
        "exp0": 0.9968700899104869, 
        "exp+1": 1.1989147285510633, 
        "exp+2": 1.4617741275085956, 
        "obs": 0.9659259391785199
    }
}