{
    "1500.0": {
        "exp-2": 0.23521983152069684, 
        "exp-1": 0.301556467579014, 
        "exp0": 0.5376453291901642, 
        "exp+1": 0.6796284573221312, 
        "exp+2": 0.8365245433428659, 
        "obs": 0.5480819659314037
    }
}