{
    "5000.0": {
        "exp-2": 1.1437243849590688, 
        "exp-1": 1.282083379881648, 
        "exp0": 1.4842927608797396, 
        "exp+1": 1.7603589411493812, 
        "exp+2": 2.0992532401451154, 
        "obs": 1.4886251484565958
    }
}