{
    "3500.0": {
        "exp-2": 0.5008061585800235, 
        "exp-1": 0.6398790016757131, 
        "exp0": 1.1879111130467632, 
        "exp+1": 1.473256846221858, 
        "exp+2": 1.804333012101921, 
        "obs": 1.2070680999439398
    }
}