{
    "4000.0": {
        "exp-2": 0.5668774979272417, 
        "exp-1": 0.7261917645058085, 
        "exp0": 1.352081728298996, 
        "exp+1": 1.674688307385927, 
        "exp+2": 2.047579229216944, 
        "obs": 1.373162638086237
    }
}