{
    "1000.0": {
        "exp-2": 0.17277706286468825, 
        "exp-1": 0.22092704891214338, 
        "exp0": 0.3710731902199349, 
        "exp+1": 0.47833667445206635, 
        "exp+2": 0.5932518224322478, 
        "obs": 0.3795747621313243
    }
}