{
    "1000.0": {
        "exp-2": 0.17254715316488886, 
        "exp-1": 0.22063306523567222, 
        "exp0": 0.37057941330098193, 
        "exp+1": 0.478844696868516, 
        "exp+2": 0.5927871375723901, 
        "obs": 1.6886466904991904
    }
}