{
    "4500.0": {
        "exp-2": 1.0722638461961567, 
        "exp-1": 1.2282724306561277, 
        "exp0": 1.4657549249448218, 
        "exp+1": 1.8178409283942956, 
        "exp+2": 2.290570592299147, 
        "obs": 1.4701912432678044
    }
}