{
    "5000.0": {
        "exp-2": 0.7050754198355308, 
        "exp-1": 0.9032285901490398, 
        "exp0": 1.6817030058842137, 
        "exp+1": 2.0802494748599334, 
        "exp+2": 2.542376143027762, 
        "obs": 1.7088117677177668
    }
}