{
    "3000.0": {
        "exp-2": 0.42737302801899535, 
        "exp-1": 0.5377054132468229, 
        "exp0": 0.9921567416492215, 
        "exp+1": 1.2208767942866707, 
        "exp+2": 1.47559038082037, 
        "obs": 1.0097292438907068
    }
}