{
    "3000.0": {
        "exp-2": 0.43456043703666813, 
        "exp-1": 0.558301729285206, 
        "exp0": 1.0307764064044151, 
        "exp+1": 1.2783771033090239, 
        "exp+2": 1.565659114138573, 
        "obs": 1.046933364129061
    }
}