{
    "4500.0": {
        "exp-2": 1.2170811989902761, 
        "exp-1": 1.3855065003527902, 
        "exp0": 1.651703694785306, 
        "exp+1": 2.0458000796762663, 
        "exp+2": 2.5803178189308182, 
        "obs": 1.418973502518476
    }
}