{
    "2000.0": {
        "exp-2": 0.5438743010761712, 
        "exp-1": 0.6221990526967086, 
        "exp0": 0.7434610783356449, 
        "exp+1": 0.9232403294573044, 
        "exp+2": 1.1622023088496927, 
        "obs": 0.743982137930153
    }
}