{
    "3000.0": {
        "exp-2": 0.5676844413932797, 
        "exp-1": 0.9407293014743103, 
        "exp0": 1.1353688827865593, 
        "exp+1": 1.369242099805339, 
        "exp+2": 1.6665868104241337, 
        "obs": 0.9718803712348814
    }
}