{
    "4500.0": {
        "exp-2": 0.6341132229915077, 
        "exp-1": 0.8123232942776644, 
        "exp0": 1.5124483146979166, 
        "exp+1": 1.875750455083211, 
        "exp+2": 2.2914240506375263, 
        "obs": 1.535929044521915
    }
}