{
    "2000.0": {
        "exp-2": 0.3011994860073532, 
        "exp-1": 0.3839947874688974, 
        "exp0": 0.7029513674501245, 
        "exp+1": 0.8785576022895548, 
        "exp+2": 1.079713508082928, 
        "obs": 0.8429674069120133
    }
}