{
    "5000.0": {
        "exp-2": 0.703125, 
        "exp-1": 0.9007300277134692, 
        "exp0": 1.6770509831248424, 
        "exp+1": 2.077195153116837, 
        "exp+2": 2.539709484126763, 
        "obs": 1.7024210584371877
    }
}