{
    "5000.0": {
        "exp-2": 1.1810267848079128, 
        "exp-1": 1.3468943335612555, 
        "exp0": 1.6085708238580705, 
        "exp+1": 2.000125642644668, 
        "exp+2": 2.515386724145867, 
        "obs": 1.614984422260975
    }, 
    "3000.0": {
        "exp-2": 0.7472851413186321, 
        "exp-1": 0.8544223255481156, 
        "exp0": 1.0178101727157751, 
        "exp+1": 1.2655633040095973, 
        "exp+2": 1.5991734247162581, 
        "obs": 1.0213901629647433
    }, 
    "2500.0": {
        "exp-2": 0.6437424196334001, 
        "exp-1": 0.734151887481514, 
        "exp0": 0.8767839026356089, 
        "exp+1": 1.0902087513049112, 
        "exp+2": 1.374332135734681, 
        "obs": 0.8783560436828666
    }, 
    "4500.0": {
        "exp-2": 1.07107066012035, 
        "exp-1": 1.2214955923787127, 
        "exp0": 1.458809429746149, 
        "exp+1": 1.81390964018457, 
        "exp+2": 2.2811987884207903, 
        "obs": 1.4643899446048234
    }, 
    "3500.0": {
        "exp-2": 0.8514513765677334, 
        "exp-1": 0.975332935660623, 
        "exp0": 1.1639104142142058, 
        "exp+1": 1.4453601726196037, 
        "exp+2": 1.819462262455452, 
        "obs": 1.1671140375800744
    }, 
    "1000.0": {
        "exp-2": 0.3624865340329655, 
        "exp-1": 0.41339541626891113, 
        "exp0": 0.49371044748968446, 
        "exp+1": 0.6130965130766699, 
        "exp+2": 0.7717840843866876, 
        "obs": 0.4924617116144045
    }, 
    "2000.0": {
        "exp-2": 0.542566740659469, 
        "exp-1": 0.6203537617371735, 
        "exp0": 0.738981570758655, 
        "exp+1": 0.9188628367466272, 
        "exp+2": 1.161080656813288, 
        "obs": 0.7402423025134163
    }, 
    "4000.0": {
        "exp-2": 0.9616803655083938, 
        "exp-1": 1.0967421339808148, 
        "exp0": 1.3098187079453842, 
        "exp+1": 1.6286519169935252, 
        "exp+2": 2.053101017781416, 
        "obs": 1.3149617187600506
    }, 
    "1500.0": {
        "exp-2": 0.44657509817367813, 
        "exp-1": 0.5115493610538046, 
        "exp0": 0.610455777235718, 
        "exp+1": 0.7580724840458891, 
        "exp+2": 0.9565676130515192, 
        "obs": 0.6096709690346759
    }
}