{
    "2500.0": {
        "exp-2": 0.36758206858936615, 
        "exp-1": 0.4710193379151895, 
        "exp0": 0.8671523078444755, 
        "exp+1": 1.078232635432519, 
        "exp+2": 1.3215656089791248, 
        "obs": 1.031025659237085
    }
}