{
    "2500.0": {
        "exp-2": 0.6358578484443425, 
        "exp-1": 0.7217791208775138, 
        "exp0": 0.8537600797893152, 
        "exp+1": 1.0450300214187647, 
        "exp+2": 1.2963972935362016, 
        "obs": 0.855106931633837
    }
}