{
    "3000.0": {
        "exp-2": 0.7460451759384384, 
        "exp-1": 0.8545907100010073, 
        "exp0": 1.019823054505045, 
        "exp+1": 1.2647926513453567, 
        "exp+2": 1.593702053770025, 
        "obs": 1.0206209168918479
    }
}