{
    "2000.0": {
        "exp-2": 0.296278190539058, 
        "exp-1": 0.3777206986485057, 
        "exp0": 0.6914658386069875, 
        "exp+1": 0.8707936201820369, 
        "exp+2": 1.0696434101509977, 
        "obs": 0.6082198015894481
    }
}