{
    "5000.0": {
        "exp-2": 0.6826712350909785, 
        "exp-1": 0.851658177031763, 
        "exp0": 1.5370425993824257, 
        "exp+1": 1.8255009525393757, 
        "exp+2": 2.133333694438109, 
        "obs": 1.5617086233387354
    }
}