{
    "8000.0": {
        "exp-2": 1.8583242829562874, 
        "exp-1": 2.119313879006369, 
        "exp0": 2.5310570914145734, 
        "exp+1": 3.1431018684523653, 
        "exp+2": 3.956629952118713, 
        "obs": 2.5414174659651336
    }
}