{
    "2000.0": {
        "exp-2": 0.7116186211811203, 
        "exp-1": 0.7626073495935397, 
        "exp0": 0.8486547258750169, 
        "exp+1": 0.9819538981246242, 
        "exp+2": 1.1669070416277185, 
        "obs": 0.7112038993344298
    }
}