{
    "1000.0": {
        "exp-2": 0.36161411411555866, 
        "exp-1": 0.413458203253661, 
        "exp0": 0.4925222015701785, 
        "exp+1": 0.6124108814099996, 
        "exp+2": 0.7738460656155963, 
        "obs": 0.3921092889474802
    }
}