{
    "1500.0": {
        "exp-2": 0.3032191179594284, 
        "exp-1": 0.48307106415289713, 
        "exp0": 0.6017552351904145, 
        "exp+1": 0.731652509324987, 
        "exp+2": 0.8934914154831505, 
        "obs": 0.513259893113713
    }
}