{
    "3000.0": {
        "exp-2": 0.7484929520167508, 
        "exp-1": 0.8573946242466253, 
        "exp0": 1.0231690964840563, 
        "exp+1": 1.270585640496106, 
        "exp+2": 1.5994508545967085, 
        "obs": 1.02474123489864
    }
}