{
    "1500.0": {
        "exp-2": 0.4496092053105675, 
        "exp-1": 0.5127539029021683, 
        "exp0": 0.6123724356957945, 
        "exp+1": 0.7614348053504465, 
        "exp+2": 0.9621535879206902, 
        "obs": 0.6122455653977188
    }
}