{
    "2500.0": {
        "exp-2": 0.7601004208550921, 
        "exp-1": 0.8674792580777005, 
        "exp0": 1.0315340402323823, 
        "exp+1": 1.2809733580618807, 
        "exp+2": 1.6125272231058825, 
        "obs": 0.9661215529943814
    }
}