{
    "3500.0": {
        "exp-2": 0.7587381588861865, 
        "exp-1": 1.1565313770113017, 
        "exp0": 1.3572720890970453, 
        "exp+1": 1.627857996157806, 
        "exp+2": 1.9765591225576382, 
        "obs": 1.137002635125355
    }
}