{
    "1500.0": {
        "exp-2": 0.5560914392254487, 
        "exp-1": 0.6330459305474793, 
        "exp0": 0.7546729503042553, 
        "exp+1": 0.9371633879029648, 
        "exp+2": 1.1797290314696256, 
        "obs": 0.6564800430346184
    }
}