{
    "4000.0": {
        "exp-2": 0.5685546644362167, 
        "exp-1": 0.7224090978334702, 
        "exp0": 1.348610404765534, 
        "exp+1": 1.6725573706943986, 
        "exp+2": 2.0484211447475293, 
        "obs": 1.3697355799352093
    }
}