{
    "4000.0": {
        "exp-2": 0.7468684702950908, 
        "exp-1": 1.2455585251070533, 
        "exp0": 1.4937369405901817, 
        "exp+1": 1.7989597334540623, 
        "exp+2": 2.1914954617814724, 
        "obs": 1.2798676500385366
    }
}