{
    "5000.0": {
        "exp-2": 0.7089601622931644, 
        "exp-1": 0.9132593000530029, 
        "exp0": 1.6909686573085854, 
        "exp+1": 2.0862548815268425, 
        "exp+2": 2.5508307880071954, 
        "obs": 1.714987940107828
    }, 
    "3000.0": {
        "exp-2": 0.43456043703666813, 
        "exp-1": 0.558301729285206, 
        "exp0": 1.0307764064044151, 
        "exp+1": 1.2783771033090239, 
        "exp+2": 1.565659114138573, 
        "obs": 1.046933364129061
    }, 
    "2500.0": {
        "exp-2": 0.36758206858936615, 
        "exp-1": 0.4710193379151895, 
        "exp0": 0.8671523078444755, 
        "exp+1": 1.078232635432519, 
        "exp+2": 1.3215656089791248, 
        "obs": 1.031025659237085
    }, 
    "8000.0": {
        "exp-2": 1.1264638913154297, 
        "exp-1": 1.4510739525760659, 
        "exp0": 2.6867731575255847, 
        "exp+1": 3.3148418281759984, 
        "exp+2": 4.0424247633727575, 
        "obs": 2.7251179291212786
    }, 
    "4500.0": {
        "exp-2": 0.639719252997946, 
        "exp-1": 0.8240654246828433, 
        "exp0": 1.5258194519667128, 
        "exp+1": 1.8849630776186561, 
        "exp+2": 2.3027183266841647, 
        "obs": 1.5473252735007081
    }, 
    "3500.0": {
        "exp-2": 0.5040879033043865, 
        "exp-1": 0.6440720743192312, 
        "exp0": 1.195695404356812, 
        "exp+1": 1.4790629856504558, 
        "exp+2": 1.8099684959114666, 
        "obs": 1.2143093961059053
    }, 
    "1000.0": {
        "exp-2": 0.17351512374702474, 
        "exp-1": 0.22333466757783837, 
        "exp0": 0.37434839220971683, 
        "exp+1": 0.48023792087430545, 
        "exp+2": 0.5952710445117394, 
        "obs": 0.38223577698652256
    }, 
    "7500.0": {
        "exp-2": 1.0572884595599963, 
        "exp-1": 1.3619644232317252, 
        "exp0": 2.521780125229002, 
        "exp+1": 3.107203199555452, 
        "exp+2": 3.792472264710854, 
        "obs": 2.556424922947625
    }, 
    "2000.0": {
        "exp-2": 0.3011994860073532, 
        "exp-1": 0.3839947874688974, 
        "exp0": 0.7029513674501245, 
        "exp+1": 0.8785576022895548, 
        "exp+2": 1.079713508082928, 
        "obs": 0.8429674069120133
    }, 
    "6000.0": {
        "exp-2": 0.8482950501962746, 
        "exp-1": 1.092745946788929, 
        "exp0": 2.023301757029831, 
        "exp+1": 2.496275225088301, 
        "exp+2": 3.048175084459556, 
        "obs": 2.0510471030031376
    }, 
    "4000.0": {
        "exp-2": 0.5736604428675011, 
        "exp-1": 0.7329647646185543, 
        "exp0": 1.3607213160673275, 
        "exp+1": 1.6810045623308911, 
        "exp+2": 2.056223132297101, 
        "obs": 1.379949811998203
    }, 
    "1500.0": {
        "exp-2": 0.23521983152069684, 
        "exp-1": 0.301556467579014, 
        "exp0": 0.5376453291901642, 
        "exp+1": 0.6796284573221312, 
        "exp+2": 0.8365245433428659, 
        "obs": 0.5480819659314037
    }, 
    "9000.0": {
        "exp-2": 1.2664927580724652, 
        "exp-1": 1.6314545601804524, 
        "exp0": 3.020761493398643, 
        "exp+1": 3.7220213790025376, 
        "exp+2": 4.542883730328157, 
        "obs": 3.062740224754894
    }, 
    "8500.0": {
        "exp-2": 1.1973787288542002, 
        "exp-1": 1.5424241275768007, 
        "exp0": 2.8559149146989657, 
        "exp+1": 3.5189062107571125, 
        "exp+2": 4.294973167539897, 
        "obs": 2.893888991000398
    }, 
    "5500.0": {
        "exp-2": 0.7790986002466248, 
        "exp-1": 1.0036093424940347, 
        "exp0": 1.8582585934148133, 
        "exp+1": 2.2926510748385267, 
        "exp+2": 2.7995318361990615, 
        "obs": 1.882908701613007
    }, 
    "7000.0": {
        "exp-2": 0.9874394265441045, 
        "exp-1": 1.2719871827685378, 
        "exp0": 2.3551804601770967, 
        "exp+1": 2.9057349292082373, 
        "exp+2": 3.543521993524424, 
        "obs": 2.387839181217642
    }, 
    "6500.0": {
        "exp-2": 0.9182595948824874, 
        "exp-1": 1.1828719856089158, 
        "exp0": 2.190176933491904, 
        "exp+1": 2.698619372981887, 
        "exp+2": 3.2937785427876327, 
        "obs": 2.219378008753201
    }
}