{
    "5000.0": {
        "exp-2": 1.4639215847339637, 
        "exp-1": 1.6676938547351363, 
        "exp0": 1.9795833015267925, 
        "exp+1": 2.4550949253912537, 
        "exp+2": 3.0935425351641954, 
        "obs": 1.7252818054772205
    }, 
    "3000.0": {
        "exp-2": 0.926132232190867, 
        "exp-1": 1.0569662272887281, 
        "exp0": 1.2568561875402222, 
        "exp+1": 1.5567419385307708, 
        "exp+2": 1.9634807250046025, 
        "obs": 1.0919723745217536
    }, 
    "2500.0": {
        "exp-2": 0.7976788225258648, 
        "exp-1": 0.910366312434144, 
        "exp0": 1.0825317547305484, 
        "exp+1": 1.3408237354432138, 
        "exp+2": 1.6911483462304926, 
        "obs": 0.9401953406433935
    }, 
    "4500.0": {
        "exp-2": 1.3299619649166663, 
        "exp-1": 1.5113042218725536, 
        "exp0": 1.79843682124227, 
        "exp+1": 2.2275436648831786, 
        "exp+2": 2.802762787040223, 
        "obs": 1.5645110648241816
    }, 
    "3500.0": {
        "exp-2": 1.0596238645741234, 
        "exp-1": 1.2071193922137158, 
        "exp0": 1.432872954812313, 
        "exp+1": 1.7770604169768505, 
        "exp+2": 2.2391850908451567, 
        "obs": 1.2472766005576974
    }, 
    "1000.0": {
        "exp-2": 0.4482019776237687, 
        "exp-1": 0.5111490529111014, 
        "exp0": 0.610455777235718, 
        "exp+1": 0.7570921236646551, 
        "exp+2": 0.9539739861210466, 
        "obs": 0.5357115104635443
    }, 
    "2000.0": {
        "exp-2": 0.6730821322407203, 
        "exp-1": 0.7681679437240058, 
        "exp0": 0.9134413083728248, 
        "exp+1": 1.1328571705396397, 
        "exp+2": 1.4274568092239104, 
        "obs": 0.7939075644249943
    }, 
    "4000.0": {
        "exp-2": 1.1938563434308167, 
        "exp-1": 1.35664040005037, 
        "exp0": 1.6143884438646467, 
        "exp+1": 2.002177364537458, 
        "exp+2": 2.5228438018516446, 
        "obs": 1.405027339012307
    }, 
    "1500.0": {
        "exp-2": 0.5560914392254487, 
        "exp-1": 0.6330459305474793, 
        "exp0": 0.7546729503042553, 
        "exp+1": 0.9359513843761106, 
        "exp+2": 1.1793456434872853, 
        "obs": 0.6561644840471853
    }
}