{
    "2000.0": {
        "exp-2": 0.38956104340595393, 
        "exp-1": 0.6358398268765116, 
        "exp0": 0.7791220868119079, 
        "exp+1": 0.9434673176488882, 
        "exp+2": 1.1503089137437252, 
        "obs": 0.6652230061995505
    }
}