{
    "2500.0": {
        "exp-2": 0.6437424196334001, 
        "exp-1": 0.734151887481514, 
        "exp0": 0.8767839026356089, 
        "exp+1": 1.0902087513049112, 
        "exp+2": 1.374332135734681, 
        "obs": 0.8783560436828666
    }
}