{
    "4000.0": {
        "exp-2": 0.5563630064282447, 
        "exp-1": 0.695134343672188, 
        "exp0": 1.2716868718359877, 
        "exp+1": 1.5399319279475967, 
        "exp+2": 1.8265204275489004, 
        "obs": 1.2931395389408875
    }
}