{
    "5000.0": {
        "exp-2": 0.9274460836507269, 
        "exp-1": 1.5467092251814343, 
        "exp0": 1.8548921673014538, 
        "exp+1": 2.233911639632168, 
        "exp+2": 2.717424266781122, 
        "obs": 1.5922836392762005
    }
}