{
    "1500.0": {
        "exp-2": 0.4467903177013961, 
        "exp-1": 0.5095391190478933, 
        "exp0": 0.608533082026712, 
        "exp+1": 0.7566608841782938, 
        "exp+2": 0.9561212378183627, 
        "obs": 0.5045614020871664
    }
}