{
    "5000.0": {
        "exp-2": 0.8419977210736169, 
        "exp-1": 0.955646011896143, 
        "exp+2": 1.5971320508984832, 
        "exp+1": 1.4443873723924765, 
        "exp0": 1.3003725071334695, 
        "obs": 1.3095754808745572
    }, 
    "3000.0": {
        "exp-2": 0.6592119818667347, 
        "exp-1": 0.7471959109130657, 
        "exp+2": 1.25126300758017, 
        "exp+1": 1.1306533966291454, 
        "exp0": 1.0152715924344653, 
        "obs": 1.0231976173394175
    }, 
    "2500.0": {
        "exp-2": 0.6062854679021806, 
        "exp-1": 0.6863084859705506, 
        "exp+2": 1.1495936712504662, 
        "exp+1": 1.038379812704638, 
        "exp0": 0.9312101308751294, 
        "obs": 1.0153943368155471
    }, 
    "8000.0": {
        "exp-2": 1.0613500324188196, 
        "exp-1": 1.2046053098737635, 
        "exp+2": 2.010578216178808, 
        "exp+1": 1.82067070833141, 
        "exp0": 1.6391379312082266, 
        "obs": 1.6507931212363585
    }, 
    "4500.0": {
        "exp-2": 0.799824513876604, 
        "exp-1": 0.907780493667298, 
        "exp+2": 1.5174710299324217, 
        "exp+1": 1.3729395753705465, 
        "exp0": 1.2352406453670122, 
        "obs": 1.2439152999705037
    }, 
    "3500.0": {
        "exp-2": 0.709991481149166, 
        "exp-1": 0.8025410109889907, 
        "exp+2": 1.345350696254128, 
        "exp+1": 1.2161673345598687, 
        "exp0": 1.09347857974302, 
        "obs": 1.1019570754371084
    }, 
    "1000.0": {
        "exp-2": 0.41655146590430425, 
        "exp-1": 0.4725829742784206, 
        "exp+2": 0.7715381030848311, 
        "exp+1": 0.6929920063567151, 
        "exp0": 0.6118401688429069, 
        "obs": 0.6182521952945437
    }, 
    "7500.0": {
        "exp-2": 1.028245330434326, 
        "exp-1": 1.1670323145619084, 
        "exp+2": 1.9474270884197062, 
        "exp+1": 1.7627260704815857, 
        "exp0": 1.588011374401645, 
        "obs": 1.5988823980980043
    }, 
    "2000.0": {
        "exp-2": 0.5488164410869568, 
        "exp-1": 0.6196731295359654, 
        "exp+2": 1.0390926369111313, 
        "exp+1": 0.9373140361103929, 
        "exp0": 0.838421950720593, 
        "obs": 0.9181325649992017
    }, 
    "6000.0": {
        "exp-2": 0.9210293427444506, 
        "exp-1": 1.0453448937020398, 
        "exp+2": 1.7459023696815226, 
        "exp+1": 1.579960513775044, 
        "exp0": 1.4224281201627837, 
        "obs": 1.4321477238759757
    }, 
    "4000.0": {
        "exp-2": 0.7574037515536222, 
        "exp-1": 0.8561336137651379, 
        "exp+2": 1.4339536716006904, 
        "exp+1": 1.296535600101629, 
        "exp0": 1.166499599685884, 
        "obs": 1.174712650820703
    }, 
    "1500.0": {
        "exp-2": 0.48499467164155197, 
        "exp-1": 0.5491415733479064, 
        "exp+2": 0.9146171567070377, 
        "exp+1": 0.8243958135035204, 
        "exp0": 0.7332430219171295, 
        "obs": 0.7403255810326992
    }, 
    "9000.0": {
        "exp-2": 1.1253856041697288, 
        "exp-1": 1.2772840561834522, 
        "exp+2": 2.131404168694468, 
        "exp+1": 1.9292540991280898, 
        "exp0": 1.7380338009942853, 
        "obs": 1.7500686342983507
    }, 
    "8500.0": {
        "exp-2": 1.0942480198082152, 
        "exp-1": 1.2419436893743616, 
        "exp+2": 2.0724317039506746, 
        "exp+1": 1.8758747854686657, 
        "exp0": 1.689945240148025, 
        "obs": 1.701143436339334
    }, 
    "5500.0": {
        "exp-2": 0.882665621992057, 
        "exp-1": 1.001803045760011, 
        "exp+2": 1.6731801565279998, 
        "exp+1": 1.5141502814577312, 
        "exp0": 1.3631795895680119, 
        "obs": 1.372191204465692
    }, 
    "7000.0": {
        "exp-2": 0.993699867436896, 
        "exp-1": 1.1278240921209912, 
        "exp+2": 1.882424498758031, 
        "exp+1": 1.704621638137988, 
        "exp0": 1.5346597212988606, 
        "obs": 1.5452634666029097
    }, 
    "6500.0": {
        "exp-2": 0.958258626302152, 
        "exp-1": 1.0875991842627117, 
        "exp+2": 1.8148770048649667, 
        "exp+1": 1.642747507373512, 
        "exp0": 1.4799246377744726, 
        "obs": 1.4897577013572378
    }
}