{
    "2500.0": {
        "exp-2": 0.3606634676827263, 
        "exp-1": 0.4551292685392637, 
        "exp0": 0.8329165767601566, 
        "exp+1": 1.0303093058774089, 
        "exp+2": 1.2444754588618252, 
        "obs": 0.8486571111254433
    }
}