{
    "5000.0": {
        "exp-2": 0.6826712350909785, 
        "exp-1": 0.851658177031763, 
        "exp0": 1.5370425993824257, 
        "exp+1": 1.8255009525393757, 
        "exp+2": 2.133333694438109, 
        "obs": 1.5617086233387354
    }, 
    "3000.0": {
        "exp-2": 0.42737302801899535, 
        "exp-1": 0.5377054132468229, 
        "exp0": 0.9921567416492215, 
        "exp+1": 1.2208767942866707, 
        "exp+2": 1.47559038082037, 
        "obs": 1.0097292438907068
    }, 
    "2500.0": {
        "exp-2": 0.3606634676827263, 
        "exp-1": 0.4551292685392637, 
        "exp0": 0.8329165767601566, 
        "exp+1": 1.0303093058774089, 
        "exp+2": 1.2444754588618252, 
        "obs": 0.8486571111254433
    }, 
    "4500.0": {
        "exp-2": 0.6157271092349881, 
        "exp-1": 0.768142841898561, 
        "exp0": 1.3863170633011772, 
        "exp+1": 1.648813286203699, 
        "exp+2": 1.925494932977809, 
        "obs": 1.4088877394485795
    }, 
    "3500.0": {
        "exp-2": 0.48852807482239846, 
        "exp-1": 0.6135972782011231, 
        "exp0": 1.1166355930578766, 
        "exp+1": 1.3540112577418304, 
        "exp+2": 1.6095422454153265, 
        "obs": 1.1364318055650142
    }, 
    "1000.0": {
        "exp-2": 0.17281349215472758, 
        "exp-1": 0.2195370344166933, 
        "exp0": 0.3694907853793275, 
        "exp+1": 0.47857648501388717, 
        "exp+2": 0.5925974199627688, 
        "obs": 0.37826284464367715
    }, 
    "2000.0": {
        "exp-2": 0.2984487456554666, 
        "exp-1": 0.3784492528966242, 
        "exp0": 0.6965315772304017, 
        "exp+1": 0.8738599230011743, 
        "exp+2": 1.0711019347342108, 
        "obs": 0.708361277293267
    }, 
    "4000.0": {
        "exp-2": 0.5563630064282447, 
        "exp-1": 0.695134343672188, 
        "exp0": 1.2716868718359877, 
        "exp+1": 1.5399319279475967, 
        "exp+2": 1.8265204275489004, 
        "obs": 1.2931395389408875
    }, 
    "1500.0": {
        "exp-2": 0.23416983048387807, 
        "exp-1": 0.29722889085495136, 
        "exp0": 0.5325352045072096, 
        "exp+1": 0.6765189802167346, 
        "exp+2": 0.8335469369515909, 
        "obs": 0.543623801553611
    }
}