{
    "4500.0": {
        "exp-2": 1.07107066012035, 
        "exp-1": 1.2214955923787127, 
        "exp0": 1.458809429746149, 
        "exp+1": 1.81390964018457, 
        "exp+2": 2.2811987884207903, 
        "obs": 1.4643899446048234
    }
}