{
    "4000.0": {
        "exp-2": 0.9590619399639941, 
        "exp-1": 1.0986002599343994, 
        "exp0": 1.3110110602126894, 
        "exp+1": 1.6280317634933033, 
        "exp+2": 2.0494146534817004, 
        "obs": 1.314246482653753
    }
}