{
    "2500.0": {
        "exp-2": 0.7992725954533935, 
        "exp-1": 0.9098796178504301, 
        "exp0": 1.08469467947608, 
        "exp+1": 1.3452469671328984, 
        "exp+2": 1.6950785391962164, 
        "obs": 0.9409040484843585
    }
}