{
    "3000.0": {
        "exp-2": 0.7472851413186321, 
        "exp-1": 0.8544223255481156, 
        "exp0": 1.0178101727157751, 
        "exp+1": 1.2655633040095973, 
        "exp+2": 1.5991734247162581, 
        "obs": 1.0213901629647433
    }
}