{
    "4500.0": {
        "exp-2": 0.9667317686411262, 
        "exp-1": 1.473572382816016, 
        "exp0": 1.7293423329788027, 
        "exp+1": 2.071228515660914, 
        "exp+2": 2.5170357107267045, 
        "obs": 1.4455806689115283
    }
}