{
    "4000.0": {
        "exp-2": 0.9555680592190768, 
        "exp-1": 1.094598059892181, 
        "exp0": 1.306235029508964, 
        "exp+1": 1.6221008849090595, 
        "exp+2": 2.041948636364545, 
        "obs": 1.0679042103140932
    }
}