{
    "3000.0": {
        "exp-2": 0.2971126207750659, 
        "exp-1": 0.33955160277483665, 
        "exp0": 0.3934274472504429, 
        "exp+1": 0.456576863218958, 
        "exp+2": 0.5185510380216005, 
        "obs": 0.39627164386086844
    }, 
    "2500.0": {
        "exp-2": 0.2514226489174591, 
        "exp-1": 0.28668716422993384, 
        "exp0": 0.3329261836353518, 
        "exp+1": 0.3857923064688864, 
        "exp+2": 0.4384206893427944, 
        "obs": 0.33476834215659224
    }, 
    "3500.0": {
        "exp-2": 0.3436168065820195, 
        "exp-1": 0.39269835495688016, 
        "exp0": 0.4550068680800324, 
        "exp+1": 0.5280404751194118, 
        "exp+2": 0.5997148601180617, 
        "obs": 0.45801091105946395
    }, 
    "1000.0": {
        "exp-2": 0.11998611369849742, 
        "exp-1": 0.13541158030812198, 
        "exp0": 0.15780476466190746, 
        "exp+1": 0.182319326799962, 
        "exp+2": 0.2070401657631878, 
        "obs": 0.1589416346723378
    }, 
    "2000.0": {
        "exp-2": 0.2064130658649438, 
        "exp-1": 0.23536454160999037, 
        "exp0": 0.27332587007087344, 
        "exp+1": 0.3162574771517372, 
        "exp+2": 0.359616322969274, 
        "obs": 0.2745215199283749
    }, 
    "4000.0": {
        "exp-2": 0.3899310241738675, 
        "exp-1": 0.44562800423785165, 
        "exp0": 0.516334738808072, 
        "exp+1": 0.5992121421320312, 
        "exp+2": 0.6805471267848622, 
        "obs": 0.5196763239080958
    }, 
    "1500.0": {
        "exp-2": 0.16202699337465734, 
        "exp-1": 0.18448697585369964, 
        "exp0": 0.213096589015404, 
        "exp+1": 0.24839640193464493, 
        "exp+2": 0.28161160746806363, 
        "obs": 0.2155519802186884
    }
}